[2026-09-18T08:43:49.025+0000] {processor.py:161} INFO - Started process (PID=201) to work on /opt/airflow/dags/meteorisk_dag.py
[2026-09-18T08:43:49.027+0000] {processor.py:830} INFO - Processing file /opt/airflow/dags/meteorisk_dag.py for tasks to queue
[2026-09-18T08:43:49.032+0000] {logging_mixin.py:188} INFO - [2026-09-18T08:43:49.031+0000] {dagbag.py:545} INFO - Filling up the DagBag from /opt/airflow/dags/meteorisk_dag.py
[2026-09-18T08:43:49.087+0000] {processor.py:840} INFO - DAG(s) 'meteorisk_pipeline' retrieved from /opt/airflow/dags/meteorisk_dag.py
[2026-09-18T08:43:49.162+0000] {logging_mixin.py:188} INFO - [2026-09-18T08:43:49.162+0000] {dag.py:3089} INFO - Sync 1 DAGs
[2026-09-18T08:43:49.209+0000] {logging_mixin.py:188} INFO - [2026-09-18T08:43:49.208+0000] {dag.py:3947} INFO - Setting next_dagrun for meteorisk_pipeline to 2026-09-18 00:00:00+00:00, run_after=2026-09-19 00:00:00+00:00
[2026-09-18T08:43:49.253+0000] {processor.py:183} INFO - Processing /opt/airflow/dags/meteorisk_dag.py took 0.238 seconds
[2026-09-18T08:44:19.486+0000] {processor.py:161} INFO - Started process (PID=266) to work on /opt/airflow/dags/meteorisk_dag.py
[2026-09-18T08:44:19.488+0000] {processor.py:830} INFO - Processing file /opt/airflow/dags/meteorisk_dag.py for tasks to queue
[2026-09-18T08:44:19.493+0000] {logging_mixin.py:188} INFO - [2026-09-18T08:44:19.493+0000] {dagbag.py:545} INFO - Filling up the DagBag from /opt/airflow/dags/meteorisk_dag.py
[2026-09-18T08:44:19.529+0000] {processor.py:840} INFO - DAG(s) 'meteorisk_pipeline' retrieved from /opt/airflow/dags/meteorisk_dag.py
[2026-09-18T08:44:19.701+0000] {logging_mixin.py:188} INFO - [2026-09-18T08:44:19.701+0000] {dag.py:3089} INFO - Sync 1 DAGs
[2026-09-18T08:44:19.731+0000] {logging_mixin.py:188} INFO - [2026-09-18T08:44:19.731+0000] {dag.py:3947} INFO - Setting next_dagrun for meteorisk_pipeline to 2026-09-18 00:00:00+00:00, run_after=2026-09-19 00:00:00+00:00
[2026-09-18T08:44:19.765+0000] {processor.py:183} INFO - Processing /opt/airflow/dags/meteorisk_dag.py took 0.293 seconds
[2026-09-18T08:44:50.080+0000] {processor.py:161} INFO - Started process (PID=271) to work on /opt/airflow/dags/meteorisk_dag.py
[2026-09-18T08:44:50.082+0000] {processor.py:830} INFO - Processing file /opt/airflow/dags/meteorisk_dag.py for tasks to queue
[2026-09-18T08:44:50.084+0000] {logging_mixin.py:188} INFO - [2026-09-18T08:44:50.084+0000] {dagbag.py:545} INFO - Filling up the DagBag from /opt/airflow/dags/meteorisk_dag.py
[2026-09-18T08:44:50.119+0000] {processor.py:840} INFO - DAG(s) 'meteorisk_pipeline' retrieved from /opt/airflow/dags/meteorisk_dag.py
[2026-09-18T08:44:50.181+0000] {logging_mixin.py:188} INFO - [2026-09-18T08:44:50.181+0000] {dag.py:3089} INFO - Sync 1 DAGs
[2026-09-18T08:44:50.212+0000] {logging_mixin.py:188} INFO - [2026-09-18T08:44:50.212+0000] {dag.py:3947} INFO - Setting next_dagrun for meteorisk_pipeline to 2026-09-18 00:00:00+00:00, run_after=2026-09-19 00:00:00+00:00
[2026-09-18T08:44:50.247+0000] {processor.py:183} INFO - Processing /opt/airflow/dags/meteorisk_dag.py took 0.176 seconds
[2026-09-18T08:45:20.477+0000] {processor.py:161} INFO - Started process (PID=321) to work on /opt/airflow/dags/meteorisk_dag.py
[2026-09-18T08:45:20.479+0000] {processor.py:830} INFO - Processing file /opt/airflow/dags/meteorisk_dag.py for tasks to queue
[2026-09-18T08:45:20.482+0000] {logging_mixin.py:188} INFO - [2026-09-18T08:45:20.481+0000] {dagbag.py:545} INFO - Filling up the DagBag from /opt/airflow/dags/meteorisk_dag.py
[2026-09-18T08:45:20.512+0000] {processor.py:840} INFO - DAG(s) 'meteorisk_pipeline' retrieved from /opt/airflow/dags/meteorisk_dag.py
[2026-09-18T08:45:20.555+0000] {logging_mixin.py:188} INFO - [2026-09-18T08:45:20.555+0000] {dag.py:3089} INFO - Sync 1 DAGs
[2026-09-18T08:45:20.585+0000] {logging_mixin.py:188} INFO - [2026-09-18T08:45:20.584+0000] {dag.py:3947} INFO - Setting next_dagrun for meteorisk_pipeline to 2026-09-18 00:00:00+00:00, run_after=2026-09-19 00:00:00+00:00
[2026-09-18T08:45:20.613+0000] {processor.py:183} INFO - Processing /opt/airflow/dags/meteorisk_dag.py took 0.145 seconds
[2026-09-18T08:45:50.853+0000] {processor.py:161} INFO - Started process (PID=326) to work on /opt/airflow/dags/meteorisk_dag.py
[2026-09-18T08:45:50.855+0000] {processor.py:830} INFO - Processing file /opt/airflow/dags/meteorisk_dag.py for tasks to queue
[2026-09-18T08:45:50.861+0000] {logging_mixin.py:188} INFO - [2026-09-18T08:45:50.860+0000] {dagbag.py:545} INFO - Filling up the DagBag from /opt/airflow/dags/meteorisk_dag.py
[2026-09-18T08:45:50.905+0000] {processor.py:840} INFO - DAG(s) 'meteorisk_pipeline' retrieved from /opt/airflow/dags/meteorisk_dag.py
[2026-09-18T08:45:50.967+0000] {logging_mixin.py:188} INFO - [2026-09-18T08:45:50.966+0000] {dag.py:3089} INFO - Sync 1 DAGs
[2026-09-18T08:45:50.959+0000] {logging_mixin.py:188} INFO - [2026-09-18T08:45:50.959+0000] {dag.py:3947} INFO - Setting next_dagrun for meteorisk_pipeline to 2026-09-18 00:00:00+00:00, run_after=2026-09-19 00:00:00+00:00
[2026-09-18T08:45:50.991+0000] {processor.py:183} INFO - Processing /opt/airflow/dags/meteorisk_dag.py took 0.210 seconds
[2026-09-18T08:46:21.250+0000] {processor.py:161} INFO - Started process (PID=331) to work on /opt/airflow/dags/meteorisk_dag.py
[2026-09-18T08:46:21.252+0000] {processor.py:830} INFO - Processing file /opt/airflow/dags/meteorisk_dag.py for tasks to queue
[2026-09-18T08:46:21.255+0000] {logging_mixin.py:188} INFO - [2026-09-18T08:46:21.255+0000] {dagbag.py:545} INFO - Filling up the DagBag from /opt/airflow/dags/meteorisk_dag.py
[2026-09-18T08:46:21.291+0000] {processor.py:840} INFO - DAG(s) 'meteorisk_pipeline' retrieved from /opt/airflow/dags/meteorisk_dag.py
[2026-09-18T08:46:21.339+0000] {logging_mixin.py:188} INFO - [2026-09-18T08:46:21.338+0000] {dag.py:3089} INFO - Sync 1 DAGs
[2026-09-18T08:46:21.375+0000] {logging_mixin.py:188} INFO - [2026-09-18T08:46:21.375+0000] {dag.py:3947} INFO - Setting next_dagrun for meteorisk_pipeline to 2026-09-18 00:00:00+00:00, run_after=2026-09-19 00:00:00+00:00
[2026-09-18T08:46:21.412+0000] {processor.py:183} INFO - Processing /opt/airflow/dags/meteorisk_dag.py took 0.170 seconds
[2026-09-18T08:46:51.663+0000] {processor.py:161} INFO - Started process (PID=336) to work on /opt/airflow/dags/meteorisk_dag.py
[2026-09-18T08:46:51.665+0000] {processor.py:830} INFO - Processing file /opt/airflow/dags/meteorisk_dag.py for tasks to queue
[2026-09-18T08:46:51.668+0000] {logging_mixin.py:188} INFO - [2026-09-18T08:46:51.667+0000] {dagbag.py:545} INFO - Filling up the DagBag from /opt/airflow/dags/meteorisk_dag.py
[2026-09-18T08:46:51.708+0000] {processor.py:840} INFO - DAG(s) 'meteorisk_pipeline' retrieved from /opt/airflow/dags/meteorisk_dag.py
[2026-09-18T08:46:51.756+0000] {logging_mixin.py:188} INFO - [2026-09-18T08:46:51.755+0000] {dag.py:3089} INFO - Sync 1 DAGs
[2026-09-18T08:46:51.789+0000] {logging_mixin.py:188} INFO - [2026-09-18T08:46:51.789+0000] {dag.py:3947} INFO - Setting next_dagrun for meteorisk_pipeline to 2026-09-18 00:00:00+00:00, run_after=2026-09-19 00:00:00+00:00
[2026-09-18T08:46:51.823+0000] {processor.py:183} INFO - Processing /opt/airflow/dags/meteorisk_dag.py took 0.169 seconds
[2026-09-18T08:47:21.896+0000] {processor.py:161} INFO - Started process (PID=341) to work on /opt/airflow/dags/meteorisk_dag.py
[2026-09-18T08:47:21.898+0000] {processor.py:830} INFO - Processing file /opt/airflow/dags/meteorisk_dag.py for tasks to queue
[2026-09-18T08:47:21.902+0000] {logging_mixin.py:188} INFO - [2026-09-18T08:47:21.901+0000] {dagbag.py:545} INFO - Filling up the DagBag from /opt/airflow/dags/meteorisk_dag.py
[2026-09-18T08:47:21.935+0000] {processor.py:840} INFO - DAG(s) 'meteorisk_pipeline' retrieved from /opt/airflow/dags/meteorisk_dag.py
[2026-09-18T08:47:21.980+0000] {logging_mixin.py:188} INFO - [2026-09-18T08:47:21.980+0000] {dag.py:3089} INFO - Sync 1 DAGs
[2026-09-18T08:47:22.009+0000] {logging_mixin.py:188} INFO - [2026-09-18T08:47:22.008+0000] {dag.py:3947} INFO - Setting next_dagrun for meteorisk_pipeline to 2026-09-18 00:00:00+00:00, run_after=2026-09-19 00:00:00+00:00
[2026-09-18T08:47:22.042+0000] {processor.py:183} INFO - Processing /opt/airflow/dags/meteorisk_dag.py took 0.155 seconds
[2026-09-18T08:47:52.285+0000] {processor.py:161} INFO - Started process (PID=346) to work on /opt/airflow/dags/meteorisk_dag.py
[2026-09-18T08:47:52.287+0000] {processor.py:830} INFO - Processing file /opt/airflow/dags/meteorisk_dag.py for tasks to queue
[2026-09-18T08:47:52.289+0000] {logging_mixin.py:188} INFO - [2026-09-18T08:47:52.289+0000] {dagbag.py:545} INFO - Filling up the DagBag from /opt/airflow/dags/meteorisk_dag.py
[2026-09-18T08:47:52.324+0000] {processor.py:840} INFO - DAG(s) 'meteorisk_pipeline' retrieved from /opt/airflow/dags/meteorisk_dag.py
[2026-09-18T08:47:52.365+0000] {logging_mixin.py:188} INFO - [2026-09-18T08:47:52.365+0000] {dag.py:3089} INFO - Sync 1 DAGs
[2026-09-18T08:47:52.395+0000] {logging_mixin.py:188} INFO - [2026-09-18T08:47:52.394+0000] {dag.py:3947} INFO - Setting next_dagrun for meteorisk_pipeline to 2026-09-18 00:00:00+00:00, run_after=2026-09-19 00:00:00+00:00
[2026-09-18T08:47:52.424+0000] {processor.py:183} INFO - Processing /opt/airflow/dags/meteorisk_dag.py took 0.146 seconds
[2026-09-18T08:48:22.620+0000] {processor.py:161} INFO - Started process (PID=351) to work on /opt/airflow/dags/meteorisk_dag.py
[2026-09-18T08:48:22.623+0000] {processor.py:830} INFO - Processing file /opt/airflow/dags/meteorisk_dag.py for tasks to queue
[2026-09-18T08:48:22.629+0000] {logging_mixin.py:188} INFO - [2026-09-18T08:48:22.628+0000] {dagbag.py:545} INFO - Filling up the DagBag from /opt/airflow/dags/meteorisk_dag.py
[2026-09-18T08:48:22.679+0000] {processor.py:840} INFO - DAG(s) 'meteorisk_pipeline' retrieved from /opt/airflow/dags/meteorisk_dag.py
[2026-09-18T08:48:22.735+0000] {logging_mixin.py:188} INFO - [2026-09-18T08:48:22.735+0000] {dag.py:3089} INFO - Sync 1 DAGs
[2026-09-18T08:48:22.777+0000] {logging_mixin.py:188} INFO - [2026-09-18T08:48:22.777+0000] {dag.py:3947} INFO - Setting next_dagrun for meteorisk_pipeline to 2026-09-18 00:00:00+00:00, run_after=2026-09-19 00:00:00+00:00
[2026-09-18T08:48:22.816+0000] {processor.py:183} INFO - Processing /opt/airflow/dags/meteorisk_dag.py took 0.207 seconds
[2026-09-18T08:48:53.042+0000] {processor.py:161} INFO - Started process (PID=356) to work on /opt/airflow/dags/meteorisk_dag.py
[2026-09-18T08:48:53.044+0000] {processor.py:830} INFO - Processing file /opt/airflow/dags/meteorisk_dag.py for tasks to queue
[2026-09-18T08:48:53.047+0000] {logging_mixin.py:188} INFO - [2026-09-18T08:48:53.046+0000] {dagbag.py:545} INFO - Filling up the DagBag from /opt/airflow/dags/meteorisk_dag.py
[2026-09-18T08:48:53.088+0000] {processor.py:840} INFO - DAG(s) 'meteorisk_pipeline' retrieved from /opt/airflow/dags/meteorisk_dag.py
[2026-09-18T08:48:53.140+0000] {logging_mixin.py:188} INFO - [2026-09-18T08:48:53.139+0000] {dag.py:3089} INFO - Sync 1 DAGs
[2026-09-18T08:48:53.171+0000] {logging_mixin.py:188} INFO - [2026-09-18T08:48:53.171+0000] {dag.py:3947} INFO - Setting next_dagrun for meteorisk_pipeline to 2026-09-18 00:00:00+00:00, run_after=2026-09-19 00:00:00+00:00
[2026-09-18T08:48:53.202+0000] {processor.py:183} INFO - Processing /opt/airflow/dags/meteorisk_dag.py took 0.168 seconds
[2026-09-18T08:49:23.361+0000] {processor.py:161} INFO - Started process (PID=361) to work on /opt/airflow/dags/meteorisk_dag.py
[2026-09-18T08:49:23.363+0000] {processor.py:830} INFO - Processing file /opt/airflow/dags/meteorisk_dag.py for tasks to queue
[2026-09-18T08:49:23.366+0000] {logging_mixin.py:188} INFO - [2026-09-18T08:49:23.366+0000] {dagbag.py:545} INFO - Filling up the DagBag from /opt/airflow/dags/meteorisk_dag.py
[2026-09-18T08:49:23.412+0000] {processor.py:840} INFO - DAG(s) 'meteorisk_pipeline' retrieved from /opt/airflow/dags/meteorisk_dag.py
[2026-09-18T08:49:23.465+0000] {logging_mixin.py:188} INFO - [2026-09-18T08:49:23.465+0000] {dag.py:3089} INFO - Sync 1 DAGs
[2026-09-18T08:49:23.510+0000] {logging_mixin.py:188} INFO - [2026-09-18T08:49:23.510+0000] {dag.py:3947} INFO - Setting next_dagrun for meteorisk_pipeline to 2026-09-18 00:00:00+00:00, run_after=2026-09-19 00:00:00+00:00
[2026-09-18T08:49:23.567+0000] {processor.py:183} INFO - Processing /opt/airflow/dags/meteorisk_dag.py took 0.215 seconds
[2026-09-18T08:49:53.834+0000] {processor.py:161} INFO - Started process (PID=366) to work on /opt/airflow/dags/meteorisk_dag.py
[2026-09-18T08:49:53.836+0000] {processor.py:830} INFO - Processing file /opt/airflow/dags/meteorisk_dag.py for tasks to queue
[2026-09-18T08:49:53.840+0000] {logging_mixin.py:188} INFO - [2026-09-18T08:49:53.839+0000] {dagbag.py:545} INFO - Filling up the DagBag from /opt/airflow/dags/meteorisk_dag.py
[2026-09-18T08:49:53.886+0000] {processor.py:840} INFO - DAG(s) 'meteorisk_pipeline' retrieved from /opt/airflow/dags/meteorisk_dag.py
[2026-09-18T08:49:53.941+0000] {logging_mixin.py:188} INFO - [2026-09-18T08:49:53.941+0000] {dag.py:3089} INFO - Sync 1 DAGs
[2026-09-18T08:49:53.983+0000] {logging_mixin.py:188} INFO - [2026-09-18T08:49:53.982+0000] {dag.py:3947} INFO - Setting next_dagrun for meteorisk_pipeline to 2026-09-18 00:00:00+00:00, run_after=2026-09-19 00:00:00+00:00
[2026-09-18T08:49:54.024+0000] {processor.py:183} INFO - Processing /opt/airflow/dags/meteorisk_dag.py took 0.203 seconds
[2026-09-18T08:50:24.166+0000] {processor.py:161} INFO - Started process (PID=371) to work on /opt/airflow/dags/meteorisk_dag.py
[2026-09-18T08:50:24.169+0000] {processor.py:830} INFO - Processing file /opt/airflow/dags/meteorisk_dag.py for tasks to queue
[2026-09-18T08:50:24.172+0000] {logging_mixin.py:188} INFO - [2026-09-18T08:50:24.172+0000] {dagbag.py:545} INFO - Filling up the DagBag from /opt/airflow/dags/meteorisk_dag.py
[2026-09-18T08:50:24.223+0000] {processor.py:840} INFO - DAG(s) 'meteorisk_pipeline' retrieved from /opt/airflow/dags/meteorisk_dag.py
[2026-09-18T08:50:24.274+0000] {logging_mixin.py:188} INFO - [2026-09-18T08:50:24.273+0000] {dag.py:3089} INFO - Sync 1 DAGs
[2026-09-18T08:50:24.312+0000] {logging_mixin.py:188} INFO - [2026-09-18T08:50:24.312+0000] {dag.py:3947} INFO - Setting next_dagrun for meteorisk_pipeline to 2026-09-18 00:00:00+00:00, run_after=2026-09-19 00:00:00+00:00
[2026-09-18T08:50:24.347+0000] {processor.py:183} INFO - Processing /opt/airflow/dags/meteorisk_dag.py took 0.191 seconds
[2026-09-18T08:50:54.659+0000] {processor.py:161} INFO - Started process (PID=376) to work on /opt/airflow/dags/meteorisk_dag.py
[2026-09-18T08:50:54.661+0000] {processor.py:830} INFO - Processing file /opt/airflow/dags/meteorisk_dag.py for tasks to queue
[2026-09-18T08:50:54.664+0000] {logging_mixin.py:188} INFO - [2026-09-18T08:50:54.663+0000] {dagbag.py:545} INFO - Filling up the DagBag from /opt/airflow/dags/meteorisk_dag.py
[2026-09-18T08:50:54.726+0000] {processor.py:840} INFO - DAG(s) 'meteorisk_pipeline' retrieved from /opt/airflow/dags/meteorisk_dag.py
[2026-09-18T08:50:54.801+0000] {logging_mixin.py:188} INFO - [2026-09-18T08:50:54.801+0000] {dag.py:3089} INFO - Sync 1 DAGs
[2026-09-18T08:50:54.849+0000] {logging_mixin.py:188} INFO - [2026-09-18T08:50:54.849+0000] {dag.py:3947} INFO - Setting next_dagrun for meteorisk_pipeline to 2026-09-18 00:00:00+00:00, run_after=2026-09-19 00:00:00+00:00
[2026-09-18T08:50:54.900+0000] {processor.py:183} INFO - Processing /opt/airflow/dags/meteorisk_dag.py took 0.251 seconds
[2026-09-18T08:51:25.277+0000] {processor.py:161} INFO - Started process (PID=381) to work on /opt/airflow/dags/meteorisk_dag.py
[2026-09-18T08:51:25.281+0000] {processor.py:830} INFO - Processing file /opt/airflow/dags/meteorisk_dag.py for tasks to queue
[2026-09-18T08:51:25.285+0000] {logging_mixin.py:188} INFO - [2026-09-18T08:51:25.284+0000] {dagbag.py:545} INFO - Filling up the DagBag from /opt/airflow/dags/meteorisk_dag.py
[2026-09-18T08:51:25.340+0000] {processor.py:840} INFO - DAG(s) 'meteorisk_pipeline' retrieved from /opt/airflow/dags/meteorisk_dag.py
[2026-09-18T08:51:25.412+0000] {logging_mixin.py:188} INFO - [2026-09-18T08:51:25.411+0000] {dag.py:3089} INFO - Sync 1 DAGs
[2026-09-18T08:51:25.462+0000] {logging_mixin.py:188} INFO - [2026-09-18T08:51:25.462+0000] {dag.py:3947} INFO - Setting next_dagrun for meteorisk_pipeline to 2026-09-18 00:00:00+00:00, run_after=2026-09-19 00:00:00+00:00
[2026-09-18T08:51:25.615+0000] {processor.py:183} INFO - Processing /opt/airflow/dags/meteorisk_dag.py took 0.367 seconds
[2026-09-18T08:51:55.981+0000] {processor.py:161} INFO - Started process (PID=386) to work on /opt/airflow/dags/meteorisk_dag.py
[2026-09-18T08:51:55.983+0000] {processor.py:830} INFO - Processing file /opt/airflow/dags/meteorisk_dag.py for tasks to queue
[2026-09-18T08:51:55.987+0000] {logging_mixin.py:188} INFO - [2026-09-18T08:51:55.987+0000] {dagbag.py:545} INFO - Filling up the DagBag from /opt/airflow/dags/meteorisk_dag.py
[2026-09-18T08:51:56.035+0000] {processor.py:840} INFO - DAG(s) 'meteorisk_pipeline' retrieved from /opt/airflow/dags/meteorisk_dag.py
[2026-09-18T08:51:56.103+0000] {logging_mixin.py:188} INFO - [2026-09-18T08:51:56.102+0000] {dag.py:3089} INFO - Sync 1 DAGs
[2026-09-18T08:51:56.140+0000] {logging_mixin.py:188} INFO - [2026-09-18T08:51:56.139+0000] {dag.py:3947} INFO - Setting next_dagrun for meteorisk_pipeline to 2026-09-18 00:00:00+00:00, run_after=2026-09-19 00:00:00+00:00
[2026-09-18T08:51:56.182+0000] {processor.py:183} INFO - Processing /opt/airflow/dags/meteorisk_dag.py took 0.211 seconds
[2026-09-18T08:52:26.530+0000] {processor.py:161} INFO - Started process (PID=391) to work on /opt/airflow/dags/meteorisk_dag.py
[2026-09-18T08:52:26.532+0000] {processor.py:830} INFO - Processing file /opt/airflow/dags/meteorisk_dag.py for tasks to queue
[2026-09-18T08:52:26.536+0000] {logging_mixin.py:188} INFO - [2026-09-18T08:52:26.535+0000] {dagbag.py:545} INFO - Filling up the DagBag from /opt/airflow/dags/meteorisk_dag.py
[2026-09-18T08:52:26.580+0000] {processor.py:840} INFO - DAG(s) 'meteorisk_pipeline' retrieved from /opt/airflow/dags/meteorisk_dag.py
[2026-09-18T08:52:26.628+0000] {logging_mixin.py:188} INFO - [2026-09-18T08:52:26.628+0000] {dag.py:3089} INFO - Sync 1 DAGs
[2026-09-18T08:52:26.665+0000] {logging_mixin.py:188} INFO - [2026-09-18T08:52:26.664+0000] {dag.py:3947} INFO - Setting next_dagrun for meteorisk_pipeline to 2026-09-18 00:00:00+00:00, run_after=2026-09-19 00:00:00+00:00
[2026-09-18T08:52:26.708+0000] {processor.py:183} INFO - Processing /opt/airflow/dags/meteorisk_dag.py took 0.187 seconds
[2026-09-18T08:52:56.795+0000] {processor.py:161} INFO - Started process (PID=396) to work on /opt/airflow/dags/meteorisk_dag.py
[2026-09-18T08:52:56.798+0000] {processor.py:830} INFO - Processing file /opt/airflow/dags/meteorisk_dag.py for tasks to queue
[2026-09-18T08:52:56.805+0000] {logging_mixin.py:188} INFO - [2026-09-18T08:52:56.804+0000] {dagbag.py:545} INFO - Filling up the DagBag from /opt/airflow/dags/meteorisk_dag.py
[2026-09-18T08:52:56.855+0000] {processor.py:840} INFO - DAG(s) 'meteorisk_pipeline' retrieved from /opt/airflow/dags/meteorisk_dag.py
[2026-09-18T08:52:56.922+0000] {logging_mixin.py:188} INFO - [2026-09-18T08:52:56.921+0000] {dag.py:3089} INFO - Sync 1 DAGs
[2026-09-18T08:52:56.973+0000] {logging_mixin.py:188} INFO - [2026-09-18T08:52:56.972+0000] {dag.py:3947} INFO - Setting next_dagrun for meteorisk_pipeline to 2026-09-18 00:00:00+00:00, run_after=2026-09-19 00:00:00+00:00
[2026-09-18T08:52:57.012+0000] {processor.py:183} INFO - Processing /opt/airflow/dags/meteorisk_dag.py took 0.229 seconds
[2026-09-18T08:53:27.401+0000] {processor.py:161} INFO - Started process (PID=401) to work on /opt/airflow/dags/meteorisk_dag.py
[2026-09-18T08:53:27.405+0000] {processor.py:830} INFO - Processing file /opt/airflow/dags/meteorisk_dag.py for tasks to queue
[2026-09-18T08:53:27.411+0000] {logging_mixin.py:188} INFO - [2026-09-18T08:53:27.410+0000] {dagbag.py:545} INFO - Filling up the DagBag from /opt/airflow/dags/meteorisk_dag.py
[2026-09-18T08:53:27.459+0000] {processor.py:840} INFO - DAG(s) 'meteorisk_pipeline' retrieved from /opt/airflow/dags/meteorisk_dag.py
[2026-09-18T08:53:27.519+0000] {logging_mixin.py:188} INFO - [2026-09-18T08:53:27.519+0000] {dag.py:3089} INFO - Sync 1 DAGs
[2026-09-18T08:53:27.556+0000] {logging_mixin.py:188} INFO - [2026-09-18T08:53:27.555+0000] {dag.py:3947} INFO - Setting next_dagrun for meteorisk_pipeline to 2026-09-18 00:00:00+00:00, run_after=2026-09-19 00:00:00+00:00
[2026-09-18T08:53:27.588+0000] {processor.py:183} INFO - Processing /opt/airflow/dags/meteorisk_dag.py took 0.212 seconds
[2026-09-18T08:53:57.829+0000] {processor.py:161} INFO - Started process (PID=406) to work on /opt/airflow/dags/meteorisk_dag.py
[2026-09-18T08:53:57.831+0000] {processor.py:830} INFO - Processing file /opt/airflow/dags/meteorisk_dag.py for tasks to queue
[2026-09-18T08:53:57.834+0000] {logging_mixin.py:188} INFO - [2026-09-18T08:53:57.833+0000] {dagbag.py:545} INFO - Filling up the DagBag from /opt/airflow/dags/meteorisk_dag.py
[2026-09-18T08:53:57.874+0000] {processor.py:840} INFO - DAG(s) 'meteorisk_pipeline' retrieved from /opt/airflow/dags/meteorisk_dag.py
[2026-09-18T08:53:57.925+0000] {logging_mixin.py:188} INFO - [2026-09-18T08:53:57.924+0000] {dag.py:3089} INFO - Sync 1 DAGs
[2026-09-18T08:53:57.961+0000] {logging_mixin.py:188} INFO - [2026-09-18T08:53:57.960+0000] {dag.py:3947} INFO - Setting next_dagrun for meteorisk_pipeline to 2026-09-18 00:00:00+00:00, run_after=2026-09-19 00:00:00+00:00
[2026-09-18T08:53:57.993+0000] {processor.py:183} INFO - Processing /opt/airflow/dags/meteorisk_dag.py took 0.171 seconds
[2026-09-18T08:54:28.125+0000] {processor.py:161} INFO - Started process (PID=411) to work on /opt/airflow/dags/meteorisk_dag.py
[2026-09-18T08:54:28.127+0000] {processor.py:830} INFO - Processing file /opt/airflow/dags/meteorisk_dag.py for tasks to queue
[2026-09-18T08:54:28.130+0000] {logging_mixin.py:188} INFO - [2026-09-18T08:54:28.130+0000] {dagbag.py:545} INFO - Filling up the DagBag from /opt/airflow/dags/meteorisk_dag.py
[2026-09-18T08:54:28.169+0000] {processor.py:840} INFO - DAG(s) 'meteorisk_pipeline' retrieved from /opt/airflow/dags/meteorisk_dag.py
[2026-09-18T08:54:28.215+0000] {logging_mixin.py:188} INFO - [2026-09-18T08:54:28.215+0000] {dag.py:3089} INFO - Sync 1 DAGs
[2026-09-18T08:54:28.246+0000] {logging_mixin.py:188} INFO - [2026-09-18T08:54:28.246+0000] {dag.py:3947} INFO - Setting next_dagrun for meteorisk_pipeline to 2026-09-18 00:00:00+00:00, run_after=2026-09-19 00:00:00+00:00
[2026-09-18T08:54:28.284+0000] {processor.py:183} INFO - Processing /opt/airflow/dags/meteorisk_dag.py took 0.169 seconds
[2026-09-18T08:54:58.454+0000] {processor.py:161} INFO - Started process (PID=416) to work on /opt/airflow/dags/meteorisk_dag.py
[2026-09-18T08:54:58.456+0000] {processor.py:830} INFO - Processing file /opt/airflow/dags/meteorisk_dag.py for tasks to queue
[2026-09-18T08:54:58.459+0000] {logging_mixin.py:188} INFO - [2026-09-18T08:54:58.458+0000] {dagbag.py:545} INFO - Filling up the DagBag from /opt/airflow/dags/meteorisk_dag.py
[2026-09-18T08:54:58.494+0000] {processor.py:840} INFO - DAG(s) 'meteorisk_pipeline' retrieved from /opt/airflow/dags/meteorisk_dag.py
[2026-09-18T08:54:58.537+0000] {logging_mixin.py:188} INFO - [2026-09-18T08:54:58.537+0000] {dag.py:3089} INFO - Sync 1 DAGs
[2026-09-18T08:54:58.568+0000] {logging_mixin.py:188} INFO - [2026-09-18T08:54:58.568+0000] {dag.py:3947} INFO - Setting next_dagrun for meteorisk_pipeline to 2026-09-18 00:00:00+00:00, run_after=2026-09-19 00:00:00+00:00
[2026-09-18T08:54:58.602+0000] {processor.py:183} INFO - Processing /opt/airflow/dags/meteorisk_dag.py took 0.158 seconds
[2026-09-18T08:55:28.750+0000] {processor.py:161} INFO - Started process (PID=421) to work on /opt/airflow/dags/meteorisk_dag.py
[2026-09-18T08:55:28.752+0000] {processor.py:830} INFO - Processing file /opt/airflow/dags/meteorisk_dag.py for tasks to queue
[2026-09-18T08:55:28.755+0000] {logging_mixin.py:188} INFO - [2026-09-18T08:55:28.755+0000] {dagbag.py:545} INFO - Filling up the DagBag from /opt/airflow/dags/meteorisk_dag.py
[2026-09-18T08:55:28.794+0000] {processor.py:840} INFO - DAG(s) 'meteorisk_pipeline' retrieved from /opt/airflow/dags/meteorisk_dag.py
[2026-09-18T08:55:28.846+0000] {logging_mixin.py:188} INFO - [2026-09-18T08:55:28.845+0000] {dag.py:3089} INFO - Sync 1 DAGs
[2026-09-18T08:55:28.881+0000] {logging_mixin.py:188} INFO - [2026-09-18T08:55:28.881+0000] {dag.py:3947} INFO - Setting next_dagrun for meteorisk_pipeline to 2026-09-18 00:00:00+00:00, run_after=2026-09-19 00:00:00+00:00
[2026-09-18T08:55:28.914+0000] {processor.py:183} INFO - Processing /opt/airflow/dags/meteorisk_dag.py took 0.175 seconds
[2026-09-18T08:55:59.009+0000] {processor.py:161} INFO - Started process (PID=426) to work on /opt/airflow/dags/meteorisk_dag.py
[2026-09-18T08:55:59.010+0000] {processor.py:830} INFO - Processing file /opt/airflow/dags/meteorisk_dag.py for tasks to queue
[2026-09-18T08:55:59.013+0000] {logging_mixin.py:188} INFO - [2026-09-18T08:55:59.012+0000] {dagbag.py:545} INFO - Filling up the DagBag from /opt/airflow/dags/meteorisk_dag.py
[2026-09-18T08:55:59.051+0000] {processor.py:840} INFO - DAG(s) 'meteorisk_pipeline' retrieved from /opt/airflow/dags/meteorisk_dag.py
[2026-09-18T08:55:59.105+0000] {logging_mixin.py:188} INFO - [2026-09-18T08:55:59.105+0000] {dag.py:3089} INFO - Sync 1 DAGs
[2026-09-18T08:55:59.139+0000] {logging_mixin.py:188} INFO - [2026-09-18T08:55:59.139+0000] {dag.py:3947} INFO - Setting next_dagrun for meteorisk_pipeline to 2026-09-18 00:00:00+00:00, run_after=2026-09-19 00:00:00+00:00
[2026-09-18T08:55:59.167+0000] {processor.py:183} INFO - Processing /opt/airflow/dags/meteorisk_dag.py took 0.166 seconds
[2026-09-18T08:56:29.381+0000] {processor.py:161} INFO - Started process (PID=431) to work on /opt/airflow/dags/meteorisk_dag.py
[2026-09-18T08:56:29.386+0000] {processor.py:830} INFO - Processing file /opt/airflow/dags/meteorisk_dag.py for tasks to queue
[2026-09-18T08:56:29.391+0000] {logging_mixin.py:188} INFO - [2026-09-18T08:56:29.390+0000] {dagbag.py:545} INFO - Filling up the DagBag from /opt/airflow/dags/meteorisk_dag.py
[2026-09-18T08:56:29.442+0000] {processor.py:840} INFO - DAG(s) 'meteorisk_pipeline' retrieved from /opt/airflow/dags/meteorisk_dag.py
[2026-09-18T08:56:29.496+0000] {logging_mixin.py:188} INFO - [2026-09-18T08:56:29.496+0000] {dag.py:3089} INFO - Sync 1 DAGs
[2026-09-18T08:56:29.533+0000] {logging_mixin.py:188} INFO - [2026-09-18T08:56:29.532+0000] {dag.py:3947} INFO - Setting next_dagrun for meteorisk_pipeline to 2026-09-18 00:00:00+00:00, run_after=2026-09-19 00:00:00+00:00
[2026-09-18T08:56:29.563+0000] {processor.py:183} INFO - Processing /opt/airflow/dags/meteorisk_dag.py took 0.198 seconds
[2026-09-18T08:56:59.804+0000] {processor.py:161} INFO - Started process (PID=436) to work on /opt/airflow/dags/meteorisk_dag.py
[2026-09-18T08:56:59.806+0000] {processor.py:830} INFO - Processing file /opt/airflow/dags/meteorisk_dag.py for tasks to queue
[2026-09-18T08:56:59.809+0000] {logging_mixin.py:188} INFO - [2026-09-18T08:56:59.809+0000] {dagbag.py:545} INFO - Filling up the DagBag from /opt/airflow/dags/meteorisk_dag.py
[2026-09-18T08:56:59.846+0000] {processor.py:840} INFO - DAG(s) 'meteorisk_pipeline' retrieved from /opt/airflow/dags/meteorisk_dag.py
[2026-09-18T08:56:59.904+0000] {logging_mixin.py:188} INFO - [2026-09-18T08:56:59.903+0000] {dag.py:3089} INFO - Sync 1 DAGs
[2026-09-18T08:56:59.940+0000] {logging_mixin.py:188} INFO - [2026-09-18T08:56:59.939+0000] {dag.py:3947} INFO - Setting next_dagrun for meteorisk_pipeline to 2026-09-18 00:00:00+00:00, run_after=2026-09-19 00:00:00+00:00
[2026-09-18T08:56:59.970+0000] {processor.py:183} INFO - Processing /opt/airflow/dags/meteorisk_dag.py took 0.174 seconds
[2026-09-18T08:57:30.240+0000] {processor.py:161} INFO - Started process (PID=441) to work on /opt/airflow/dags/meteorisk_dag.py
[2026-09-18T08:57:30.242+0000] {processor.py:830} INFO - Processing file /opt/airflow/dags/meteorisk_dag.py for tasks to queue
[2026-09-18T08:57:30.249+0000] {logging_mixin.py:188} INFO - [2026-09-18T08:57:30.247+0000] {dagbag.py:545} INFO - Filling up the DagBag from /opt/airflow/dags/meteorisk_dag.py
[2026-09-18T08:57:30.287+0000] {processor.py:840} INFO - DAG(s) 'meteorisk_pipeline' retrieved from /opt/airflow/dags/meteorisk_dag.py
[2026-09-18T08:57:30.335+0000] {logging_mixin.py:188} INFO - [2026-09-18T08:57:30.335+0000] {dag.py:3089} INFO - Sync 1 DAGs
[2026-09-18T08:57:30.367+0000] {logging_mixin.py:188} INFO - [2026-09-18T08:57:30.366+0000] {dag.py:3947} INFO - Setting next_dagrun for meteorisk_pipeline to 2026-09-18 00:00:00+00:00, run_after=2026-09-19 00:00:00+00:00
[2026-09-18T08:57:30.401+0000] {processor.py:183} INFO - Processing /opt/airflow/dags/meteorisk_dag.py took 0.168 seconds
[2026-09-18T08:58:00.508+0000] {processor.py:161} INFO - Started process (PID=446) to work on /opt/airflow/dags/meteorisk_dag.py
[2026-09-18T08:58:00.509+0000] {processor.py:830} INFO - Processing file /opt/airflow/dags/meteorisk_dag.py for tasks to queue
[2026-09-18T08:58:00.512+0000] {logging_mixin.py:188} INFO - [2026-09-18T08:58:00.512+0000] {dagbag.py:545} INFO - Filling up the DagBag from /opt/airflow/dags/meteorisk_dag.py
[2026-09-18T08:58:00.545+0000] {processor.py:840} INFO - DAG(s) 'meteorisk_pipeline' retrieved from /opt/airflow/dags/meteorisk_dag.py
[2026-09-18T08:58:00.593+0000] {logging_mixin.py:188} INFO - [2026-09-18T08:58:00.592+0000] {dag.py:3089} INFO - Sync 1 DAGs
[2026-09-18T08:58:00.623+0000] {logging_mixin.py:188} INFO - [2026-09-18T08:58:00.623+0000] {dag.py:3947} INFO - Setting next_dagrun for meteorisk_pipeline to 2026-09-18 00:00:00+00:00, run_after=2026-09-19 00:00:00+00:00
[2026-09-18T08:58:00.654+0000] {processor.py:183} INFO - Processing /opt/airflow/dags/meteorisk_dag.py took 0.154 seconds
[2026-09-18T08:58:31.016+0000] {processor.py:161} INFO - Started process (PID=451) to work on /opt/airflow/dags/meteorisk_dag.py
[2026-09-18T08:58:31.018+0000] {processor.py:830} INFO - Processing file /opt/airflow/dags/meteorisk_dag.py for tasks to queue
[2026-09-18T08:58:31.021+0000] {logging_mixin.py:188} INFO - [2026-09-18T08:58:31.021+0000] {dagbag.py:545} INFO - Filling up the DagBag from /opt/airflow/dags/meteorisk_dag.py
[2026-09-18T08:58:31.059+0000] {processor.py:840} INFO - DAG(s) 'meteorisk_pipeline' retrieved from /opt/airflow/dags/meteorisk_dag.py
[2026-09-18T08:58:31.109+0000] {logging_mixin.py:188} INFO - [2026-09-18T08:58:31.108+0000] {dag.py:3089} INFO - Sync 1 DAGs
[2026-09-18T08:58:31.139+0000] {logging_mixin.py:188} INFO - [2026-09-18T08:58:31.139+0000] {dag.py:3947} INFO - Setting next_dagrun for meteorisk_pipeline to 2026-09-18 00:00:00+00:00, run_after=2026-09-19 00:00:00+00:00
[2026-09-18T08:58:31.171+0000] {processor.py:183} INFO - Processing /opt/airflow/dags/meteorisk_dag.py took 0.162 seconds
[2026-09-18T08:59:01.415+0000] {processor.py:161} INFO - Started process (PID=456) to work on /opt/airflow/dags/meteorisk_dag.py
[2026-09-18T08:59:01.419+0000] {processor.py:830} INFO - Processing file /opt/airflow/dags/meteorisk_dag.py for tasks to queue
[2026-09-18T08:59:01.429+0000] {logging_mixin.py:188} INFO - [2026-09-18T08:59:01.428+0000] {dagbag.py:545} INFO - Filling up the DagBag from /opt/airflow/dags/meteorisk_dag.py
[2026-09-18T08:59:01.516+0000] {processor.py:840} INFO - DAG(s) 'meteorisk_pipeline' retrieved from /opt/airflow/dags/meteorisk_dag.py
[2026-09-18T08:59:01.589+0000] {logging_mixin.py:188} INFO - [2026-09-18T08:59:01.589+0000] {dag.py:3089} INFO - Sync 1 DAGs
[2026-09-18T08:59:01.629+0000] {logging_mixin.py:188} INFO - [2026-09-18T08:59:01.628+0000] {dag.py:3947} INFO - Setting next_dagrun for meteorisk_pipeline to 2026-09-18 00:00:00+00:00, run_after=2026-09-19 00:00:00+00:00
[2026-09-18T08:59:01.685+0000] {processor.py:183} INFO - Processing /opt/airflow/dags/meteorisk_dag.py took 0.286 seconds
[2026-09-18T08:59:31.936+0000] {processor.py:161} INFO - Started process (PID=461) to work on /opt/airflow/dags/meteorisk_dag.py
[2026-09-18T08:59:31.938+0000] {processor.py:830} INFO - Processing file /opt/airflow/dags/meteorisk_dag.py for tasks to queue
[2026-09-18T08:59:31.940+0000] {logging_mixin.py:188} INFO - [2026-09-18T08:59:31.940+0000] {dagbag.py:545} INFO - Filling up the DagBag from /opt/airflow/dags/meteorisk_dag.py
[2026-09-18T08:59:31.975+0000] {processor.py:840} INFO - DAG(s) 'meteorisk_pipeline' retrieved from /opt/airflow/dags/meteorisk_dag.py
[2026-09-18T08:59:32.022+0000] {logging_mixin.py:188} INFO - [2026-09-18T08:59:32.022+0000] {dag.py:3089} INFO - Sync 1 DAGs
[2026-09-18T08:59:32.058+0000] {logging_mixin.py:188} INFO - [2026-09-18T08:59:32.058+0000] {dag.py:3947} INFO - Setting next_dagrun for meteorisk_pipeline to 2026-09-18 00:00:00+00:00, run_after=2026-09-19 00:00:00+00:00
[2026-09-18T08:59:32.091+0000] {processor.py:183} INFO - Processing /opt/airflow/dags/meteorisk_dag.py took 0.162 seconds
[2026-09-18T09:00:02.173+0000] {processor.py:161} INFO - Started process (PID=466) to work on /opt/airflow/dags/meteorisk_dag.py
[2026-09-18T09:00:02.175+0000] {processor.py:830} INFO - Processing file /opt/airflow/dags/meteorisk_dag.py for tasks to queue
[2026-09-18T09:00:02.178+0000] {logging_mixin.py:188} INFO - [2026-09-18T09:00:02.178+0000] {dagbag.py:545} INFO - Filling up the DagBag from /opt/airflow/dags/meteorisk_dag.py
[2026-09-18T09:00:02.218+0000] {processor.py:840} INFO - DAG(s) 'meteorisk_pipeline' retrieved from /opt/airflow/dags/meteorisk_dag.py
[2026-09-18T09:00:02.262+0000] {logging_mixin.py:188} INFO - [2026-09-18T09:00:02.262+0000] {dag.py:3089} INFO - Sync 1 DAGs
[2026-09-18T09:00:02.294+0000] {logging_mixin.py:188} INFO - [2026-09-18T09:00:02.294+0000] {dag.py:3947} INFO - Setting next_dagrun for meteorisk_pipeline to 2026-09-18 00:00:00+00:00, run_after=2026-09-19 00:00:00+00:00
[2026-09-18T09:00:02.325+0000] {processor.py:183} INFO - Processing /opt/airflow/dags/meteorisk_dag.py took 0.159 seconds
[2026-09-18T09:00:32.627+0000] {processor.py:161} INFO - Started process (PID=471) to work on /opt/airflow/dags/meteorisk_dag.py
[2026-09-18T09:00:32.629+0000] {processor.py:830} INFO - Processing file /opt/airflow/dags/meteorisk_dag.py for tasks to queue
[2026-09-18T09:00:32.633+0000] {logging_mixin.py:188} INFO - [2026-09-18T09:00:32.632+0000] {dagbag.py:545} INFO - Filling up the DagBag from /opt/airflow/dags/meteorisk_dag.py
[2026-09-18T09:00:32.709+0000] {processor.py:840} INFO - DAG(s) 'meteorisk_pipeline' retrieved from /opt/airflow/dags/meteorisk_dag.py
[2026-09-18T09:00:32.787+0000] {logging_mixin.py:188} INFO - [2026-09-18T09:00:32.786+0000] {dag.py:3089} INFO - Sync 1 DAGs
[2026-09-18T09:00:32.819+0000] {logging_mixin.py:188} INFO - [2026-09-18T09:00:32.818+0000] {dag.py:3947} INFO - Setting next_dagrun for meteorisk_pipeline to 2026-09-18 00:00:00+00:00, run_after=2026-09-19 00:00:00+00:00
[2026-09-18T09:00:32.855+0000] {processor.py:183} INFO - Processing /opt/airflow/dags/meteorisk_dag.py took 0.242 seconds
[2026-09-18T09:01:03.216+0000] {processor.py:161} INFO - Started process (PID=476) to work on /opt/airflow/dags/meteorisk_dag.py
[2026-09-18T09:01:03.219+0000] {processor.py:830} INFO - Processing file /opt/airflow/dags/meteorisk_dag.py for tasks to queue
[2026-09-18T09:01:03.224+0000] {logging_mixin.py:188} INFO - [2026-09-18T09:01:03.223+0000] {dagbag.py:545} INFO - Filling up the DagBag from /opt/airflow/dags/meteorisk_dag.py
[2026-09-18T09:01:03.277+0000] {processor.py:840} INFO - DAG(s) 'meteorisk_pipeline' retrieved from /opt/airflow/dags/meteorisk_dag.py
[2026-09-18T09:01:03.336+0000] {logging_mixin.py:188} INFO - [2026-09-18T09:01:03.336+0000] {dag.py:3089} INFO - Sync 1 DAGs
[2026-09-18T09:01:03.379+0000] {logging_mixin.py:188} INFO - [2026-09-18T09:01:03.378+0000] {dag.py:3947} INFO - Setting next_dagrun for meteorisk_pipeline to 2026-09-18 00:00:00+00:00, run_after=2026-09-19 00:00:00+00:00
[2026-09-18T09:01:03.424+0000] {processor.py:183} INFO - Processing /opt/airflow/dags/meteorisk_dag.py took 0.217 seconds
[2026-09-18T09:01:33.705+0000] {processor.py:161} INFO - Started process (PID=481) to work on /opt/airflow/dags/meteorisk_dag.py
[2026-09-18T09:01:33.707+0000] {processor.py:830} INFO - Processing file /opt/airflow/dags/meteorisk_dag.py for tasks to queue
[2026-09-18T09:01:33.710+0000] {logging_mixin.py:188} INFO - [2026-09-18T09:01:33.710+0000] {dagbag.py:545} INFO - Filling up the DagBag from /opt/airflow/dags/meteorisk_dag.py
[2026-09-18T09:01:33.746+0000] {processor.py:840} INFO - DAG(s) 'meteorisk_pipeline' retrieved from /opt/airflow/dags/meteorisk_dag.py
[2026-09-18T09:01:33.796+0000] {logging_mixin.py:188} INFO - [2026-09-18T09:01:33.796+0000] {dag.py:3089} INFO - Sync 1 DAGs
[2026-09-18T09:01:33.827+0000] {logging_mixin.py:188} INFO - [2026-09-18T09:01:33.826+0000] {dag.py:3947} INFO - Setting next_dagrun for meteorisk_pipeline to 2026-09-18 00:00:00+00:00, run_after=2026-09-19 00:00:00+00:00
[2026-09-18T09:01:33.858+0000] {processor.py:183} INFO - Processing /opt/airflow/dags/meteorisk_dag.py took 0.162 seconds
[2026-09-18T09:02:03.957+0000] {processor.py:161} INFO - Started process (PID=486) to work on /opt/airflow/dags/meteorisk_dag.py
[2026-09-18T09:02:03.959+0000] {processor.py:830} INFO - Processing file /opt/airflow/dags/meteorisk_dag.py for tasks to queue
[2026-09-18T09:02:03.962+0000] {logging_mixin.py:188} INFO - [2026-09-18T09:02:03.962+0000] {dagbag.py:545} INFO - Filling up the DagBag from /opt/airflow/dags/meteorisk_dag.py
[2026-09-18T09:02:04.006+0000] {processor.py:840} INFO - DAG(s) 'meteorisk_pipeline' retrieved from /opt/airflow/dags/meteorisk_dag.py
[2026-09-18T09:02:04.067+0000] {logging_mixin.py:188} INFO - [2026-09-18T09:02:04.067+0000] {dag.py:3089} INFO - Sync 1 DAGs
[2026-09-18T09:02:04.102+0000] {logging_mixin.py:188} INFO - [2026-09-18T09:02:04.101+0000] {dag.py:3947} INFO - Setting next_dagrun for meteorisk_pipeline to 2026-09-18 00:00:00+00:00, run_after=2026-09-19 00:00:00+00:00
[2026-09-18T09:02:04.131+0000] {processor.py:183} INFO - Processing /opt/airflow/dags/meteorisk_dag.py took 0.184 seconds
[2026-09-18T09:02:34.293+0000] {processor.py:161} INFO - Started process (PID=491) to work on /opt/airflow/dags/meteorisk_dag.py
[2026-09-18T09:02:34.295+0000] {processor.py:830} INFO - Processing file /opt/airflow/dags/meteorisk_dag.py for tasks to queue
[2026-09-18T09:02:34.297+0000] {logging_mixin.py:188} INFO - [2026-09-18T09:02:34.297+0000] {dagbag.py:545} INFO - Filling up the DagBag from /opt/airflow/dags/meteorisk_dag.py
[2026-09-18T09:02:34.330+0000] {processor.py:840} INFO - DAG(s) 'meteorisk_pipeline' retrieved from /opt/airflow/dags/meteorisk_dag.py
[2026-09-18T09:02:34.379+0000] {logging_mixin.py:188} INFO - [2026-09-18T09:02:34.379+0000] {dag.py:3089} INFO - Sync 1 DAGs
[2026-09-18T09:02:34.413+0000] {logging_mixin.py:188} INFO - [2026-09-18T09:02:34.413+0000] {dag.py:3947} INFO - Setting next_dagrun for meteorisk_pipeline to 2026-09-18 00:00:00+00:00, run_after=2026-09-19 00:00:00+00:00
[2026-09-18T09:02:34.456+0000] {processor.py:183} INFO - Processing /opt/airflow/dags/meteorisk_dag.py took 0.170 seconds
[2026-09-18T09:03:04.620+0000] {processor.py:161} INFO - Started process (PID=496) to work on /opt/airflow/dags/meteorisk_dag.py
[2026-09-18T09:03:04.622+0000] {processor.py:830} INFO - Processing file /opt/airflow/dags/meteorisk_dag.py for tasks to queue
[2026-09-18T09:03:04.626+0000] {logging_mixin.py:188} INFO - [2026-09-18T09:03:04.625+0000] {dagbag.py:545} INFO - Filling up the DagBag from /opt/airflow/dags/meteorisk_dag.py
[2026-09-18T09:03:04.672+0000] {processor.py:840} INFO - DAG(s) 'meteorisk_pipeline' retrieved from /opt/airflow/dags/meteorisk_dag.py
[2026-09-18T09:03:04.724+0000] {logging_mixin.py:188} INFO - [2026-09-18T09:03:04.724+0000] {dag.py:3089} INFO - Sync 1 DAGs
[2026-09-18T09:03:04.756+0000] {logging_mixin.py:188} INFO - [2026-09-18T09:03:04.756+0000] {dag.py:3947} INFO - Setting next_dagrun for meteorisk_pipeline to 2026-09-18 00:00:00+00:00, run_after=2026-09-19 00:00:00+00:00
[2026-09-18T09:03:04.789+0000] {processor.py:183} INFO - Processing /opt/airflow/dags/meteorisk_dag.py took 0.179 seconds
[2026-09-18T09:03:35.010+0000] {processor.py:161} INFO - Started process (PID=501) to work on /opt/airflow/dags/meteorisk_dag.py
[2026-09-18T09:03:35.011+0000] {processor.py:830} INFO - Processing file /opt/airflow/dags/meteorisk_dag.py for tasks to queue
[2026-09-18T09:03:35.014+0000] {logging_mixin.py:188} INFO - [2026-09-18T09:03:35.014+0000] {dagbag.py:545} INFO - Filling up the DagBag from /opt/airflow/dags/meteorisk_dag.py
[2026-09-18T09:03:35.048+0000] {processor.py:840} INFO - DAG(s) 'meteorisk_pipeline' retrieved from /opt/airflow/dags/meteorisk_dag.py
[2026-09-18T09:03:35.094+0000] {logging_mixin.py:188} INFO - [2026-09-18T09:03:35.094+0000] {dag.py:3089} INFO - Sync 1 DAGs
[2026-09-18T09:03:35.125+0000] {logging_mixin.py:188} INFO - [2026-09-18T09:03:35.124+0000] {dag.py:3947} INFO - Setting next_dagrun for meteorisk_pipeline to 2026-09-18 00:00:00+00:00, run_after=2026-09-19 00:00:00+00:00
[2026-09-18T09:03:35.159+0000] {processor.py:183} INFO - Processing /opt/airflow/dags/meteorisk_dag.py took 0.160 seconds
[2026-09-18T09:04:05.296+0000] {processor.py:161} INFO - Started process (PID=506) to work on /opt/airflow/dags/meteorisk_dag.py
[2026-09-18T09:04:05.297+0000] {processor.py:830} INFO - Processing file /opt/airflow/dags/meteorisk_dag.py for tasks to queue
[2026-09-18T09:04:05.301+0000] {logging_mixin.py:188} INFO - [2026-09-18T09:04:05.300+0000] {dagbag.py:545} INFO - Filling up the DagBag from /opt/airflow/dags/meteorisk_dag.py
[2026-09-18T09:04:05.339+0000] {processor.py:840} INFO - DAG(s) 'meteorisk_pipeline' retrieved from /opt/airflow/dags/meteorisk_dag.py
[2026-09-18T09:04:05.386+0000] {logging_mixin.py:188} INFO - [2026-09-18T09:04:05.386+0000] {dag.py:3089} INFO - Sync 1 DAGs
[2026-09-18T09:04:05.416+0000] {logging_mixin.py:188} INFO - [2026-09-18T09:04:05.415+0000] {dag.py:3947} INFO - Setting next_dagrun for meteorisk_pipeline to 2026-09-18 00:00:00+00:00, run_after=2026-09-19 00:00:00+00:00
[2026-09-18T09:04:05.454+0000] {processor.py:183} INFO - Processing /opt/airflow/dags/meteorisk_dag.py took 0.166 seconds
[2026-09-18T09:04:35.651+0000] {processor.py:161} INFO - Started process (PID=511) to work on /opt/airflow/dags/meteorisk_dag.py
[2026-09-18T09:04:35.653+0000] {processor.py:830} INFO - Processing file /opt/airflow/dags/meteorisk_dag.py for tasks to queue
[2026-09-18T09:04:35.656+0000] {logging_mixin.py:188} INFO - [2026-09-18T09:04:35.656+0000] {dagbag.py:545} INFO - Filling up the DagBag from /opt/airflow/dags/meteorisk_dag.py
[2026-09-18T09:04:35.699+0000] {processor.py:840} INFO - DAG(s) 'meteorisk_pipeline' retrieved from /opt/airflow/dags/meteorisk_dag.py
[2026-09-18T09:04:35.757+0000] {logging_mixin.py:188} INFO - [2026-09-18T09:04:35.756+0000] {dag.py:3089} INFO - Sync 1 DAGs
[2026-09-18T09:04:35.791+0000] {logging_mixin.py:188} INFO - [2026-09-18T09:04:35.791+0000] {dag.py:3947} INFO - Setting next_dagrun for meteorisk_pipeline to 2026-09-18 00:00:00+00:00, run_after=2026-09-19 00:00:00+00:00
[2026-09-18T09:04:35.819+0000] {processor.py:183} INFO - Processing /opt/airflow/dags/meteorisk_dag.py took 0.176 seconds
[2026-09-18T09:05:06.074+0000] {processor.py:161} INFO - Started process (PID=516) to work on /opt/airflow/dags/meteorisk_dag.py
[2026-09-18T09:05:06.076+0000] {processor.py:830} INFO - Processing file /opt/airflow/dags/meteorisk_dag.py for tasks to queue
[2026-09-18T09:05:06.081+0000] {logging_mixin.py:188} INFO - [2026-09-18T09:05:06.080+0000] {dagbag.py:545} INFO - Filling up the DagBag from /opt/airflow/dags/meteorisk_dag.py
[2026-09-18T09:05:06.123+0000] {processor.py:840} INFO - DAG(s) 'meteorisk_pipeline' retrieved from /opt/airflow/dags/meteorisk_dag.py
[2026-09-18T09:05:06.169+0000] {logging_mixin.py:188} INFO - [2026-09-18T09:05:06.169+0000] {dag.py:3089} INFO - Sync 1 DAGs
[2026-09-18T09:05:06.204+0000] {logging_mixin.py:188} INFO - [2026-09-18T09:05:06.203+0000] {dag.py:3947} INFO - Setting next_dagrun for meteorisk_pipeline to 2026-09-18 00:00:00+00:00, run_after=2026-09-19 00:00:00+00:00
[2026-09-18T09:05:06.243+0000] {processor.py:183} INFO - Processing /opt/airflow/dags/meteorisk_dag.py took 0.177 seconds
[2026-09-18T09:05:36.543+0000] {processor.py:161} INFO - Started process (PID=521) to work on /opt/airflow/dags/meteorisk_dag.py
[2026-09-18T09:05:36.545+0000] {processor.py:830} INFO - Processing file /opt/airflow/dags/meteorisk_dag.py for tasks to queue
[2026-09-18T09:05:36.549+0000] {logging_mixin.py:188} INFO - [2026-09-18T09:05:36.548+0000] {dagbag.py:545} INFO - Filling up the DagBag from /opt/airflow/dags/meteorisk_dag.py
[2026-09-18T09:05:36.593+0000] {processor.py:840} INFO - DAG(s) 'meteorisk_pipeline' retrieved from /opt/airflow/dags/meteorisk_dag.py
[2026-09-18T09:05:36.651+0000] {logging_mixin.py:188} INFO - [2026-09-18T09:05:36.651+0000] {dag.py:3089} INFO - Sync 1 DAGs
[2026-09-18T09:05:36.685+0000] {logging_mixin.py:188} INFO - [2026-09-18T09:05:36.685+0000] {dag.py:3947} INFO - Setting next_dagrun for meteorisk_pipeline to 2026-09-18 00:00:00+00:00, run_after=2026-09-19 00:00:00+00:00
[2026-09-18T09:05:36.718+0000] {processor.py:183} INFO - Processing /opt/airflow/dags/meteorisk_dag.py took 0.185 seconds
[2026-09-18T09:06:06.993+0000] {processor.py:161} INFO - Started process (PID=526) to work on /opt/airflow/dags/meteorisk_dag.py
[2026-09-18T09:06:06.995+0000] {processor.py:830} INFO - Processing file /opt/airflow/dags/meteorisk_dag.py for tasks to queue
[2026-09-18T09:06:07.000+0000] {logging_mixin.py:188} INFO - [2026-09-18T09:06:06.999+0000] {dagbag.py:545} INFO - Filling up the DagBag from /opt/airflow/dags/meteorisk_dag.py
[2026-09-18T09:06:07.042+0000] {processor.py:840} INFO - DAG(s) 'meteorisk_pipeline' retrieved from /opt/airflow/dags/meteorisk_dag.py
[2026-09-18T09:06:07.084+0000] {logging_mixin.py:188} INFO - [2026-09-18T09:06:07.084+0000] {dag.py:3089} INFO - Sync 1 DAGs
[2026-09-18T09:06:07.120+0000] {logging_mixin.py:188} INFO - [2026-09-18T09:06:07.120+0000] {dag.py:3947} INFO - Setting next_dagrun for meteorisk_pipeline to 2026-09-18 00:00:00+00:00, run_after=2026-09-19 00:00:00+00:00
[2026-09-18T09:06:07.151+0000] {processor.py:183} INFO - Processing /opt/airflow/dags/meteorisk_dag.py took 0.167 seconds
[2026-09-18T09:06:37.403+0000] {processor.py:161} INFO - Started process (PID=531) to work on /opt/airflow/dags/meteorisk_dag.py
[2026-09-18T09:06:37.406+0000] {processor.py:830} INFO - Processing file /opt/airflow/dags/meteorisk_dag.py for tasks to queue
[2026-09-18T09:06:37.410+0000] {logging_mixin.py:188} INFO - [2026-09-18T09:06:37.410+0000] {dagbag.py:545} INFO - Filling up the DagBag from /opt/airflow/dags/meteorisk_dag.py
[2026-09-18T09:06:37.450+0000] {processor.py:840} INFO - DAG(s) 'meteorisk_pipeline' retrieved from /opt/airflow/dags/meteorisk_dag.py
[2026-09-18T09:06:37.497+0000] {logging_mixin.py:188} INFO - [2026-09-18T09:06:37.496+0000] {dag.py:3089} INFO - Sync 1 DAGs
[2026-09-18T09:06:37.533+0000] {logging_mixin.py:188} INFO - [2026-09-18T09:06:37.533+0000] {dag.py:3947} INFO - Setting next_dagrun for meteorisk_pipeline to 2026-09-18 00:00:00+00:00, run_after=2026-09-19 00:00:00+00:00
[2026-09-18T09:06:37.569+0000] {processor.py:183} INFO - Processing /opt/airflow/dags/meteorisk_dag.py took 0.177 seconds
[2026-09-18T09:07:07.642+0000] {processor.py:161} INFO - Started process (PID=536) to work on /opt/airflow/dags/meteorisk_dag.py
[2026-09-18T09:07:07.644+0000] {processor.py:830} INFO - Processing file /opt/airflow/dags/meteorisk_dag.py for tasks to queue
[2026-09-18T09:07:07.647+0000] {logging_mixin.py:188} INFO - [2026-09-18T09:07:07.646+0000] {dagbag.py:545} INFO - Filling up the DagBag from /opt/airflow/dags/meteorisk_dag.py
[2026-09-18T09:07:07.687+0000] {processor.py:840} INFO - DAG(s) 'meteorisk_pipeline' retrieved from /opt/airflow/dags/meteorisk_dag.py
[2026-09-18T09:07:07.739+0000] {logging_mixin.py:188} INFO - [2026-09-18T09:07:07.739+0000] {dag.py:3089} INFO - Sync 1 DAGs
[2026-09-18T09:07:07.773+0000] {logging_mixin.py:188} INFO - [2026-09-18T09:07:07.773+0000] {dag.py:3947} INFO - Setting next_dagrun for meteorisk_pipeline to 2026-09-18 00:00:00+00:00, run_after=2026-09-19 00:00:00+00:00
[2026-09-18T09:07:07.805+0000] {processor.py:183} INFO - Processing /opt/airflow/dags/meteorisk_dag.py took 0.172 seconds
[2026-09-18T09:07:38.111+0000] {processor.py:161} INFO - Started process (PID=541) to work on /opt/airflow/dags/meteorisk_dag.py
[2026-09-18T09:07:38.113+0000] {processor.py:830} INFO - Processing file /opt/airflow/dags/meteorisk_dag.py for tasks to queue
[2026-09-18T09:07:38.116+0000] {logging_mixin.py:188} INFO - [2026-09-18T09:07:38.116+0000] {dagbag.py:545} INFO - Filling up the DagBag from /opt/airflow/dags/meteorisk_dag.py
[2026-09-18T09:07:38.165+0000] {processor.py:840} INFO - DAG(s) 'meteorisk_pipeline' retrieved from /opt/airflow/dags/meteorisk_dag.py
[2026-09-18T09:07:38.243+0000] {logging_mixin.py:188} INFO - [2026-09-18T09:07:38.243+0000] {dag.py:3089} INFO - Sync 1 DAGs
[2026-09-18T09:07:38.300+0000] {logging_mixin.py:188} INFO - [2026-09-18T09:07:38.299+0000] {dag.py:3947} INFO - Setting next_dagrun for meteorisk_pipeline to 2026-09-18 00:00:00+00:00, run_after=2026-09-19 00:00:00+00:00
[2026-09-18T09:07:38.353+0000] {processor.py:183} INFO - Processing /opt/airflow/dags/meteorisk_dag.py took 0.251 seconds
[2026-09-18T09:08:08.646+0000] {processor.py:161} INFO - Started process (PID=546) to work on /opt/airflow/dags/meteorisk_dag.py
[2026-09-18T09:08:08.650+0000] {processor.py:830} INFO - Processing file /opt/airflow/dags/meteorisk_dag.py for tasks to queue
[2026-09-18T09:08:08.658+0000] {logging_mixin.py:188} INFO - [2026-09-18T09:08:08.656+0000] {dagbag.py:545} INFO - Filling up the DagBag from /opt/airflow/dags/meteorisk_dag.py
[2026-09-18T09:08:08.726+0000] {processor.py:840} INFO - DAG(s) 'meteorisk_pipeline' retrieved from /opt/airflow/dags/meteorisk_dag.py
[2026-09-18T09:08:08.775+0000] {logging_mixin.py:188} INFO - [2026-09-18T09:08:08.775+0000] {dag.py:3089} INFO - Sync 1 DAGs
[2026-09-18T09:08:08.809+0000] {logging_mixin.py:188} INFO - [2026-09-18T09:08:08.808+0000] {dag.py:3947} INFO - Setting next_dagrun for meteorisk_pipeline to 2026-09-18 00:00:00+00:00, run_after=2026-09-19 00:00:00+00:00
[2026-09-18T09:08:08.844+0000] {processor.py:183} INFO - Processing /opt/airflow/dags/meteorisk_dag.py took 0.218 seconds
[2026-09-18T09:08:39.106+0000] {processor.py:161} INFO - Started process (PID=551) to work on /opt/airflow/dags/meteorisk_dag.py
[2026-09-18T09:08:39.108+0000] {processor.py:830} INFO - Processing file /opt/airflow/dags/meteorisk_dag.py for tasks to queue
[2026-09-18T09:08:39.111+0000] {logging_mixin.py:188} INFO - [2026-09-18T09:08:39.110+0000] {dagbag.py:545} INFO - Filling up the DagBag from /opt/airflow/dags/meteorisk_dag.py
[2026-09-18T09:08:39.159+0000] {processor.py:840} INFO - DAG(s) 'meteorisk_pipeline' retrieved from /opt/airflow/dags/meteorisk_dag.py
[2026-09-18T09:08:39.208+0000] {logging_mixin.py:188} INFO - [2026-09-18T09:08:39.208+0000] {dag.py:3089} INFO - Sync 1 DAGs
[2026-09-18T09:08:39.240+0000] {logging_mixin.py:188} INFO - [2026-09-18T09:08:39.240+0000] {dag.py:3947} INFO - Setting next_dagrun for meteorisk_pipeline to 2026-09-18 00:00:00+00:00, run_after=2026-09-19 00:00:00+00:00
[2026-09-18T09:08:39.271+0000] {processor.py:183} INFO - Processing /opt/airflow/dags/meteorisk_dag.py took 0.173 seconds
[2026-09-18T09:09:09.599+0000] {processor.py:161} INFO - Started process (PID=556) to work on /opt/airflow/dags/meteorisk_dag.py
[2026-09-18T09:09:09.601+0000] {processor.py:830} INFO - Processing file /opt/airflow/dags/meteorisk_dag.py for tasks to queue
[2026-09-18T09:09:09.604+0000] {logging_mixin.py:188} INFO - [2026-09-18T09:09:09.603+0000] {dagbag.py:545} INFO - Filling up the DagBag from /opt/airflow/dags/meteorisk_dag.py
[2026-09-18T09:09:09.642+0000] {processor.py:840} INFO - DAG(s) 'meteorisk_pipeline' retrieved from /opt/airflow/dags/meteorisk_dag.py
[2026-09-18T09:09:09.686+0000] {logging_mixin.py:188} INFO - [2026-09-18T09:09:09.686+0000] {dag.py:3089} INFO - Sync 1 DAGs
[2026-09-18T09:09:09.719+0000] {logging_mixin.py:188} INFO - [2026-09-18T09:09:09.719+0000] {dag.py:3947} INFO - Setting next_dagrun for meteorisk_pipeline to 2026-09-18 00:00:00+00:00, run_after=2026-09-19 00:00:00+00:00
[2026-09-18T09:09:09.749+0000] {processor.py:183} INFO - Processing /opt/airflow/dags/meteorisk_dag.py took 0.159 seconds
[2026-09-18T09:09:39.835+0000] {processor.py:161} INFO - Started process (PID=561) to work on /opt/airflow/dags/meteorisk_dag.py
[2026-09-18T09:09:39.837+0000] {processor.py:830} INFO - Processing file /opt/airflow/dags/meteorisk_dag.py for tasks to queue
[2026-09-18T09:09:39.841+0000] {logging_mixin.py:188} INFO - [2026-09-18T09:09:39.840+0000] {dagbag.py:545} INFO - Filling up the DagBag from /opt/airflow/dags/meteorisk_dag.py
[2026-09-18T09:09:39.882+0000] {processor.py:840} INFO - DAG(s) 'meteorisk_pipeline' retrieved from /opt/airflow/dags/meteorisk_dag.py
[2026-09-18T09:09:39.936+0000] {logging_mixin.py:188} INFO - [2026-09-18T09:09:39.936+0000] {dag.py:3089} INFO - Sync 1 DAGs
[2026-09-18T09:09:39.972+0000] {logging_mixin.py:188} INFO - [2026-09-18T09:09:39.972+0000] {dag.py:3947} INFO - Setting next_dagrun for meteorisk_pipeline to 2026-09-18 00:00:00+00:00, run_after=2026-09-19 00:00:00+00:00
[2026-09-18T09:09:40.004+0000] {processor.py:183} INFO - Processing /opt/airflow/dags/meteorisk_dag.py took 0.177 seconds
[2026-09-18T09:10:10.251+0000] {processor.py:161} INFO - Started process (PID=566) to work on /opt/airflow/dags/meteorisk_dag.py
[2026-09-18T09:10:10.254+0000] {processor.py:830} INFO - Processing file /opt/airflow/dags/meteorisk_dag.py for tasks to queue
[2026-09-18T09:10:10.261+0000] {logging_mixin.py:188} INFO - [2026-09-18T09:10:10.258+0000] {dagbag.py:545} INFO - Filling up the DagBag from /opt/airflow/dags/meteorisk_dag.py
[2026-09-18T09:10:10.305+0000] {processor.py:840} INFO - DAG(s) 'meteorisk_pipeline' retrieved from /opt/airflow/dags/meteorisk_dag.py
[2026-09-18T09:10:10.372+0000] {logging_mixin.py:188} INFO - [2026-09-18T09:10:10.371+0000] {dag.py:3089} INFO - Sync 1 DAGs
[2026-09-18T09:10:10.407+0000] {logging_mixin.py:188} INFO - [2026-09-18T09:10:10.407+0000] {dag.py:3947} INFO - Setting next_dagrun for meteorisk_pipeline to 2026-09-18 00:00:00+00:00, run_after=2026-09-19 00:00:00+00:00
[2026-09-18T09:10:10.442+0000] {processor.py:183} INFO - Processing /opt/airflow/dags/meteorisk_dag.py took 0.199 seconds
[2026-09-18T09:10:40.711+0000] {processor.py:161} INFO - Started process (PID=571) to work on /opt/airflow/dags/meteorisk_dag.py
[2026-09-18T09:10:40.713+0000] {processor.py:830} INFO - Processing file /opt/airflow/dags/meteorisk_dag.py for tasks to queue
[2026-09-18T09:10:40.716+0000] {logging_mixin.py:188} INFO - [2026-09-18T09:10:40.715+0000] {dagbag.py:545} INFO - Filling up the DagBag from /opt/airflow/dags/meteorisk_dag.py
[2026-09-18T09:10:40.756+0000] {processor.py:840} INFO - DAG(s) 'meteorisk_pipeline' retrieved from /opt/airflow/dags/meteorisk_dag.py
[2026-09-18T09:10:40.804+0000] {logging_mixin.py:188} INFO - [2026-09-18T09:10:40.803+0000] {dag.py:3089} INFO - Sync 1 DAGs
[2026-09-18T09:10:40.845+0000] {logging_mixin.py:188} INFO - [2026-09-18T09:10:40.844+0000] {dag.py:3947} INFO - Setting next_dagrun for meteorisk_pipeline to 2026-09-18 00:00:00+00:00, run_after=2026-09-19 00:00:00+00:00
[2026-09-18T09:10:40.886+0000] {processor.py:183} INFO - Processing /opt/airflow/dags/meteorisk_dag.py took 0.183 seconds
[2026-09-18T09:11:11.196+0000] {processor.py:161} INFO - Started process (PID=576) to work on /opt/airflow/dags/meteorisk_dag.py
[2026-09-18T09:11:11.200+0000] {processor.py:830} INFO - Processing file /opt/airflow/dags/meteorisk_dag.py for tasks to queue
[2026-09-18T09:11:11.206+0000] {logging_mixin.py:188} INFO - [2026-09-18T09:11:11.205+0000] {dagbag.py:545} INFO - Filling up the DagBag from /opt/airflow/dags/meteorisk_dag.py
[2026-09-18T09:11:11.265+0000] {processor.py:840} INFO - DAG(s) 'meteorisk_pipeline' retrieved from /opt/airflow/dags/meteorisk_dag.py
[2026-09-18T09:11:11.313+0000] {logging_mixin.py:188} INFO - [2026-09-18T09:11:11.313+0000] {dag.py:3089} INFO - Sync 1 DAGs
[2026-09-18T09:11:11.344+0000] {logging_mixin.py:188} INFO - [2026-09-18T09:11:11.344+0000] {dag.py:3947} INFO - Setting next_dagrun for meteorisk_pipeline to 2026-09-18 00:00:00+00:00, run_after=2026-09-19 00:00:00+00:00
[2026-09-18T09:11:11.383+0000] {processor.py:183} INFO - Processing /opt/airflow/dags/meteorisk_dag.py took 0.198 seconds
[2026-09-18T09:11:41.704+0000] {processor.py:161} INFO - Started process (PID=581) to work on /opt/airflow/dags/meteorisk_dag.py
[2026-09-18T09:11:41.707+0000] {processor.py:830} INFO - Processing file /opt/airflow/dags/meteorisk_dag.py for tasks to queue
[2026-09-18T09:11:41.712+0000] {logging_mixin.py:188} INFO - [2026-09-18T09:11:41.712+0000] {dagbag.py:545} INFO - Filling up the DagBag from /opt/airflow/dags/meteorisk_dag.py
[2026-09-18T09:11:41.769+0000] {processor.py:840} INFO - DAG(s) 'meteorisk_pipeline' retrieved from /opt/airflow/dags/meteorisk_dag.py
[2026-09-18T09:11:41.822+0000] {logging_mixin.py:188} INFO - [2026-09-18T09:11:41.821+0000] {dag.py:3089} INFO - Sync 1 DAGs
[2026-09-18T09:11:41.867+0000] {logging_mixin.py:188} INFO - [2026-09-18T09:11:41.867+0000] {dag.py:3947} INFO - Setting next_dagrun for meteorisk_pipeline to 2026-09-18 00:00:00+00:00, run_after=2026-09-19 00:00:00+00:00
[2026-09-18T09:11:41.905+0000] {processor.py:183} INFO - Processing /opt/airflow/dags/meteorisk_dag.py took 0.217 seconds
[2026-09-18T09:12:12.195+0000] {processor.py:161} INFO - Started process (PID=586) to work on /opt/airflow/dags/meteorisk_dag.py
[2026-09-18T09:12:12.197+0000] {processor.py:830} INFO - Processing file /opt/airflow/dags/meteorisk_dag.py for tasks to queue
[2026-09-18T09:12:12.200+0000] {logging_mixin.py:188} INFO - [2026-09-18T09:12:12.200+0000] {dagbag.py:545} INFO - Filling up the DagBag from /opt/airflow/dags/meteorisk_dag.py
[2026-09-18T09:12:12.238+0000] {processor.py:840} INFO - DAG(s) 'meteorisk_pipeline' retrieved from /opt/airflow/dags/meteorisk_dag.py
[2026-09-18T09:12:12.288+0000] {logging_mixin.py:188} INFO - [2026-09-18T09:12:12.288+0000] {dag.py:3089} INFO - Sync 1 DAGs
[2026-09-18T09:12:12.322+0000] {logging_mixin.py:188} INFO - [2026-09-18T09:12:12.321+0000] {dag.py:3947} INFO - Setting next_dagrun for meteorisk_pipeline to 2026-09-18 00:00:00+00:00, run_after=2026-09-19 00:00:00+00:00
[2026-09-18T09:12:12.352+0000] {processor.py:183} INFO - Processing /opt/airflow/dags/meteorisk_dag.py took 0.167 seconds
[2026-09-18T09:12:42.616+0000] {processor.py:161} INFO - Started process (PID=591) to work on /opt/airflow/dags/meteorisk_dag.py
[2026-09-18T09:12:42.618+0000] {processor.py:830} INFO - Processing file /opt/airflow/dags/meteorisk_dag.py for tasks to queue
[2026-09-18T09:12:42.624+0000] {logging_mixin.py:188} INFO - [2026-09-18T09:12:42.623+0000] {dagbag.py:545} INFO - Filling up the DagBag from /opt/airflow/dags/meteorisk_dag.py
[2026-09-18T09:12:42.664+0000] {processor.py:840} INFO - DAG(s) 'meteorisk_pipeline' retrieved from /opt/airflow/dags/meteorisk_dag.py
[2026-09-18T09:12:42.717+0000] {logging_mixin.py:188} INFO - [2026-09-18T09:12:42.716+0000] {dag.py:3089} INFO - Sync 1 DAGs
[2026-09-18T09:12:42.749+0000] {logging_mixin.py:188} INFO - [2026-09-18T09:12:42.749+0000] {dag.py:3947} INFO - Setting next_dagrun for meteorisk_pipeline to 2026-09-18 00:00:00+00:00, run_after=2026-09-19 00:00:00+00:00
[2026-09-18T09:12:42.790+0000] {processor.py:183} INFO - Processing /opt/airflow/dags/meteorisk_dag.py took 0.180 seconds
[2026-09-18T09:13:12.900+0000] {processor.py:161} INFO - Started process (PID=596) to work on /opt/airflow/dags/meteorisk_dag.py
[2026-09-18T09:13:12.902+0000] {processor.py:830} INFO - Processing file /opt/airflow/dags/meteorisk_dag.py for tasks to queue
[2026-09-18T09:13:12.905+0000] {logging_mixin.py:188} INFO - [2026-09-18T09:13:12.904+0000] {dagbag.py:545} INFO - Filling up the DagBag from /opt/airflow/dags/meteorisk_dag.py
[2026-09-18T09:13:12.937+0000] {processor.py:840} INFO - DAG(s) 'meteorisk_pipeline' retrieved from /opt/airflow/dags/meteorisk_dag.py
[2026-09-18T09:13:12.982+0000] {logging_mixin.py:188} INFO - [2026-09-18T09:13:12.982+0000] {dag.py:3089} INFO - Sync 1 DAGs
[2026-09-18T09:13:13.016+0000] {logging_mixin.py:188} INFO - [2026-09-18T09:13:13.015+0000] {dag.py:3947} INFO - Setting next_dagrun for meteorisk_pipeline to 2026-09-18 00:00:00+00:00, run_after=2026-09-19 00:00:00+00:00
[2026-09-18T09:13:13.047+0000] {processor.py:183} INFO - Processing /opt/airflow/dags/meteorisk_dag.py took 0.156 seconds
[2026-09-18T09:13:43.368+0000] {processor.py:161} INFO - Started process (PID=601) to work on /opt/airflow/dags/meteorisk_dag.py
[2026-09-18T09:13:43.370+0000] {processor.py:830} INFO - Processing file /opt/airflow/dags/meteorisk_dag.py for tasks to queue
[2026-09-18T09:13:43.373+0000] {logging_mixin.py:188} INFO - [2026-09-18T09:13:43.372+0000] {dagbag.py:545} INFO - Filling up the DagBag from /opt/airflow/dags/meteorisk_dag.py
[2026-09-18T09:13:43.415+0000] {processor.py:840} INFO - DAG(s) 'meteorisk_pipeline' retrieved from /opt/airflow/dags/meteorisk_dag.py
[2026-09-18T09:13:43.469+0000] {logging_mixin.py:188} INFO - [2026-09-18T09:13:43.469+0000] {dag.py:3089} INFO - Sync 1 DAGs
[2026-09-18T09:13:43.512+0000] {logging_mixin.py:188} INFO - [2026-09-18T09:13:43.512+0000] {dag.py:3947} INFO - Setting next_dagrun for meteorisk_pipeline to 2026-09-18 00:00:00+00:00, run_after=2026-09-19 00:00:00+00:00
[2026-09-18T09:13:43.552+0000] {processor.py:183} INFO - Processing /opt/airflow/dags/meteorisk_dag.py took 0.194 seconds
[2026-09-18T09:14:13.662+0000] {processor.py:161} INFO - Started process (PID=606) to work on /opt/airflow/dags/meteorisk_dag.py
[2026-09-18T09:14:13.664+0000] {processor.py:830} INFO - Processing file /opt/airflow/dags/meteorisk_dag.py for tasks to queue
[2026-09-18T09:14:13.667+0000] {logging_mixin.py:188} INFO - [2026-09-18T09:14:13.666+0000] {dagbag.py:545} INFO - Filling up the DagBag from /opt/airflow/dags/meteorisk_dag.py
[2026-09-18T09:14:13.708+0000] {processor.py:840} INFO - DAG(s) 'meteorisk_pipeline' retrieved from /opt/airflow/dags/meteorisk_dag.py
[2026-09-18T09:14:13.760+0000] {logging_mixin.py:188} INFO - [2026-09-18T09:14:13.759+0000] {dag.py:3089} INFO - Sync 1 DAGs
[2026-09-18T09:14:13.794+0000] {logging_mixin.py:188} INFO - [2026-09-18T09:14:13.794+0000] {dag.py:3947} INFO - Setting next_dagrun for meteorisk_pipeline to 2026-09-18 00:00:00+00:00, run_after=2026-09-19 00:00:00+00:00
[2026-09-18T09:14:13.824+0000] {processor.py:183} INFO - Processing /opt/airflow/dags/meteorisk_dag.py took 0.168 seconds
[2026-09-18T09:14:44.082+0000] {processor.py:161} INFO - Started process (PID=611) to work on /opt/airflow/dags/meteorisk_dag.py
[2026-09-18T09:14:44.085+0000] {processor.py:830} INFO - Processing file /opt/airflow/dags/meteorisk_dag.py for tasks to queue
[2026-09-18T09:14:44.091+0000] {logging_mixin.py:188} INFO - [2026-09-18T09:14:44.090+0000] {dagbag.py:545} INFO - Filling up the DagBag from /opt/airflow/dags/meteorisk_dag.py
[2026-09-18T09:14:44.147+0000] {processor.py:840} INFO - DAG(s) 'meteorisk_pipeline' retrieved from /opt/airflow/dags/meteorisk_dag.py
[2026-09-18T09:14:44.230+0000] {logging_mixin.py:188} INFO - [2026-09-18T09:14:44.230+0000] {dag.py:3089} INFO - Sync 1 DAGs
[2026-09-18T09:14:44.271+0000] {logging_mixin.py:188} INFO - [2026-09-18T09:14:44.271+0000] {dag.py:3947} INFO - Setting next_dagrun for meteorisk_pipeline to 2026-09-18 00:00:00+00:00, run_after=2026-09-19 00:00:00+00:00
[2026-09-18T09:14:44.306+0000] {processor.py:183} INFO - Processing /opt/airflow/dags/meteorisk_dag.py took 0.237 seconds
[2026-09-18T09:15:14.545+0000] {processor.py:161} INFO - Started process (PID=616) to work on /opt/airflow/dags/meteorisk_dag.py
[2026-09-18T09:15:14.547+0000] {processor.py:830} INFO - Processing file /opt/airflow/dags/meteorisk_dag.py for tasks to queue
[2026-09-18T09:15:14.550+0000] {logging_mixin.py:188} INFO - [2026-09-18T09:15:14.549+0000] {dagbag.py:545} INFO - Filling up the DagBag from /opt/airflow/dags/meteorisk_dag.py
[2026-09-18T09:15:14.584+0000] {processor.py:840} INFO - DAG(s) 'meteorisk_pipeline' retrieved from /opt/airflow/dags/meteorisk_dag.py
[2026-09-18T09:15:14.631+0000] {logging_mixin.py:188} INFO - [2026-09-18T09:15:14.631+0000] {dag.py:3089} INFO - Sync 1 DAGs
[2026-09-18T09:15:14.659+0000] {logging_mixin.py:188} INFO - [2026-09-18T09:15:14.658+0000] {dag.py:3947} INFO - Setting next_dagrun for meteorisk_pipeline to 2026-09-18 00:00:00+00:00, run_after=2026-09-19 00:00:00+00:00
[2026-09-18T09:15:14.853+0000] {processor.py:183} INFO - Processing /opt/airflow/dags/meteorisk_dag.py took 0.316 seconds
[2026-09-18T09:15:45.121+0000] {processor.py:161} INFO - Started process (PID=621) to work on /opt/airflow/dags/meteorisk_dag.py
[2026-09-18T09:15:45.123+0000] {processor.py:830} INFO - Processing file /opt/airflow/dags/meteorisk_dag.py for tasks to queue
[2026-09-18T09:15:45.126+0000] {logging_mixin.py:188} INFO - [2026-09-18T09:15:45.125+0000] {dagbag.py:545} INFO - Filling up the DagBag from /opt/airflow/dags/meteorisk_dag.py
[2026-09-18T09:15:45.162+0000] {processor.py:840} INFO - DAG(s) 'meteorisk_pipeline' retrieved from /opt/airflow/dags/meteorisk_dag.py
[2026-09-18T09:15:45.207+0000] {logging_mixin.py:188} INFO - [2026-09-18T09:15:45.207+0000] {dag.py:3089} INFO - Sync 1 DAGs
[2026-09-18T09:15:45.245+0000] {logging_mixin.py:188} INFO - [2026-09-18T09:15:45.245+0000] {dag.py:3947} INFO - Setting next_dagrun for meteorisk_pipeline to 2026-09-18 00:00:00+00:00, run_after=2026-09-19 00:00:00+00:00
[2026-09-18T09:15:45.277+0000] {processor.py:183} INFO - Processing /opt/airflow/dags/meteorisk_dag.py took 0.165 seconds
[2026-09-18T09:16:15.368+0000] {processor.py:161} INFO - Started process (PID=626) to work on /opt/airflow/dags/meteorisk_dag.py
[2026-09-18T09:16:15.370+0000] {processor.py:830} INFO - Processing file /opt/airflow/dags/meteorisk_dag.py for tasks to queue
[2026-09-18T09:16:15.373+0000] {logging_mixin.py:188} INFO - [2026-09-18T09:16:15.372+0000] {dagbag.py:545} INFO - Filling up the DagBag from /opt/airflow/dags/meteorisk_dag.py
[2026-09-18T09:16:15.407+0000] {processor.py:840} INFO - DAG(s) 'meteorisk_pipeline' retrieved from /opt/airflow/dags/meteorisk_dag.py
[2026-09-18T09:16:15.451+0000] {logging_mixin.py:188} INFO - [2026-09-18T09:16:15.450+0000] {dag.py:3089} INFO - Sync 1 DAGs
[2026-09-18T09:16:15.482+0000] {logging_mixin.py:188} INFO - [2026-09-18T09:16:15.482+0000] {dag.py:3947} INFO - Setting next_dagrun for meteorisk_pipeline to 2026-09-18 00:00:00+00:00, run_after=2026-09-19 00:00:00+00:00
[2026-09-18T09:16:15.514+0000] {processor.py:183} INFO - Processing /opt/airflow/dags/meteorisk_dag.py took 0.153 seconds
[2026-09-18T09:16:45.861+0000] {processor.py:161} INFO - Started process (PID=631) to work on /opt/airflow/dags/meteorisk_dag.py
[2026-09-18T09:16:45.872+0000] {processor.py:830} INFO - Processing file /opt/airflow/dags/meteorisk_dag.py for tasks to queue
[2026-09-18T09:16:45.881+0000] {logging_mixin.py:188} INFO - [2026-09-18T09:16:45.880+0000] {dagbag.py:545} INFO - Filling up the DagBag from /opt/airflow/dags/meteorisk_dag.py
[2026-09-18T09:16:45.988+0000] {processor.py:840} INFO - DAG(s) 'meteorisk_pipeline' retrieved from /opt/airflow/dags/meteorisk_dag.py
[2026-09-18T09:16:46.154+0000] {logging_mixin.py:188} INFO - [2026-09-18T09:16:46.153+0000] {dag.py:3089} INFO - Sync 1 DAGs
[2026-09-18T09:16:46.233+0000] {logging_mixin.py:188} INFO - [2026-09-18T09:16:46.233+0000] {dag.py:3947} INFO - Setting next_dagrun for meteorisk_pipeline to 2026-09-18 00:00:00+00:00, run_after=2026-09-19 00:00:00+00:00
[2026-09-18T09:16:46.304+0000] {processor.py:183} INFO - Processing /opt/airflow/dags/meteorisk_dag.py took 0.454 seconds
[2026-09-18T09:17:16.626+0000] {processor.py:161} INFO - Started process (PID=636) to work on /opt/airflow/dags/meteorisk_dag.py
[2026-09-18T09:17:16.628+0000] {processor.py:830} INFO - Processing file /opt/airflow/dags/meteorisk_dag.py for tasks to queue
[2026-09-18T09:17:16.631+0000] {logging_mixin.py:188} INFO - [2026-09-18T09:17:16.631+0000] {dagbag.py:545} INFO - Filling up the DagBag from /opt/airflow/dags/meteorisk_dag.py
[2026-09-18T09:17:16.665+0000] {processor.py:840} INFO - DAG(s) 'meteorisk_pipeline' retrieved from /opt/airflow/dags/meteorisk_dag.py
[2026-09-18T09:17:16.714+0000] {logging_mixin.py:188} INFO - [2026-09-18T09:17:16.713+0000] {dag.py:3089} INFO - Sync 1 DAGs
[2026-09-18T09:17:16.745+0000] {logging_mixin.py:188} INFO - [2026-09-18T09:17:16.745+0000] {dag.py:3947} INFO - Setting next_dagrun for meteorisk_pipeline to 2026-09-18 00:00:00+00:00, run_after=2026-09-19 00:00:00+00:00
[2026-09-18T09:17:16.776+0000] {processor.py:183} INFO - Processing /opt/airflow/dags/meteorisk_dag.py took 0.158 seconds
[2026-09-18T09:17:46.936+0000] {processor.py:161} INFO - Started process (PID=641) to work on /opt/airflow/dags/meteorisk_dag.py
[2026-09-18T09:17:46.938+0000] {processor.py:830} INFO - Processing file /opt/airflow/dags/meteorisk_dag.py for tasks to queue
[2026-09-18T09:17:46.942+0000] {logging_mixin.py:188} INFO - [2026-09-18T09:17:46.941+0000] {dagbag.py:545} INFO - Filling up the DagBag from /opt/airflow/dags/meteorisk_dag.py
[2026-09-18T09:17:47.008+0000] {processor.py:840} INFO - DAG(s) 'meteorisk_pipeline' retrieved from /opt/airflow/dags/meteorisk_dag.py
[2026-09-18T09:17:47.074+0000] {logging_mixin.py:188} INFO - [2026-09-18T09:17:47.074+0000] {dag.py:3089} INFO - Sync 1 DAGs
[2026-09-18T09:17:47.107+0000] {logging_mixin.py:188} INFO - [2026-09-18T09:17:47.107+0000] {dag.py:3947} INFO - Setting next_dagrun for meteorisk_pipeline to 2026-09-18 00:00:00+00:00, run_after=2026-09-19 00:00:00+00:00
[2026-09-18T09:17:47.145+0000] {processor.py:183} INFO - Processing /opt/airflow/dags/meteorisk_dag.py took 0.220 seconds
[2026-09-18T09:18:17.467+0000] {processor.py:161} INFO - Started process (PID=646) to work on /opt/airflow/dags/meteorisk_dag.py
[2026-09-18T09:18:17.481+0000] {processor.py:830} INFO - Processing file /opt/airflow/dags/meteorisk_dag.py for tasks to queue
[2026-09-18T09:18:17.486+0000] {logging_mixin.py:188} INFO - [2026-09-18T09:18:17.485+0000] {dagbag.py:545} INFO - Filling up the DagBag from /opt/airflow/dags/meteorisk_dag.py
[2026-09-18T09:18:17.542+0000] {processor.py:840} INFO - DAG(s) 'meteorisk_pipeline' retrieved from /opt/airflow/dags/meteorisk_dag.py
[2026-09-18T09:18:17.610+0000] {logging_mixin.py:188} INFO - [2026-09-18T09:18:17.609+0000] {dag.py:3089} INFO - Sync 1 DAGs
[2026-09-18T09:18:17.653+0000] {logging_mixin.py:188} INFO - [2026-09-18T09:18:17.652+0000] {dag.py:3947} INFO - Setting next_dagrun for meteorisk_pipeline to 2026-09-18 00:00:00+00:00, run_after=2026-09-19 00:00:00+00:00
[2026-09-18T09:18:17.714+0000] {processor.py:183} INFO - Processing /opt/airflow/dags/meteorisk_dag.py took 0.257 seconds
[2026-09-18T09:18:48.096+0000] {processor.py:161} INFO - Started process (PID=651) to work on /opt/airflow/dags/meteorisk_dag.py
[2026-09-18T09:18:48.098+0000] {processor.py:830} INFO - Processing file /opt/airflow/dags/meteorisk_dag.py for tasks to queue
[2026-09-18T09:18:48.103+0000] {logging_mixin.py:188} INFO - [2026-09-18T09:18:48.101+0000] {dagbag.py:545} INFO - Filling up the DagBag from /opt/airflow/dags/meteorisk_dag.py
[2026-09-18T09:18:48.188+0000] {processor.py:840} INFO - DAG(s) 'meteorisk_pipeline' retrieved from /opt/airflow/dags/meteorisk_dag.py
[2026-09-18T09:18:48.272+0000] {logging_mixin.py:188} INFO - [2026-09-18T09:18:48.271+0000] {dag.py:3089} INFO - Sync 1 DAGs
[2026-09-18T09:18:48.314+0000] {logging_mixin.py:188} INFO - [2026-09-18T09:18:48.314+0000] {dag.py:3947} INFO - Setting next_dagrun for meteorisk_pipeline to 2026-09-18 00:00:00+00:00, run_after=2026-09-19 00:00:00+00:00
[2026-09-18T09:18:48.377+0000] {processor.py:183} INFO - Processing /opt/airflow/dags/meteorisk_dag.py took 0.289 seconds
[2026-09-18T09:19:18.940+0000] {processor.py:161} INFO - Started process (PID=656) to work on /opt/airflow/dags/meteorisk_dag.py
[2026-09-18T09:19:18.943+0000] {processor.py:830} INFO - Processing file /opt/airflow/dags/meteorisk_dag.py for tasks to queue
[2026-09-18T09:19:18.947+0000] {logging_mixin.py:188} INFO - [2026-09-18T09:19:18.946+0000] {dagbag.py:545} INFO - Filling up the DagBag from /opt/airflow/dags/meteorisk_dag.py
[2026-09-18T09:19:19.006+0000] {processor.py:840} INFO - DAG(s) 'meteorisk_pipeline' retrieved from /opt/airflow/dags/meteorisk_dag.py
[2026-09-18T09:19:19.060+0000] {logging_mixin.py:188} INFO - [2026-09-18T09:19:19.060+0000] {dag.py:3089} INFO - Sync 1 DAGs
[2026-09-18T09:19:19.109+0000] {logging_mixin.py:188} INFO - [2026-09-18T09:19:19.108+0000] {dag.py:3947} INFO - Setting next_dagrun for meteorisk_pipeline to 2026-09-18 00:00:00+00:00, run_after=2026-09-19 00:00:00+00:00
[2026-09-18T09:19:19.147+0000] {processor.py:183} INFO - Processing /opt/airflow/dags/meteorisk_dag.py took 0.218 seconds
[2026-09-18T09:19:49.472+0000] {processor.py:161} INFO - Started process (PID=661) to work on /opt/airflow/dags/meteorisk_dag.py
[2026-09-18T09:19:49.474+0000] {processor.py:830} INFO - Processing file /opt/airflow/dags/meteorisk_dag.py for tasks to queue
[2026-09-18T09:19:49.477+0000] {logging_mixin.py:188} INFO - [2026-09-18T09:19:49.477+0000] {dagbag.py:545} INFO - Filling up the DagBag from /opt/airflow/dags/meteorisk_dag.py
[2026-09-18T09:19:49.533+0000] {processor.py:840} INFO - DAG(s) 'meteorisk_pipeline' retrieved from /opt/airflow/dags/meteorisk_dag.py
[2026-09-18T09:19:49.595+0000] {logging_mixin.py:188} INFO - [2026-09-18T09:19:49.594+0000] {dag.py:3089} INFO - Sync 1 DAGs
[2026-09-18T09:19:49.646+0000] {logging_mixin.py:188} INFO - [2026-09-18T09:19:49.646+0000] {dag.py:3947} INFO - Setting next_dagrun for meteorisk_pipeline to 2026-09-18 00:00:00+00:00, run_after=2026-09-19 00:00:00+00:00
[2026-09-18T09:19:49.692+0000] {processor.py:183} INFO - Processing /opt/airflow/dags/meteorisk_dag.py took 0.230 seconds
[2026-09-18T09:20:20.120+0000] {processor.py:161} INFO - Started process (PID=666) to work on /opt/airflow/dags/meteorisk_dag.py
[2026-09-18T09:20:20.123+0000] {processor.py:830} INFO - Processing file /opt/airflow/dags/meteorisk_dag.py for tasks to queue
[2026-09-18T09:20:20.134+0000] {logging_mixin.py:188} INFO - [2026-09-18T09:20:20.132+0000] {dagbag.py:545} INFO - Filling up the DagBag from /opt/airflow/dags/meteorisk_dag.py
[2026-09-18T09:20:20.194+0000] {processor.py:840} INFO - DAG(s) 'meteorisk_pipeline' retrieved from /opt/airflow/dags/meteorisk_dag.py
[2026-09-18T09:20:20.263+0000] {logging_mixin.py:188} INFO - [2026-09-18T09:20:20.262+0000] {dag.py:3089} INFO - Sync 1 DAGs
[2026-09-18T09:20:20.316+0000] {logging_mixin.py:188} INFO - [2026-09-18T09:20:20.315+0000] {dag.py:3947} INFO - Setting next_dagrun for meteorisk_pipeline to 2026-09-18 00:00:00+00:00, run_after=2026-09-19 00:00:00+00:00
[2026-09-18T09:20:20.368+0000] {processor.py:183} INFO - Processing /opt/airflow/dags/meteorisk_dag.py took 0.265 seconds
[2026-09-18T09:20:50.732+0000] {processor.py:161} INFO - Started process (PID=671) to work on /opt/airflow/dags/meteorisk_dag.py
[2026-09-18T09:20:50.735+0000] {processor.py:830} INFO - Processing file /opt/airflow/dags/meteorisk_dag.py for tasks to queue
[2026-09-18T09:20:50.738+0000] {logging_mixin.py:188} INFO - [2026-09-18T09:20:50.738+0000] {dagbag.py:545} INFO - Filling up the DagBag from /opt/airflow/dags/meteorisk_dag.py
[2026-09-18T09:20:50.781+0000] {processor.py:840} INFO - DAG(s) 'meteorisk_pipeline' retrieved from /opt/airflow/dags/meteorisk_dag.py
[2026-09-18T09:20:50.831+0000] {logging_mixin.py:188} INFO - [2026-09-18T09:20:50.831+0000] {dag.py:3089} INFO - Sync 1 DAGs
[2026-09-18T09:20:50.863+0000] {logging_mixin.py:188} INFO - [2026-09-18T09:20:50.862+0000] {dag.py:3947} INFO - Setting next_dagrun for meteorisk_pipeline to 2026-09-18 00:00:00+00:00, run_after=2026-09-19 00:00:00+00:00
[2026-09-18T09:20:50.896+0000] {processor.py:183} INFO - Processing /opt/airflow/dags/meteorisk_dag.py took 0.172 seconds
[2026-09-18T09:21:21.055+0000] {processor.py:161} INFO - Started process (PID=676) to work on /opt/airflow/dags/meteorisk_dag.py
[2026-09-18T09:21:21.057+0000] {processor.py:830} INFO - Processing file /opt/airflow/dags/meteorisk_dag.py for tasks to queue
[2026-09-18T09:21:21.061+0000] {logging_mixin.py:188} INFO - [2026-09-18T09:21:21.060+0000] {dagbag.py:545} INFO - Filling up the DagBag from /opt/airflow/dags/meteorisk_dag.py
[2026-09-18T09:21:21.101+0000] {processor.py:840} INFO - DAG(s) 'meteorisk_pipeline' retrieved from /opt/airflow/dags/meteorisk_dag.py
[2026-09-18T09:21:21.153+0000] {logging_mixin.py:188} INFO - [2026-09-18T09:21:21.153+0000] {dag.py:3089} INFO - Sync 1 DAGs
[2026-09-18T09:21:21.187+0000] {logging_mixin.py:188} INFO - [2026-09-18T09:21:21.187+0000] {dag.py:3947} INFO - Setting next_dagrun for meteorisk_pipeline to 2026-09-18 00:00:00+00:00, run_after=2026-09-19 00:00:00+00:00
[2026-09-18T09:21:21.221+0000] {processor.py:183} INFO - Processing /opt/airflow/dags/meteorisk_dag.py took 0.175 seconds
[2026-09-18T09:21:51.529+0000] {processor.py:161} INFO - Started process (PID=681) to work on /opt/airflow/dags/meteorisk_dag.py
[2026-09-18T09:21:51.538+0000] {processor.py:830} INFO - Processing file /opt/airflow/dags/meteorisk_dag.py for tasks to queue
[2026-09-18T09:21:51.544+0000] {logging_mixin.py:188} INFO - [2026-09-18T09:21:51.544+0000] {dagbag.py:545} INFO - Filling up the DagBag from /opt/airflow/dags/meteorisk_dag.py
[2026-09-18T09:21:51.593+0000] {processor.py:840} INFO - DAG(s) 'meteorisk_pipeline' retrieved from /opt/airflow/dags/meteorisk_dag.py
[2026-09-18T09:21:51.648+0000] {logging_mixin.py:188} INFO - [2026-09-18T09:21:51.647+0000] {dag.py:3089} INFO - Sync 1 DAGs
[2026-09-18T09:21:51.683+0000] {logging_mixin.py:188} INFO - [2026-09-18T09:21:51.683+0000] {dag.py:3947} INFO - Setting next_dagrun for meteorisk_pipeline to 2026-09-18 00:00:00+00:00, run_after=2026-09-19 00:00:00+00:00
[2026-09-18T09:21:51.714+0000] {processor.py:183} INFO - Processing /opt/airflow/dags/meteorisk_dag.py took 0.196 seconds
[2026-09-18T09:22:21.902+0000] {processor.py:161} INFO - Started process (PID=686) to work on /opt/airflow/dags/meteorisk_dag.py
[2026-09-18T09:22:21.913+0000] {processor.py:830} INFO - Processing file /opt/airflow/dags/meteorisk_dag.py for tasks to queue
[2026-09-18T09:22:21.921+0000] {logging_mixin.py:188} INFO - [2026-09-18T09:22:21.920+0000] {dagbag.py:545} INFO - Filling up the DagBag from /opt/airflow/dags/meteorisk_dag.py
[2026-09-18T09:22:21.996+0000] {processor.py:840} INFO - DAG(s) 'meteorisk_pipeline' retrieved from /opt/airflow/dags/meteorisk_dag.py
[2026-09-18T09:22:22.062+0000] {logging_mixin.py:188} INFO - [2026-09-18T09:22:22.061+0000] {dag.py:3089} INFO - Sync 1 DAGs
[2026-09-18T09:22:22.118+0000] {logging_mixin.py:188} INFO - [2026-09-18T09:22:22.118+0000] {dag.py:3947} INFO - Setting next_dagrun for meteorisk_pipeline to 2026-09-18 00:00:00+00:00, run_after=2026-09-19 00:00:00+00:00
[2026-09-18T09:22:22.179+0000] {processor.py:183} INFO - Processing /opt/airflow/dags/meteorisk_dag.py took 0.299 seconds
[2026-09-18T09:22:52.414+0000] {processor.py:161} INFO - Started process (PID=691) to work on /opt/airflow/dags/meteorisk_dag.py
[2026-09-18T09:22:52.417+0000] {processor.py:830} INFO - Processing file /opt/airflow/dags/meteorisk_dag.py for tasks to queue
[2026-09-18T09:22:52.423+0000] {logging_mixin.py:188} INFO - [2026-09-18T09:22:52.422+0000] {dagbag.py:545} INFO - Filling up the DagBag from /opt/airflow/dags/meteorisk_dag.py
[2026-09-18T09:22:52.481+0000] {processor.py:840} INFO - DAG(s) 'meteorisk_pipeline' retrieved from /opt/airflow/dags/meteorisk_dag.py
[2026-09-18T09:22:52.546+0000] {logging_mixin.py:188} INFO - [2026-09-18T09:22:52.546+0000] {dag.py:3089} INFO - Sync 1 DAGs
[2026-09-18T09:22:52.586+0000] {logging_mixin.py:188} INFO - [2026-09-18T09:22:52.586+0000] {dag.py:3947} INFO - Setting next_dagrun for meteorisk_pipeline to 2026-09-18 00:00:00+00:00, run_after=2026-09-19 00:00:00+00:00
[2026-09-18T09:22:52.645+0000] {processor.py:183} INFO - Processing /opt/airflow/dags/meteorisk_dag.py took 0.244 seconds
[2026-09-18T09:23:22.960+0000] {processor.py:161} INFO - Started process (PID=696) to work on /opt/airflow/dags/meteorisk_dag.py
[2026-09-18T09:23:22.963+0000] {processor.py:830} INFO - Processing file /opt/airflow/dags/meteorisk_dag.py for tasks to queue
[2026-09-18T09:23:22.971+0000] {logging_mixin.py:188} INFO - [2026-09-18T09:23:22.971+0000] {dagbag.py:545} INFO - Filling up the DagBag from /opt/airflow/dags/meteorisk_dag.py
[2026-09-18T09:23:23.058+0000] {processor.py:840} INFO - DAG(s) 'meteorisk_pipeline' retrieved from /opt/airflow/dags/meteorisk_dag.py
[2026-09-18T09:23:23.134+0000] {logging_mixin.py:188} INFO - [2026-09-18T09:23:23.133+0000] {dag.py:3089} INFO - Sync 1 DAGs
[2026-09-18T09:23:23.179+0000] {logging_mixin.py:188} INFO - [2026-09-18T09:23:23.179+0000] {dag.py:3947} INFO - Setting next_dagrun for meteorisk_pipeline to 2026-09-18 00:00:00+00:00, run_after=2026-09-19 00:00:00+00:00
[2026-09-18T09:23:23.225+0000] {processor.py:183} INFO - Processing /opt/airflow/dags/meteorisk_dag.py took 0.283 seconds
[2026-09-18T09:23:53.319+0000] {processor.py:161} INFO - Started process (PID=701) to work on /opt/airflow/dags/meteorisk_dag.py
[2026-09-18T09:23:53.322+0000] {processor.py:830} INFO - Processing file /opt/airflow/dags/meteorisk_dag.py for tasks to queue
[2026-09-18T09:23:53.327+0000] {logging_mixin.py:188} INFO - [2026-09-18T09:23:53.326+0000] {dagbag.py:545} INFO - Filling up the DagBag from /opt/airflow/dags/meteorisk_dag.py
[2026-09-18T09:23:53.380+0000] {processor.py:840} INFO - DAG(s) 'meteorisk_pipeline' retrieved from /opt/airflow/dags/meteorisk_dag.py
[2026-09-18T09:23:53.444+0000] {logging_mixin.py:188} INFO - [2026-09-18T09:23:53.443+0000] {dag.py:3089} INFO - Sync 1 DAGs
[2026-09-18T09:23:53.482+0000] {logging_mixin.py:188} INFO - [2026-09-18T09:23:53.481+0000] {dag.py:3947} INFO - Setting next_dagrun for meteorisk_pipeline to 2026-09-18 00:00:00+00:00, run_after=2026-09-19 00:00:00+00:00
[2026-09-18T09:23:53.517+0000] {processor.py:183} INFO - Processing /opt/airflow/dags/meteorisk_dag.py took 0.208 seconds
[2026-09-18T09:24:23.721+0000] {processor.py:161} INFO - Started process (PID=706) to work on /opt/airflow/dags/meteorisk_dag.py
[2026-09-18T09:24:23.723+0000] {processor.py:830} INFO - Processing file /opt/airflow/dags/meteorisk_dag.py for tasks to queue
[2026-09-18T09:24:23.725+0000] {logging_mixin.py:188} INFO - [2026-09-18T09:24:23.725+0000] {dagbag.py:545} INFO - Filling up the DagBag from /opt/airflow/dags/meteorisk_dag.py
[2026-09-18T09:24:23.777+0000] {processor.py:840} INFO - DAG(s) 'meteorisk_pipeline' retrieved from /opt/airflow/dags/meteorisk_dag.py
[2026-09-18T09:24:23.841+0000] {logging_mixin.py:188} INFO - [2026-09-18T09:24:23.841+0000] {dag.py:3089} INFO - Sync 1 DAGs
[2026-09-18T09:24:23.891+0000] {logging_mixin.py:188} INFO - [2026-09-18T09:24:23.891+0000] {dag.py:3947} INFO - Setting next_dagrun for meteorisk_pipeline to 2026-09-18 00:00:00+00:00, run_after=2026-09-19 00:00:00+00:00
[2026-09-18T09:24:23.955+0000] {processor.py:183} INFO - Processing /opt/airflow/dags/meteorisk_dag.py took 0.245 seconds
[2026-09-18T09:24:54.125+0000] {processor.py:161} INFO - Started process (PID=711) to work on /opt/airflow/dags/meteorisk_dag.py
[2026-09-18T09:24:54.127+0000] {processor.py:830} INFO - Processing file /opt/airflow/dags/meteorisk_dag.py for tasks to queue
[2026-09-18T09:24:54.130+0000] {logging_mixin.py:188} INFO - [2026-09-18T09:24:54.130+0000] {dagbag.py:545} INFO - Filling up the DagBag from /opt/airflow/dags/meteorisk_dag.py
[2026-09-18T09:24:54.182+0000] {processor.py:840} INFO - DAG(s) 'meteorisk_pipeline' retrieved from /opt/airflow/dags/meteorisk_dag.py
[2026-09-18T09:24:54.246+0000] {logging_mixin.py:188} INFO - [2026-09-18T09:24:54.245+0000] {dag.py:3089} INFO - Sync 1 DAGs
[2026-09-18T09:24:54.280+0000] {logging_mixin.py:188} INFO - [2026-09-18T09:24:54.280+0000] {dag.py:3947} INFO - Setting next_dagrun for meteorisk_pipeline to 2026-09-18 00:00:00+00:00, run_after=2026-09-19 00:00:00+00:00
[2026-09-18T09:24:54.327+0000] {processor.py:183} INFO - Processing /opt/airflow/dags/meteorisk_dag.py took 0.215 seconds
[2026-09-18T09:25:24.662+0000] {processor.py:161} INFO - Started process (PID=716) to work on /opt/airflow/dags/meteorisk_dag.py
[2026-09-18T09:25:24.664+0000] {processor.py:830} INFO - Processing file /opt/airflow/dags/meteorisk_dag.py for tasks to queue
[2026-09-18T09:25:24.670+0000] {logging_mixin.py:188} INFO - [2026-09-18T09:25:24.668+0000] {dagbag.py:545} INFO - Filling up the DagBag from /opt/airflow/dags/meteorisk_dag.py
[2026-09-18T09:25:24.723+0000] {processor.py:840} INFO - DAG(s) 'meteorisk_pipeline' retrieved from /opt/airflow/dags/meteorisk_dag.py
[2026-09-18T09:25:24.771+0000] {logging_mixin.py:188} INFO - [2026-09-18T09:25:24.771+0000] {dag.py:3089} INFO - Sync 1 DAGs
[2026-09-18T09:25:24.812+0000] {logging_mixin.py:188} INFO - [2026-09-18T09:25:24.812+0000] {dag.py:3947} INFO - Setting next_dagrun for meteorisk_pipeline to 2026-09-18 00:00:00+00:00, run_after=2026-09-19 00:00:00+00:00
[2026-09-18T09:25:24.844+0000] {processor.py:183} INFO - Processing /opt/airflow/dags/meteorisk_dag.py took 0.191 seconds
[2026-09-18T09:25:55.034+0000] {processor.py:161} INFO - Started process (PID=721) to work on /opt/airflow/dags/meteorisk_dag.py
[2026-09-18T09:25:55.036+0000] {processor.py:830} INFO - Processing file /opt/airflow/dags/meteorisk_dag.py for tasks to queue
[2026-09-18T09:25:55.040+0000] {logging_mixin.py:188} INFO - [2026-09-18T09:25:55.039+0000] {dagbag.py:545} INFO - Filling up the DagBag from /opt/airflow/dags/meteorisk_dag.py
[2026-09-18T09:25:55.091+0000] {processor.py:840} INFO - DAG(s) 'meteorisk_pipeline' retrieved from /opt/airflow/dags/meteorisk_dag.py
[2026-09-18T09:25:55.143+0000] {logging_mixin.py:188} INFO - [2026-09-18T09:25:55.143+0000] {dag.py:3089} INFO - Sync 1 DAGs
[2026-09-18T09:25:55.178+0000] {logging_mixin.py:188} INFO - [2026-09-18T09:25:55.177+0000] {dag.py:3947} INFO - Setting next_dagrun for meteorisk_pipeline to 2026-09-18 00:00:00+00:00, run_after=2026-09-19 00:00:00+00:00
[2026-09-18T09:25:55.210+0000] {processor.py:183} INFO - Processing /opt/airflow/dags/meteorisk_dag.py took 0.186 seconds
[2026-09-18T09:26:25.503+0000] {processor.py:161} INFO - Started process (PID=726) to work on /opt/airflow/dags/meteorisk_dag.py
[2026-09-18T09:26:25.506+0000] {processor.py:830} INFO - Processing file /opt/airflow/dags/meteorisk_dag.py for tasks to queue
[2026-09-18T09:26:25.513+0000] {logging_mixin.py:188} INFO - [2026-09-18T09:26:25.512+0000] {dagbag.py:545} INFO - Filling up the DagBag from /opt/airflow/dags/meteorisk_dag.py
[2026-09-18T09:26:25.563+0000] {processor.py:840} INFO - DAG(s) 'meteorisk_pipeline' retrieved from /opt/airflow/dags/meteorisk_dag.py
[2026-09-18T09:26:25.617+0000] {logging_mixin.py:188} INFO - [2026-09-18T09:26:25.617+0000] {dag.py:3089} INFO - Sync 1 DAGs
[2026-09-18T09:26:25.653+0000] {logging_mixin.py:188} INFO - [2026-09-18T09:26:25.653+0000] {dag.py:3947} INFO - Setting next_dagrun for meteorisk_pipeline to 2026-09-18 00:00:00+00:00, run_after=2026-09-19 00:00:00+00:00
[2026-09-18T09:26:25.692+0000] {processor.py:183} INFO - Processing /opt/airflow/dags/meteorisk_dag.py took 0.197 seconds
[2026-09-18T09:26:55.883+0000] {processor.py:161} INFO - Started process (PID=731) to work on /opt/airflow/dags/meteorisk_dag.py
[2026-09-18T09:26:55.885+0000] {processor.py:830} INFO - Processing file /opt/airflow/dags/meteorisk_dag.py for tasks to queue
[2026-09-18T09:26:55.888+0000] {logging_mixin.py:188} INFO - [2026-09-18T09:26:55.888+0000] {dagbag.py:545} INFO - Filling up the DagBag from /opt/airflow/dags/meteorisk_dag.py
[2026-09-18T09:26:55.969+0000] {processor.py:840} INFO - DAG(s) 'meteorisk_pipeline' retrieved from /opt/airflow/dags/meteorisk_dag.py
[2026-09-18T09:26:56.021+0000] {logging_mixin.py:188} INFO - [2026-09-18T09:26:56.021+0000] {dag.py:3089} INFO - Sync 1 DAGs
[2026-09-18T09:26:56.075+0000] {logging_mixin.py:188} INFO - [2026-09-18T09:26:56.074+0000] {dag.py:3947} INFO - Setting next_dagrun for meteorisk_pipeline to 2026-09-18 00:00:00+00:00, run_after=2026-09-19 00:00:00+00:00
[2026-09-18T09:26:56.117+0000] {processor.py:183} INFO - Processing /opt/airflow/dags/meteorisk_dag.py took 0.247 seconds
[2026-09-18T09:27:26.350+0000] {processor.py:161} INFO - Started process (PID=736) to work on /opt/airflow/dags/meteorisk_dag.py
[2026-09-18T09:27:26.354+0000] {processor.py:830} INFO - Processing file /opt/airflow/dags/meteorisk_dag.py for tasks to queue
[2026-09-18T09:27:26.358+0000] {logging_mixin.py:188} INFO - [2026-09-18T09:27:26.357+0000] {dagbag.py:545} INFO - Filling up the DagBag from /opt/airflow/dags/meteorisk_dag.py
[2026-09-18T09:27:26.407+0000] {processor.py:840} INFO - DAG(s) 'meteorisk_pipeline' retrieved from /opt/airflow/dags/meteorisk_dag.py
[2026-09-18T09:27:26.474+0000] {logging_mixin.py:188} INFO - [2026-09-18T09:27:26.473+0000] {dag.py:3089} INFO - Sync 1 DAGs
[2026-09-18T09:27:26.520+0000] {logging_mixin.py:188} INFO - [2026-09-18T09:27:26.519+0000] {dag.py:3947} INFO - Setting next_dagrun for meteorisk_pipeline to 2026-09-18 00:00:00+00:00, run_after=2026-09-19 00:00:00+00:00
[2026-09-18T09:27:26.558+0000] {processor.py:183} INFO - Processing /opt/airflow/dags/meteorisk_dag.py took 0.216 seconds
[2026-09-18T09:27:56.711+0000] {processor.py:161} INFO - Started process (PID=741) to work on /opt/airflow/dags/meteorisk_dag.py
[2026-09-18T09:27:56.712+0000] {processor.py:830} INFO - Processing file /opt/airflow/dags/meteorisk_dag.py for tasks to queue
[2026-09-18T09:27:56.715+0000] {logging_mixin.py:188} INFO - [2026-09-18T09:27:56.715+0000] {dagbag.py:545} INFO - Filling up the DagBag from /opt/airflow/dags/meteorisk_dag.py
[2026-09-18T09:27:56.763+0000] {processor.py:840} INFO - DAG(s) 'meteorisk_pipeline' retrieved from /opt/airflow/dags/meteorisk_dag.py
[2026-09-18T09:27:56.829+0000] {logging_mixin.py:188} INFO - [2026-09-18T09:27:56.828+0000] {dag.py:3089} INFO - Sync 1 DAGs
[2026-09-18T09:27:56.872+0000] {logging_mixin.py:188} INFO - [2026-09-18T09:27:56.872+0000] {dag.py:3947} INFO - Setting next_dagrun for meteorisk_pipeline to 2026-09-18 00:00:00+00:00, run_after=2026-09-19 00:00:00+00:00
[2026-09-18T09:27:56.950+0000] {processor.py:183} INFO - Processing /opt/airflow/dags/meteorisk_dag.py took 0.247 seconds
[2026-09-18T09:28:27.272+0000] {processor.py:161} INFO - Started process (PID=746) to work on /opt/airflow/dags/meteorisk_dag.py
[2026-09-18T09:28:27.274+0000] {processor.py:830} INFO - Processing file /opt/airflow/dags/meteorisk_dag.py for tasks to queue
[2026-09-18T09:28:27.278+0000] {logging_mixin.py:188} INFO - [2026-09-18T09:28:27.277+0000] {dagbag.py:545} INFO - Filling up the DagBag from /opt/airflow/dags/meteorisk_dag.py
[2026-09-18T09:28:27.330+0000] {processor.py:840} INFO - DAG(s) 'meteorisk_pipeline' retrieved from /opt/airflow/dags/meteorisk_dag.py
[2026-09-18T09:28:27.390+0000] {logging_mixin.py:188} INFO - [2026-09-18T09:28:27.390+0000] {dag.py:3089} INFO - Sync 1 DAGs
[2026-09-18T09:28:27.460+0000] {logging_mixin.py:188} INFO - [2026-09-18T09:28:27.459+0000] {dag.py:3947} INFO - Setting next_dagrun for meteorisk_pipeline to 2026-09-18 00:00:00+00:00, run_after=2026-09-19 00:00:00+00:00
[2026-09-18T09:28:27.510+0000] {processor.py:183} INFO - Processing /opt/airflow/dags/meteorisk_dag.py took 0.248 seconds
[2026-09-18T09:28:57.611+0000] {processor.py:161} INFO - Started process (PID=751) to work on /opt/airflow/dags/meteorisk_dag.py
[2026-09-18T09:28:57.613+0000] {processor.py:830} INFO - Processing file /opt/airflow/dags/meteorisk_dag.py for tasks to queue
[2026-09-18T09:28:57.615+0000] {logging_mixin.py:188} INFO - [2026-09-18T09:28:57.615+0000] {dagbag.py:545} INFO - Filling up the DagBag from /opt/airflow/dags/meteorisk_dag.py
[2026-09-18T09:28:57.660+0000] {processor.py:840} INFO - DAG(s) 'meteorisk_pipeline' retrieved from /opt/airflow/dags/meteorisk_dag.py
[2026-09-18T09:28:57.711+0000] {logging_mixin.py:188} INFO - [2026-09-18T09:28:57.710+0000] {dag.py:3089} INFO - Sync 1 DAGs
[2026-09-18T09:28:57.764+0000] {logging_mixin.py:188} INFO - [2026-09-18T09:28:57.763+0000] {dag.py:3947} INFO - Setting next_dagrun for meteorisk_pipeline to 2026-09-18 00:00:00+00:00, run_after=2026-09-19 00:00:00+00:00
[2026-09-18T09:28:57.829+0000] {processor.py:183} INFO - Processing /opt/airflow/dags/meteorisk_dag.py took 0.226 seconds
[2026-09-18T09:29:28.226+0000] {processor.py:161} INFO - Started process (PID=756) to work on /opt/airflow/dags/meteorisk_dag.py
[2026-09-18T09:29:28.229+0000] {processor.py:830} INFO - Processing file /opt/airflow/dags/meteorisk_dag.py for tasks to queue
[2026-09-18T09:29:28.232+0000] {logging_mixin.py:188} INFO - [2026-09-18T09:29:28.232+0000] {dagbag.py:545} INFO - Filling up the DagBag from /opt/airflow/dags/meteorisk_dag.py
[2026-09-18T09:29:28.276+0000] {processor.py:840} INFO - DAG(s) 'meteorisk_pipeline' retrieved from /opt/airflow/dags/meteorisk_dag.py
[2026-09-18T09:29:28.330+0000] {logging_mixin.py:188} INFO - [2026-09-18T09:29:28.330+0000] {dag.py:3089} INFO - Sync 1 DAGs
[2026-09-18T09:29:28.366+0000] {logging_mixin.py:188} INFO - [2026-09-18T09:29:28.366+0000] {dag.py:3947} INFO - Setting next_dagrun for meteorisk_pipeline to 2026-09-18 00:00:00+00:00, run_after=2026-09-19 00:00:00+00:00
[2026-09-18T09:29:28.405+0000] {processor.py:183} INFO - Processing /opt/airflow/dags/meteorisk_dag.py took 0.194 seconds
[2026-09-18T09:29:58.552+0000] {processor.py:161} INFO - Started process (PID=761) to work on /opt/airflow/dags/meteorisk_dag.py
[2026-09-18T09:29:58.554+0000] {processor.py:830} INFO - Processing file /opt/airflow/dags/meteorisk_dag.py for tasks to queue
[2026-09-18T09:29:58.557+0000] {logging_mixin.py:188} INFO - [2026-09-18T09:29:58.557+0000] {dagbag.py:545} INFO - Filling up the DagBag from /opt/airflow/dags/meteorisk_dag.py
[2026-09-18T09:29:58.595+0000] {processor.py:840} INFO - DAG(s) 'meteorisk_pipeline' retrieved from /opt/airflow/dags/meteorisk_dag.py
[2026-09-18T09:29:58.644+0000] {logging_mixin.py:188} INFO - [2026-09-18T09:29:58.644+0000] {dag.py:3089} INFO - Sync 1 DAGs
[2026-09-18T09:29:58.675+0000] {logging_mixin.py:188} INFO - [2026-09-18T09:29:58.675+0000] {dag.py:3947} INFO - Setting next_dagrun for meteorisk_pipeline to 2026-09-18 00:00:00+00:00, run_after=2026-09-19 00:00:00+00:00
[2026-09-18T09:29:58.708+0000] {processor.py:183} INFO - Processing /opt/airflow/dags/meteorisk_dag.py took 0.163 seconds
[2026-09-18T09:30:28.983+0000] {processor.py:161} INFO - Started process (PID=766) to work on /opt/airflow/dags/meteorisk_dag.py
[2026-09-18T09:30:28.984+0000] {processor.py:830} INFO - Processing file /opt/airflow/dags/meteorisk_dag.py for tasks to queue
[2026-09-18T09:30:28.987+0000] {logging_mixin.py:188} INFO - [2026-09-18T09:30:28.986+0000] {dagbag.py:545} INFO - Filling up the DagBag from /opt/airflow/dags/meteorisk_dag.py
[2026-09-18T09:30:29.025+0000] {processor.py:840} INFO - DAG(s) 'meteorisk_pipeline' retrieved from /opt/airflow/dags/meteorisk_dag.py
[2026-09-18T09:30:29.072+0000] {logging_mixin.py:188} INFO - [2026-09-18T09:30:29.071+0000] {dag.py:3089} INFO - Sync 1 DAGs
[2026-09-18T09:30:29.104+0000] {logging_mixin.py:188} INFO - [2026-09-18T09:30:29.104+0000] {dag.py:3947} INFO - Setting next_dagrun for meteorisk_pipeline to 2026-09-18 00:00:00+00:00, run_after=2026-09-19 00:00:00+00:00
[2026-09-18T09:30:29.134+0000] {processor.py:183} INFO - Processing /opt/airflow/dags/meteorisk_dag.py took 0.160 seconds
[2026-09-18T09:30:59.371+0000] {processor.py:161} INFO - Started process (PID=771) to work on /opt/airflow/dags/meteorisk_dag.py
[2026-09-18T09:30:59.373+0000] {processor.py:830} INFO - Processing file /opt/airflow/dags/meteorisk_dag.py for tasks to queue
[2026-09-18T09:30:59.376+0000] {logging_mixin.py:188} INFO - [2026-09-18T09:30:59.375+0000] {dagbag.py:545} INFO - Filling up the DagBag from /opt/airflow/dags/meteorisk_dag.py
[2026-09-18T09:30:59.415+0000] {processor.py:840} INFO - DAG(s) 'meteorisk_pipeline' retrieved from /opt/airflow/dags/meteorisk_dag.py
[2026-09-18T09:30:59.471+0000] {logging_mixin.py:188} INFO - [2026-09-18T09:30:59.470+0000] {dag.py:3089} INFO - Sync 1 DAGs
[2026-09-18T09:30:59.503+0000] {logging_mixin.py:188} INFO - [2026-09-18T09:30:59.502+0000] {dag.py:3947} INFO - Setting next_dagrun for meteorisk_pipeline to 2026-09-18 00:00:00+00:00, run_after=2026-09-19 00:00:00+00:00
[2026-09-18T09:30:59.542+0000] {processor.py:183} INFO - Processing /opt/airflow/dags/meteorisk_dag.py took 0.179 seconds
[2026-09-18T09:31:29.809+0000] {processor.py:161} INFO - Started process (PID=776) to work on /opt/airflow/dags/meteorisk_dag.py
[2026-09-18T09:31:29.811+0000] {processor.py:830} INFO - Processing file /opt/airflow/dags/meteorisk_dag.py for tasks to queue
[2026-09-18T09:31:29.814+0000] {logging_mixin.py:188} INFO - [2026-09-18T09:31:29.814+0000] {dagbag.py:545} INFO - Filling up the DagBag from /opt/airflow/dags/meteorisk_dag.py
[2026-09-18T09:31:29.850+0000] {processor.py:840} INFO - DAG(s) 'meteorisk_pipeline' retrieved from /opt/airflow/dags/meteorisk_dag.py
[2026-09-18T09:31:29.899+0000] {logging_mixin.py:188} INFO - [2026-09-18T09:31:29.899+0000] {dag.py:3089} INFO - Sync 1 DAGs
[2026-09-18T09:31:29.946+0000] {logging_mixin.py:188} INFO - [2026-09-18T09:31:29.946+0000] {dag.py:3947} INFO - Setting next_dagrun for meteorisk_pipeline to 2026-09-18 00:00:00+00:00, run_after=2026-09-19 00:00:00+00:00
[2026-09-18T09:31:29.987+0000] {processor.py:183} INFO - Processing /opt/airflow/dags/meteorisk_dag.py took 0.185 seconds
[2026-09-18T09:32:00.064+0000] {processor.py:161} INFO - Started process (PID=781) to work on /opt/airflow/dags/meteorisk_dag.py
[2026-09-18T09:32:00.066+0000] {processor.py:830} INFO - Processing file /opt/airflow/dags/meteorisk_dag.py for tasks to queue
[2026-09-18T09:32:00.069+0000] {logging_mixin.py:188} INFO - [2026-09-18T09:32:00.068+0000] {dagbag.py:545} INFO - Filling up the DagBag from /opt/airflow/dags/meteorisk_dag.py
[2026-09-18T09:32:00.102+0000] {processor.py:840} INFO - DAG(s) 'meteorisk_pipeline' retrieved from /opt/airflow/dags/meteorisk_dag.py
[2026-09-18T09:32:00.150+0000] {logging_mixin.py:188} INFO - [2026-09-18T09:32:00.149+0000] {dag.py:3089} INFO - Sync 1 DAGs
[2026-09-18T09:32:00.179+0000] {logging_mixin.py:188} INFO - [2026-09-18T09:32:00.178+0000] {dag.py:3947} INFO - Setting next_dagrun for meteorisk_pipeline to 2026-09-18 00:00:00+00:00, run_after=2026-09-19 00:00:00+00:00
[2026-09-18T09:32:00.208+0000] {processor.py:183} INFO - Processing /opt/airflow/dags/meteorisk_dag.py took 0.151 seconds
[2026-09-18T09:32:30.426+0000] {processor.py:161} INFO - Started process (PID=786) to work on /opt/airflow/dags/meteorisk_dag.py
[2026-09-18T09:32:30.427+0000] {processor.py:830} INFO - Processing file /opt/airflow/dags/meteorisk_dag.py for tasks to queue
[2026-09-18T09:32:30.430+0000] {logging_mixin.py:188} INFO - [2026-09-18T09:32:30.429+0000] {dagbag.py:545} INFO - Filling up the DagBag from /opt/airflow/dags/meteorisk_dag.py
[2026-09-18T09:32:30.465+0000] {processor.py:840} INFO - DAG(s) 'meteorisk_pipeline' retrieved from /opt/airflow/dags/meteorisk_dag.py
[2026-09-18T09:32:30.520+0000] {logging_mixin.py:188} INFO - [2026-09-18T09:32:30.519+0000] {dag.py:3089} INFO - Sync 1 DAGs
[2026-09-18T09:32:30.557+0000] {logging_mixin.py:188} INFO - [2026-09-18T09:32:30.557+0000] {dag.py:3947} INFO - Setting next_dagrun for meteorisk_pipeline to 2026-09-18 00:00:00+00:00, run_after=2026-09-19 00:00:00+00:00
[2026-09-18T09:32:30.593+0000] {processor.py:183} INFO - Processing /opt/airflow/dags/meteorisk_dag.py took 0.174 seconds
[2026-09-18T09:33:00.661+0000] {processor.py:161} INFO - Started process (PID=791) to work on /opt/airflow/dags/meteorisk_dag.py
[2026-09-18T09:33:00.662+0000] {processor.py:830} INFO - Processing file /opt/airflow/dags/meteorisk_dag.py for tasks to queue
[2026-09-18T09:33:00.667+0000] {logging_mixin.py:188} INFO - [2026-09-18T09:33:00.665+0000] {dagbag.py:545} INFO - Filling up the DagBag from /opt/airflow/dags/meteorisk_dag.py
[2026-09-18T09:33:00.706+0000] {processor.py:840} INFO - DAG(s) 'meteorisk_pipeline' retrieved from /opt/airflow/dags/meteorisk_dag.py
[2026-09-18T09:33:00.752+0000] {logging_mixin.py:188} INFO - [2026-09-18T09:33:00.752+0000] {dag.py:3089} INFO - Sync 1 DAGs
[2026-09-18T09:33:00.782+0000] {logging_mixin.py:188} INFO - [2026-09-18T09:33:00.782+0000] {dag.py:3947} INFO - Setting next_dagrun for meteorisk_pipeline to 2026-09-18 00:00:00+00:00, run_after=2026-09-19 00:00:00+00:00
[2026-09-18T09:33:00.813+0000] {processor.py:183} INFO - Processing /opt/airflow/dags/meteorisk_dag.py took 0.161 seconds
[2026-09-18T09:33:31.057+0000] {processor.py:161} INFO - Started process (PID=796) to work on /opt/airflow/dags/meteorisk_dag.py
[2026-09-18T09:33:31.060+0000] {processor.py:830} INFO - Processing file /opt/airflow/dags/meteorisk_dag.py for tasks to queue
[2026-09-18T09:33:31.063+0000] {logging_mixin.py:188} INFO - [2026-09-18T09:33:31.062+0000] {dagbag.py:545} INFO - Filling up the DagBag from /opt/airflow/dags/meteorisk_dag.py
[2026-09-18T09:33:31.104+0000] {processor.py:840} INFO - DAG(s) 'meteorisk_pipeline' retrieved from /opt/airflow/dags/meteorisk_dag.py
[2026-09-18T09:33:31.152+0000] {logging_mixin.py:188} INFO - [2026-09-18T09:33:31.151+0000] {dag.py:3089} INFO - Sync 1 DAGs
[2026-09-18T09:33:31.183+0000] {logging_mixin.py:188} INFO - [2026-09-18T09:33:31.183+0000] {dag.py:3947} INFO - Setting next_dagrun for meteorisk_pipeline to 2026-09-18 00:00:00+00:00, run_after=2026-09-19 00:00:00+00:00
[2026-09-18T09:33:31.212+0000] {processor.py:183} INFO - Processing /opt/airflow/dags/meteorisk_dag.py took 0.162 seconds
[2026-09-18T09:34:01.277+0000] {processor.py:161} INFO - Started process (PID=801) to work on /opt/airflow/dags/meteorisk_dag.py
[2026-09-18T09:34:01.279+0000] {processor.py:830} INFO - Processing file /opt/airflow/dags/meteorisk_dag.py for tasks to queue
[2026-09-18T09:34:01.283+0000] {logging_mixin.py:188} INFO - [2026-09-18T09:34:01.283+0000] {dagbag.py:545} INFO - Filling up the DagBag from /opt/airflow/dags/meteorisk_dag.py
[2026-09-18T09:34:01.320+0000] {processor.py:840} INFO - DAG(s) 'meteorisk_pipeline' retrieved from /opt/airflow/dags/meteorisk_dag.py
[2026-09-18T09:34:01.363+0000] {logging_mixin.py:188} INFO - [2026-09-18T09:34:01.363+0000] {dag.py:3089} INFO - Sync 1 DAGs
[2026-09-18T09:34:01.393+0000] {logging_mixin.py:188} INFO - [2026-09-18T09:34:01.393+0000] {dag.py:3947} INFO - Setting next_dagrun for meteorisk_pipeline to 2026-09-18 00:00:00+00:00, run_after=2026-09-19 00:00:00+00:00
[2026-09-18T09:34:01.425+0000] {processor.py:183} INFO - Processing /opt/airflow/dags/meteorisk_dag.py took 0.154 seconds
[2026-09-18T09:34:31.618+0000] {processor.py:161} INFO - Started process (PID=806) to work on /opt/airflow/dags/meteorisk_dag.py
[2026-09-18T09:34:31.620+0000] {processor.py:830} INFO - Processing file /opt/airflow/dags/meteorisk_dag.py for tasks to queue
[2026-09-18T09:34:31.623+0000] {logging_mixin.py:188} INFO - [2026-09-18T09:34:31.622+0000] {dagbag.py:545} INFO - Filling up the DagBag from /opt/airflow/dags/meteorisk_dag.py
[2026-09-18T09:34:31.656+0000] {processor.py:840} INFO - DAG(s) 'meteorisk_pipeline' retrieved from /opt/airflow/dags/meteorisk_dag.py
[2026-09-18T09:34:31.697+0000] {logging_mixin.py:188} INFO - [2026-09-18T09:34:31.697+0000] {dag.py:3089} INFO - Sync 1 DAGs
[2026-09-18T09:34:31.727+0000] {logging_mixin.py:188} INFO - [2026-09-18T09:34:31.727+0000] {dag.py:3947} INFO - Setting next_dagrun for meteorisk_pipeline to 2026-09-18 00:00:00+00:00, run_after=2026-09-19 00:00:00+00:00
[2026-09-18T09:34:31.760+0000] {processor.py:183} INFO - Processing /opt/airflow/dags/meteorisk_dag.py took 0.149 seconds
[2026-09-18T09:35:01.866+0000] {processor.py:161} INFO - Started process (PID=811) to work on /opt/airflow/dags/meteorisk_dag.py
[2026-09-18T09:35:01.868+0000] {processor.py:830} INFO - Processing file /opt/airflow/dags/meteorisk_dag.py for tasks to queue
[2026-09-18T09:35:01.873+0000] {logging_mixin.py:188} INFO - [2026-09-18T09:35:01.872+0000] {dagbag.py:545} INFO - Filling up the DagBag from /opt/airflow/dags/meteorisk_dag.py
[2026-09-18T09:35:01.922+0000] {processor.py:840} INFO - DAG(s) 'meteorisk_pipeline' retrieved from /opt/airflow/dags/meteorisk_dag.py
[2026-09-18T09:35:01.973+0000] {logging_mixin.py:188} INFO - [2026-09-18T09:35:01.972+0000] {dag.py:3089} INFO - Sync 1 DAGs
[2026-09-18T09:35:02.004+0000] {logging_mixin.py:188} INFO - [2026-09-18T09:35:02.004+0000] {dag.py:3947} INFO - Setting next_dagrun for meteorisk_pipeline to 2026-09-18 00:00:00+00:00, run_after=2026-09-19 00:00:00+00:00
[2026-09-18T09:35:02.041+0000] {processor.py:183} INFO - Processing /opt/airflow/dags/meteorisk_dag.py took 0.187 seconds
[2026-09-18T09:35:32.157+0000] {processor.py:161} INFO - Started process (PID=816) to work on /opt/airflow/dags/meteorisk_dag.py
[2026-09-18T09:35:32.160+0000] {processor.py:830} INFO - Processing file /opt/airflow/dags/meteorisk_dag.py for tasks to queue
[2026-09-18T09:35:32.165+0000] {logging_mixin.py:188} INFO - [2026-09-18T09:35:32.164+0000] {dagbag.py:545} INFO - Filling up the DagBag from /opt/airflow/dags/meteorisk_dag.py
[2026-09-18T09:35:32.204+0000] {processor.py:840} INFO - DAG(s) 'meteorisk_pipeline' retrieved from /opt/airflow/dags/meteorisk_dag.py
[2026-09-18T09:35:32.250+0000] {logging_mixin.py:188} INFO - [2026-09-18T09:35:32.250+0000] {dag.py:3089} INFO - Sync 1 DAGs
[2026-09-18T09:35:32.282+0000] {logging_mixin.py:188} INFO - [2026-09-18T09:35:32.282+0000] {dag.py:3947} INFO - Setting next_dagrun for meteorisk_pipeline to 2026-09-18 00:00:00+00:00, run_after=2026-09-19 00:00:00+00:00
[2026-09-18T09:35:32.317+0000] {processor.py:183} INFO - Processing /opt/airflow/dags/meteorisk_dag.py took 0.170 seconds
[2026-09-18T09:36:02.394+0000] {processor.py:161} INFO - Started process (PID=821) to work on /opt/airflow/dags/meteorisk_dag.py
[2026-09-18T09:36:02.396+0000] {processor.py:830} INFO - Processing file /opt/airflow/dags/meteorisk_dag.py for tasks to queue
[2026-09-18T09:36:02.399+0000] {logging_mixin.py:188} INFO - [2026-09-18T09:36:02.399+0000] {dagbag.py:545} INFO - Filling up the DagBag from /opt/airflow/dags/meteorisk_dag.py
[2026-09-18T09:36:02.435+0000] {processor.py:840} INFO - DAG(s) 'meteorisk_pipeline' retrieved from /opt/airflow/dags/meteorisk_dag.py
[2026-09-18T09:36:02.479+0000] {logging_mixin.py:188} INFO - [2026-09-18T09:36:02.479+0000] {dag.py:3089} INFO - Sync 1 DAGs
[2026-09-18T09:36:02.510+0000] {logging_mixin.py:188} INFO - [2026-09-18T09:36:02.510+0000] {dag.py:3947} INFO - Setting next_dagrun for meteorisk_pipeline to 2026-09-18 00:00:00+00:00, run_after=2026-09-19 00:00:00+00:00
[2026-09-18T09:36:02.541+0000] {processor.py:183} INFO - Processing /opt/airflow/dags/meteorisk_dag.py took 0.155 seconds
[2026-09-18T09:36:32.759+0000] {processor.py:161} INFO - Started process (PID=826) to work on /opt/airflow/dags/meteorisk_dag.py
[2026-09-18T09:36:32.762+0000] {processor.py:830} INFO - Processing file /opt/airflow/dags/meteorisk_dag.py for tasks to queue
[2026-09-18T09:36:32.768+0000] {logging_mixin.py:188} INFO - [2026-09-18T09:36:32.767+0000] {dagbag.py:545} INFO - Filling up the DagBag from /opt/airflow/dags/meteorisk_dag.py
[2026-09-18T09:36:32.806+0000] {processor.py:840} INFO - DAG(s) 'meteorisk_pipeline' retrieved from /opt/airflow/dags/meteorisk_dag.py
[2026-09-18T09:36:32.862+0000] {logging_mixin.py:188} INFO - [2026-09-18T09:36:32.861+0000] {dag.py:3089} INFO - Sync 1 DAGs
[2026-09-18T09:36:32.898+0000] {logging_mixin.py:188} INFO - [2026-09-18T09:36:32.898+0000] {dag.py:3947} INFO - Setting next_dagrun for meteorisk_pipeline to 2026-09-18 00:00:00+00:00, run_after=2026-09-19 00:00:00+00:00
[2026-09-18T09:36:32.937+0000] {processor.py:183} INFO - Processing /opt/airflow/dags/meteorisk_dag.py took 0.187 seconds
[2026-09-18T09:37:03.017+0000] {processor.py:161} INFO - Started process (PID=831) to work on /opt/airflow/dags/meteorisk_dag.py
[2026-09-18T09:37:03.019+0000] {processor.py:830} INFO - Processing file /opt/airflow/dags/meteorisk_dag.py for tasks to queue
[2026-09-18T09:37:03.022+0000] {logging_mixin.py:188} INFO - [2026-09-18T09:37:03.022+0000] {dagbag.py:545} INFO - Filling up the DagBag from /opt/airflow/dags/meteorisk_dag.py
[2026-09-18T09:37:03.055+0000] {processor.py:840} INFO - DAG(s) 'meteorisk_pipeline' retrieved from /opt/airflow/dags/meteorisk_dag.py
[2026-09-18T09:37:03.104+0000] {logging_mixin.py:188} INFO - [2026-09-18T09:37:03.104+0000] {dag.py:3089} INFO - Sync 1 DAGs
[2026-09-18T09:37:03.134+0000] {logging_mixin.py:188} INFO - [2026-09-18T09:37:03.134+0000] {dag.py:3947} INFO - Setting next_dagrun for meteorisk_pipeline to 2026-09-18 00:00:00+00:00, run_after=2026-09-19 00:00:00+00:00
[2026-09-18T09:37:03.164+0000] {processor.py:183} INFO - Processing /opt/airflow/dags/meteorisk_dag.py took 0.154 seconds
[2026-09-18T09:37:33.394+0000] {processor.py:161} INFO - Started process (PID=836) to work on /opt/airflow/dags/meteorisk_dag.py
[2026-09-18T09:37:33.396+0000] {processor.py:830} INFO - Processing file /opt/airflow/dags/meteorisk_dag.py for tasks to queue
[2026-09-18T09:37:33.400+0000] {logging_mixin.py:188} INFO - [2026-09-18T09:37:33.399+0000] {dagbag.py:545} INFO - Filling up the DagBag from /opt/airflow/dags/meteorisk_dag.py
[2026-09-18T09:37:33.435+0000] {processor.py:840} INFO - DAG(s) 'meteorisk_pipeline' retrieved from /opt/airflow/dags/meteorisk_dag.py
[2026-09-18T09:37:33.474+0000] {logging_mixin.py:188} INFO - [2026-09-18T09:37:33.474+0000] {dag.py:3089} INFO - Sync 1 DAGs
[2026-09-18T09:37:33.503+0000] {logging_mixin.py:188} INFO - [2026-09-18T09:37:33.503+0000] {dag.py:3947} INFO - Setting next_dagrun for meteorisk_pipeline to 2026-09-18 00:00:00+00:00, run_after=2026-09-19 00:00:00+00:00
[2026-09-18T09:37:33.535+0000] {processor.py:183} INFO - Processing /opt/airflow/dags/meteorisk_dag.py took 0.148 seconds
[2026-09-18T09:38:03.734+0000] {processor.py:161} INFO - Started process (PID=841) to work on /opt/airflow/dags/meteorisk_dag.py
[2026-09-18T09:38:03.736+0000] {processor.py:830} INFO - Processing file /opt/airflow/dags/meteorisk_dag.py for tasks to queue
[2026-09-18T09:38:03.739+0000] {logging_mixin.py:188} INFO - [2026-09-18T09:38:03.739+0000] {dagbag.py:545} INFO - Filling up the DagBag from /opt/airflow/dags/meteorisk_dag.py
[2026-09-18T09:38:03.774+0000] {processor.py:840} INFO - DAG(s) 'meteorisk_pipeline' retrieved from /opt/airflow/dags/meteorisk_dag.py
[2026-09-18T09:38:03.813+0000] {logging_mixin.py:188} INFO - [2026-09-18T09:38:03.813+0000] {dag.py:3089} INFO - Sync 1 DAGs
[2026-09-18T09:38:03.843+0000] {logging_mixin.py:188} INFO - [2026-09-18T09:38:03.842+0000] {dag.py:3947} INFO - Setting next_dagrun for meteorisk_pipeline to 2026-09-18 00:00:00+00:00, run_after=2026-09-19 00:00:00+00:00
[2026-09-18T09:38:03.872+0000] {processor.py:183} INFO - Processing /opt/airflow/dags/meteorisk_dag.py took 0.148 seconds
[2026-09-18T09:38:34.015+0000] {processor.py:161} INFO - Started process (PID=846) to work on /opt/airflow/dags/meteorisk_dag.py
[2026-09-18T09:38:34.017+0000] {processor.py:830} INFO - Processing file /opt/airflow/dags/meteorisk_dag.py for tasks to queue
[2026-09-18T09:38:34.022+0000] {logging_mixin.py:188} INFO - [2026-09-18T09:38:34.021+0000] {dagbag.py:545} INFO - Filling up the DagBag from /opt/airflow/dags/meteorisk_dag.py
[2026-09-18T09:38:34.062+0000] {processor.py:840} INFO - DAG(s) 'meteorisk_pipeline' retrieved from /opt/airflow/dags/meteorisk_dag.py
[2026-09-18T09:38:34.107+0000] {logging_mixin.py:188} INFO - [2026-09-18T09:38:34.106+0000] {dag.py:3089} INFO - Sync 1 DAGs
[2026-09-18T09:38:34.139+0000] {logging_mixin.py:188} INFO - [2026-09-18T09:38:34.139+0000] {dag.py:3947} INFO - Setting next_dagrun for meteorisk_pipeline to 2026-09-18 00:00:00+00:00, run_after=2026-09-19 00:00:00+00:00
[2026-09-18T09:38:34.174+0000] {processor.py:183} INFO - Processing /opt/airflow/dags/meteorisk_dag.py took 0.168 seconds
[2026-09-18T09:39:04.344+0000] {processor.py:161} INFO - Started process (PID=851) to work on /opt/airflow/dags/meteorisk_dag.py
[2026-09-18T09:39:04.346+0000] {processor.py:830} INFO - Processing file /opt/airflow/dags/meteorisk_dag.py for tasks to queue
[2026-09-18T09:39:04.348+0000] {logging_mixin.py:188} INFO - [2026-09-18T09:39:04.347+0000] {dagbag.py:545} INFO - Filling up the DagBag from /opt/airflow/dags/meteorisk_dag.py
[2026-09-18T09:39:04.382+0000] {processor.py:840} INFO - DAG(s) 'meteorisk_pipeline' retrieved from /opt/airflow/dags/meteorisk_dag.py
[2026-09-18T09:39:04.433+0000] {logging_mixin.py:188} INFO - [2026-09-18T09:39:04.433+0000] {dag.py:3089} INFO - Sync 1 DAGs
[2026-09-18T09:39:04.469+0000] {logging_mixin.py:188} INFO - [2026-09-18T09:39:04.469+0000] {dag.py:3947} INFO - Setting next_dagrun for meteorisk_pipeline to 2026-09-18 00:00:00+00:00, run_after=2026-09-19 00:00:00+00:00
[2026-09-18T09:39:04.508+0000] {processor.py:183} INFO - Processing /opt/airflow/dags/meteorisk_dag.py took 0.172 seconds
[2026-09-18T09:39:34.711+0000] {processor.py:161} INFO - Started process (PID=856) to work on /opt/airflow/dags/meteorisk_dag.py
[2026-09-18T09:39:34.713+0000] {processor.py:830} INFO - Processing file /opt/airflow/dags/meteorisk_dag.py for tasks to queue
[2026-09-18T09:39:34.715+0000] {logging_mixin.py:188} INFO - [2026-09-18T09:39:34.715+0000] {dagbag.py:545} INFO - Filling up the DagBag from /opt/airflow/dags/meteorisk_dag.py
[2026-09-18T09:39:34.746+0000] {processor.py:840} INFO - DAG(s) 'meteorisk_pipeline' retrieved from /opt/airflow/dags/meteorisk_dag.py
[2026-09-18T09:39:34.791+0000] {logging_mixin.py:188} INFO - [2026-09-18T09:39:34.791+0000] {dag.py:3089} INFO - Sync 1 DAGs
[2026-09-18T09:39:34.824+0000] {logging_mixin.py:188} INFO - [2026-09-18T09:39:34.824+0000] {dag.py:3947} INFO - Setting next_dagrun for meteorisk_pipeline to 2026-09-18 00:00:00+00:00, run_after=2026-09-19 00:00:00+00:00
[2026-09-18T09:39:34.860+0000] {processor.py:183} INFO - Processing /opt/airflow/dags/meteorisk_dag.py took 0.156 seconds
[2026-09-18T09:40:04.960+0000] {processor.py:161} INFO - Started process (PID=861) to work on /opt/airflow/dags/meteorisk_dag.py
[2026-09-18T09:40:04.961+0000] {processor.py:830} INFO - Processing file /opt/airflow/dags/meteorisk_dag.py for tasks to queue
[2026-09-18T09:40:04.964+0000] {logging_mixin.py:188} INFO - [2026-09-18T09:40:04.964+0000] {dagbag.py:545} INFO - Filling up the DagBag from /opt/airflow/dags/meteorisk_dag.py
[2026-09-18T09:40:04.999+0000] {processor.py:840} INFO - DAG(s) 'meteorisk_pipeline' retrieved from /opt/airflow/dags/meteorisk_dag.py
[2026-09-18T09:40:05.041+0000] {logging_mixin.py:188} INFO - [2026-09-18T09:40:05.041+0000] {dag.py:3089} INFO - Sync 1 DAGs
[2026-09-18T09:40:05.071+0000] {logging_mixin.py:188} INFO - [2026-09-18T09:40:05.071+0000] {dag.py:3947} INFO - Setting next_dagrun for meteorisk_pipeline to 2026-09-18 00:00:00+00:00, run_after=2026-09-19 00:00:00+00:00
[2026-09-18T09:40:05.101+0000] {processor.py:183} INFO - Processing /opt/airflow/dags/meteorisk_dag.py took 0.148 seconds
[2026-09-18T09:40:35.339+0000] {processor.py:161} INFO - Started process (PID=866) to work on /opt/airflow/dags/meteorisk_dag.py
[2026-09-18T09:40:35.341+0000] {processor.py:830} INFO - Processing file /opt/airflow/dags/meteorisk_dag.py for tasks to queue
[2026-09-18T09:40:35.344+0000] {logging_mixin.py:188} INFO - [2026-09-18T09:40:35.344+0000] {dagbag.py:545} INFO - Filling up the DagBag from /opt/airflow/dags/meteorisk_dag.py
[2026-09-18T09:40:35.379+0000] {processor.py:840} INFO - DAG(s) 'meteorisk_pipeline' retrieved from /opt/airflow/dags/meteorisk_dag.py
[2026-09-18T09:40:35.435+0000] {logging_mixin.py:188} INFO - [2026-09-18T09:40:35.434+0000] {dag.py:3089} INFO - Sync 1 DAGs
[2026-09-18T09:40:35.469+0000] {logging_mixin.py:188} INFO - [2026-09-18T09:40:35.469+0000] {dag.py:3947} INFO - Setting next_dagrun for meteorisk_pipeline to 2026-09-18 00:00:00+00:00, run_after=2026-09-19 00:00:00+00:00
[2026-09-18T09:40:35.501+0000] {processor.py:183} INFO - Processing /opt/airflow/dags/meteorisk_dag.py took 0.170 seconds
[2026-09-18T09:41:05.599+0000] {processor.py:161} INFO - Started process (PID=871) to work on /opt/airflow/dags/meteorisk_dag.py
[2026-09-18T09:41:05.600+0000] {processor.py:830} INFO - Processing file /opt/airflow/dags/meteorisk_dag.py for tasks to queue
[2026-09-18T09:41:05.603+0000] {logging_mixin.py:188} INFO - [2026-09-18T09:41:05.602+0000] {dagbag.py:545} INFO - Filling up the DagBag from /opt/airflow/dags/meteorisk_dag.py
[2026-09-18T09:41:05.636+0000] {processor.py:840} INFO - DAG(s) 'meteorisk_pipeline' retrieved from /opt/airflow/dags/meteorisk_dag.py
[2026-09-18T09:41:05.680+0000] {logging_mixin.py:188} INFO - [2026-09-18T09:41:05.679+0000] {dag.py:3089} INFO - Sync 1 DAGs
[2026-09-18T09:41:05.710+0000] {logging_mixin.py:188} INFO - [2026-09-18T09:41:05.710+0000] {dag.py:3947} INFO - Setting next_dagrun for meteorisk_pipeline to 2026-09-18 00:00:00+00:00, run_after=2026-09-19 00:00:00+00:00
[2026-09-18T09:41:05.740+0000] {processor.py:183} INFO - Processing /opt/airflow/dags/meteorisk_dag.py took 0.150 seconds
[2026-09-18T09:41:35.932+0000] {processor.py:161} INFO - Started process (PID=876) to work on /opt/airflow/dags/meteorisk_dag.py
[2026-09-18T09:41:35.934+0000] {processor.py:830} INFO - Processing file /opt/airflow/dags/meteorisk_dag.py for tasks to queue
[2026-09-18T09:41:35.938+0000] {logging_mixin.py:188} INFO - [2026-09-18T09:41:35.937+0000] {dagbag.py:545} INFO - Filling up the DagBag from /opt/airflow/dags/meteorisk_dag.py
[2026-09-18T09:41:35.975+0000] {processor.py:840} INFO - DAG(s) 'meteorisk_pipeline' retrieved from /opt/airflow/dags/meteorisk_dag.py
[2026-09-18T09:41:36.030+0000] {logging_mixin.py:188} INFO - [2026-09-18T09:41:36.029+0000] {dag.py:3089} INFO - Sync 1 DAGs
[2026-09-18T09:41:36.064+0000] {logging_mixin.py:188} INFO - [2026-09-18T09:41:36.064+0000] {dag.py:3947} INFO - Setting next_dagrun for meteorisk_pipeline to 2026-09-18 00:00:00+00:00, run_after=2026-09-19 00:00:00+00:00
[2026-09-18T09:41:36.101+0000] {processor.py:183} INFO - Processing /opt/airflow/dags/meteorisk_dag.py took 0.176 seconds
[2026-09-18T09:42:06.336+0000] {processor.py:161} INFO - Started process (PID=881) to work on /opt/airflow/dags/meteorisk_dag.py
[2026-09-18T09:42:06.338+0000] {processor.py:830} INFO - Processing file /opt/airflow/dags/meteorisk_dag.py for tasks to queue
[2026-09-18T09:42:06.340+0000] {logging_mixin.py:188} INFO - [2026-09-18T09:42:06.340+0000] {dagbag.py:545} INFO - Filling up the DagBag from /opt/airflow/dags/meteorisk_dag.py
[2026-09-18T09:42:06.376+0000] {processor.py:840} INFO - DAG(s) 'meteorisk_pipeline' retrieved from /opt/airflow/dags/meteorisk_dag.py
[2026-09-18T09:42:06.420+0000] {logging_mixin.py:188} INFO - [2026-09-18T09:42:06.420+0000] {dag.py:3089} INFO - Sync 1 DAGs
[2026-09-18T09:42:06.450+0000] {logging_mixin.py:188} INFO - [2026-09-18T09:42:06.450+0000] {dag.py:3947} INFO - Setting next_dagrun for meteorisk_pipeline to 2026-09-18 00:00:00+00:00, run_after=2026-09-19 00:00:00+00:00
[2026-09-18T09:42:06.481+0000] {processor.py:183} INFO - Processing /opt/airflow/dags/meteorisk_dag.py took 0.153 seconds
[2026-09-18T09:42:36.544+0000] {processor.py:161} INFO - Started process (PID=886) to work on /opt/airflow/dags/meteorisk_dag.py
[2026-09-18T09:42:36.546+0000] {processor.py:830} INFO - Processing file /opt/airflow/dags/meteorisk_dag.py for tasks to queue
[2026-09-18T09:42:36.549+0000] {logging_mixin.py:188} INFO - [2026-09-18T09:42:36.549+0000] {dagbag.py:545} INFO - Filling up the DagBag from /opt/airflow/dags/meteorisk_dag.py
[2026-09-18T09:42:36.592+0000] {processor.py:840} INFO - DAG(s) 'meteorisk_pipeline' retrieved from /opt/airflow/dags/meteorisk_dag.py
[2026-09-18T09:42:36.649+0000] {logging_mixin.py:188} INFO - [2026-09-18T09:42:36.649+0000] {dag.py:3089} INFO - Sync 1 DAGs
[2026-09-18T09:42:36.688+0000] {logging_mixin.py:188} INFO - [2026-09-18T09:42:36.687+0000] {dag.py:3947} INFO - Setting next_dagrun for meteorisk_pipeline to 2026-09-18 00:00:00+00:00, run_after=2026-09-19 00:00:00+00:00
[2026-09-18T09:42:36.739+0000] {processor.py:183} INFO - Processing /opt/airflow/dags/meteorisk_dag.py took 0.202 seconds
[2026-09-18T09:43:06.927+0000] {processor.py:161} INFO - Started process (PID=891) to work on /opt/airflow/dags/meteorisk_dag.py
[2026-09-18T09:43:06.929+0000] {processor.py:830} INFO - Processing file /opt/airflow/dags/meteorisk_dag.py for tasks to queue
[2026-09-18T09:43:06.932+0000] {logging_mixin.py:188} INFO - [2026-09-18T09:43:06.931+0000] {dagbag.py:545} INFO - Filling up the DagBag from /opt/airflow/dags/meteorisk_dag.py
[2026-09-18T09:43:06.968+0000] {processor.py:840} INFO - DAG(s) 'meteorisk_pipeline' retrieved from /opt/airflow/dags/meteorisk_dag.py
[2026-09-18T09:43:07.015+0000] {logging_mixin.py:188} INFO - [2026-09-18T09:43:07.015+0000] {dag.py:3089} INFO - Sync 1 DAGs
[2026-09-18T09:43:07.045+0000] {logging_mixin.py:188} INFO - [2026-09-18T09:43:07.044+0000] {dag.py:3947} INFO - Setting next_dagrun for meteorisk_pipeline to 2026-09-18 00:00:00+00:00, run_after=2026-09-19 00:00:00+00:00
[2026-09-18T09:43:07.074+0000] {processor.py:183} INFO - Processing /opt/airflow/dags/meteorisk_dag.py took 0.154 seconds
[2026-09-18T09:43:37.257+0000] {processor.py:161} INFO - Started process (PID=896) to work on /opt/airflow/dags/meteorisk_dag.py
[2026-09-18T09:43:37.259+0000] {processor.py:830} INFO - Processing file /opt/airflow/dags/meteorisk_dag.py for tasks to queue
[2026-09-18T09:43:37.261+0000] {logging_mixin.py:188} INFO - [2026-09-18T09:43:37.261+0000] {dagbag.py:545} INFO - Filling up the DagBag from /opt/airflow/dags/meteorisk_dag.py
[2026-09-18T09:43:37.297+0000] {processor.py:840} INFO - DAG(s) 'meteorisk_pipeline' retrieved from /opt/airflow/dags/meteorisk_dag.py
[2026-09-18T09:43:37.339+0000] {logging_mixin.py:188} INFO - [2026-09-18T09:43:37.339+0000] {dag.py:3089} INFO - Sync 1 DAGs
[2026-09-18T09:43:37.372+0000] {logging_mixin.py:188} INFO - [2026-09-18T09:43:37.372+0000] {dag.py:3947} INFO - Setting next_dagrun for meteorisk_pipeline to 2026-09-18 00:00:00+00:00, run_after=2026-09-19 00:00:00+00:00
[2026-09-18T09:43:37.404+0000] {processor.py:183} INFO - Processing /opt/airflow/dags/meteorisk_dag.py took 0.154 seconds
[2026-09-18T09:44:07.554+0000] {processor.py:161} INFO - Started process (PID=901) to work on /opt/airflow/dags/meteorisk_dag.py
[2026-09-18T09:44:07.556+0000] {processor.py:830} INFO - Processing file /opt/airflow/dags/meteorisk_dag.py for tasks to queue
[2026-09-18T09:44:07.559+0000] {logging_mixin.py:188} INFO - [2026-09-18T09:44:07.558+0000] {dagbag.py:545} INFO - Filling up the DagBag from /opt/airflow/dags/meteorisk_dag.py
[2026-09-18T09:44:07.605+0000] {processor.py:840} INFO - DAG(s) 'meteorisk_pipeline' retrieved from /opt/airflow/dags/meteorisk_dag.py
[2026-09-18T09:44:07.657+0000] {logging_mixin.py:188} INFO - [2026-09-18T09:44:07.657+0000] {dag.py:3089} INFO - Sync 1 DAGs
[2026-09-18T09:44:07.693+0000] {logging_mixin.py:188} INFO - [2026-09-18T09:44:07.693+0000] {dag.py:3947} INFO - Setting next_dagrun for meteorisk_pipeline to 2026-09-18 00:00:00+00:00, run_after=2026-09-19 00:00:00+00:00
[2026-09-18T09:44:07.724+0000] {processor.py:183} INFO - Processing /opt/airflow/dags/meteorisk_dag.py took 0.179 seconds
[2026-09-18T09:44:37.871+0000] {processor.py:161} INFO - Started process (PID=906) to work on /opt/airflow/dags/meteorisk_dag.py
[2026-09-18T09:44:37.873+0000] {processor.py:830} INFO - Processing file /opt/airflow/dags/meteorisk_dag.py for tasks to queue
[2026-09-18T09:44:37.877+0000] {logging_mixin.py:188} INFO - [2026-09-18T09:44:37.876+0000] {dagbag.py:545} INFO - Filling up the DagBag from /opt/airflow/dags/meteorisk_dag.py
[2026-09-18T09:44:37.908+0000] {processor.py:840} INFO - DAG(s) 'meteorisk_pipeline' retrieved from /opt/airflow/dags/meteorisk_dag.py
[2026-09-18T09:44:37.951+0000] {logging_mixin.py:188} INFO - [2026-09-18T09:44:37.951+0000] {dag.py:3089} INFO - Sync 1 DAGs
[2026-09-18T09:44:37.982+0000] {logging_mixin.py:188} INFO - [2026-09-18T09:44:37.982+0000] {dag.py:3947} INFO - Setting next_dagrun for meteorisk_pipeline to 2026-09-18 00:00:00+00:00, run_after=2026-09-19 00:00:00+00:00
[2026-09-18T09:44:38.012+0000] {processor.py:183} INFO - Processing /opt/airflow/dags/meteorisk_dag.py took 0.149 seconds
[2026-09-18T09:45:08.207+0000] {processor.py:161} INFO - Started process (PID=911) to work on /opt/airflow/dags/meteorisk_dag.py
[2026-09-18T09:45:08.209+0000] {processor.py:830} INFO - Processing file /opt/airflow/dags/meteorisk_dag.py for tasks to queue
[2026-09-18T09:45:08.212+0000] {logging_mixin.py:188} INFO - [2026-09-18T09:45:08.212+0000] {dagbag.py:545} INFO - Filling up the DagBag from /opt/airflow/dags/meteorisk_dag.py
[2026-09-18T09:45:08.252+0000] {processor.py:840} INFO - DAG(s) 'meteorisk_pipeline' retrieved from /opt/airflow/dags/meteorisk_dag.py
[2026-09-18T09:45:08.293+0000] {logging_mixin.py:188} INFO - [2026-09-18T09:45:08.292+0000] {dag.py:3089} INFO - Sync 1 DAGs
[2026-09-18T09:45:08.323+0000] {logging_mixin.py:188} INFO - [2026-09-18T09:45:08.322+0000] {dag.py:3947} INFO - Setting next_dagrun for meteorisk_pipeline to 2026-09-18 00:00:00+00:00, run_after=2026-09-19 00:00:00+00:00
[2026-09-18T09:45:08.353+0000] {processor.py:183} INFO - Processing /opt/airflow/dags/meteorisk_dag.py took 0.153 seconds
[2026-09-18T09:45:38.462+0000] {processor.py:161} INFO - Started process (PID=916) to work on /opt/airflow/dags/meteorisk_dag.py
[2026-09-18T09:45:38.464+0000] {processor.py:830} INFO - Processing file /opt/airflow/dags/meteorisk_dag.py for tasks to queue
[2026-09-18T09:45:38.466+0000] {logging_mixin.py:188} INFO - [2026-09-18T09:45:38.466+0000] {dagbag.py:545} INFO - Filling up the DagBag from /opt/airflow/dags/meteorisk_dag.py
[2026-09-18T09:45:38.497+0000] {processor.py:840} INFO - DAG(s) 'meteorisk_pipeline' retrieved from /opt/airflow/dags/meteorisk_dag.py
[2026-09-18T09:45:38.544+0000] {logging_mixin.py:188} INFO - [2026-09-18T09:45:38.544+0000] {dag.py:3089} INFO - Sync 1 DAGs
[2026-09-18T09:45:38.576+0000] {logging_mixin.py:188} INFO - [2026-09-18T09:45:38.575+0000] {dag.py:3947} INFO - Setting next_dagrun for meteorisk_pipeline to 2026-09-18 00:00:00+00:00, run_after=2026-09-19 00:00:00+00:00
[2026-09-18T09:45:38.611+0000] {processor.py:183} INFO - Processing /opt/airflow/dags/meteorisk_dag.py took 0.155 seconds
[2026-09-18T09:46:08.779+0000] {processor.py:161} INFO - Started process (PID=921) to work on /opt/airflow/dags/meteorisk_dag.py
[2026-09-18T09:46:08.781+0000] {processor.py:830} INFO - Processing file /opt/airflow/dags/meteorisk_dag.py for tasks to queue
[2026-09-18T09:46:08.784+0000] {logging_mixin.py:188} INFO - [2026-09-18T09:46:08.783+0000] {dagbag.py:545} INFO - Filling up the DagBag from /opt/airflow/dags/meteorisk_dag.py
[2026-09-18T09:46:08.815+0000] {processor.py:840} INFO - DAG(s) 'meteorisk_pipeline' retrieved from /opt/airflow/dags/meteorisk_dag.py
[2026-09-18T09:46:08.862+0000] {logging_mixin.py:188} INFO - [2026-09-18T09:46:08.862+0000] {dag.py:3089} INFO - Sync 1 DAGs
[2026-09-18T09:46:08.893+0000] {logging_mixin.py:188} INFO - [2026-09-18T09:46:08.892+0000] {dag.py:3947} INFO - Setting next_dagrun for meteorisk_pipeline to 2026-09-18 00:00:00+00:00, run_after=2026-09-19 00:00:00+00:00
[2026-09-18T09:46:08.932+0000] {processor.py:183} INFO - Processing /opt/airflow/dags/meteorisk_dag.py took 0.160 seconds
[2026-09-18T09:46:39.073+0000] {processor.py:161} INFO - Started process (PID=926) to work on /opt/airflow/dags/meteorisk_dag.py
[2026-09-18T09:46:39.075+0000] {processor.py:830} INFO - Processing file /opt/airflow/dags/meteorisk_dag.py for tasks to queue
[2026-09-18T09:46:39.077+0000] {logging_mixin.py:188} INFO - [2026-09-18T09:46:39.077+0000] {dagbag.py:545} INFO - Filling up the DagBag from /opt/airflow/dags/meteorisk_dag.py
[2026-09-18T09:46:39.109+0000] {processor.py:840} INFO - DAG(s) 'meteorisk_pipeline' retrieved from /opt/airflow/dags/meteorisk_dag.py
[2026-09-18T09:46:39.158+0000] {logging_mixin.py:188} INFO - [2026-09-18T09:46:39.157+0000] {dag.py:3089} INFO - Sync 1 DAGs
[2026-09-18T09:46:39.187+0000] {logging_mixin.py:188} INFO - [2026-09-18T09:46:39.187+0000] {dag.py:3947} INFO - Setting next_dagrun for meteorisk_pipeline to 2026-09-18 00:00:00+00:00, run_after=2026-09-19 00:00:00+00:00
[2026-09-18T09:46:39.216+0000] {processor.py:183} INFO - Processing /opt/airflow/dags/meteorisk_dag.py took 0.150 seconds
[2026-09-18T09:47:09.443+0000] {processor.py:161} INFO - Started process (PID=931) to work on /opt/airflow/dags/meteorisk_dag.py
[2026-09-18T09:47:09.447+0000] {processor.py:830} INFO - Processing file /opt/airflow/dags/meteorisk_dag.py for tasks to queue
[2026-09-18T09:47:09.451+0000] {logging_mixin.py:188} INFO - [2026-09-18T09:47:09.450+0000] {dagbag.py:545} INFO - Filling up the DagBag from /opt/airflow/dags/meteorisk_dag.py
[2026-09-18T09:47:09.502+0000] {processor.py:840} INFO - DAG(s) 'meteorisk_pipeline' retrieved from /opt/airflow/dags/meteorisk_dag.py
[2026-09-18T09:47:09.568+0000] {logging_mixin.py:188} INFO - [2026-09-18T09:47:09.567+0000] {dag.py:3089} INFO - Sync 1 DAGs
[2026-09-18T09:47:09.597+0000] {logging_mixin.py:188} INFO - [2026-09-18T09:47:09.597+0000] {dag.py:3947} INFO - Setting next_dagrun for meteorisk_pipeline to 2026-09-18 00:00:00+00:00, run_after=2026-09-19 00:00:00+00:00
[2026-09-18T09:47:09.627+0000] {processor.py:183} INFO - Processing /opt/airflow/dags/meteorisk_dag.py took 0.194 seconds
[2026-09-18T09:47:39.869+0000] {processor.py:161} INFO - Started process (PID=936) to work on /opt/airflow/dags/meteorisk_dag.py
[2026-09-18T09:47:39.870+0000] {processor.py:830} INFO - Processing file /opt/airflow/dags/meteorisk_dag.py for tasks to queue
[2026-09-18T09:47:39.873+0000] {logging_mixin.py:188} INFO - [2026-09-18T09:47:39.873+0000] {dagbag.py:545} INFO - Filling up the DagBag from /opt/airflow/dags/meteorisk_dag.py
[2026-09-18T09:47:39.909+0000] {processor.py:840} INFO - DAG(s) 'meteorisk_pipeline' retrieved from /opt/airflow/dags/meteorisk_dag.py
[2026-09-18T09:47:39.955+0000] {logging_mixin.py:188} INFO - [2026-09-18T09:47:39.955+0000] {dag.py:3089} INFO - Sync 1 DAGs
[2026-09-18T09:47:39.992+0000] {logging_mixin.py:188} INFO - [2026-09-18T09:47:39.991+0000] {dag.py:3947} INFO - Setting next_dagrun for meteorisk_pipeline to 2026-09-18 00:00:00+00:00, run_after=2026-09-19 00:00:00+00:00
[2026-09-18T09:47:40.020+0000] {processor.py:183} INFO - Processing /opt/airflow/dags/meteorisk_dag.py took 0.159 seconds
[2026-09-18T09:48:10.316+0000] {processor.py:161} INFO - Started process (PID=941) to work on /opt/airflow/dags/meteorisk_dag.py
[2026-09-18T09:48:10.318+0000] {processor.py:830} INFO - Processing file /opt/airflow/dags/meteorisk_dag.py for tasks to queue
[2026-09-18T09:48:10.324+0000] {logging_mixin.py:188} INFO - [2026-09-18T09:48:10.322+0000] {dagbag.py:545} INFO - Filling up the DagBag from /opt/airflow/dags/meteorisk_dag.py
[2026-09-18T09:48:10.366+0000] {processor.py:840} INFO - DAG(s) 'meteorisk_pipeline' retrieved from /opt/airflow/dags/meteorisk_dag.py
[2026-09-18T09:48:10.427+0000] {logging_mixin.py:188} INFO - [2026-09-18T09:48:10.427+0000] {dag.py:3089} INFO - Sync 1 DAGs
[2026-09-18T09:48:10.477+0000] {logging_mixin.py:188} INFO - [2026-09-18T09:48:10.477+0000] {dag.py:3947} INFO - Setting next_dagrun for meteorisk_pipeline to 2026-09-18 00:00:00+00:00, run_after=2026-09-19 00:00:00+00:00
[2026-09-18T09:48:10.536+0000] {processor.py:183} INFO - Processing /opt/airflow/dags/meteorisk_dag.py took 0.230 seconds
[2026-09-18T09:48:40.771+0000] {processor.py:161} INFO - Started process (PID=946) to work on /opt/airflow/dags/meteorisk_dag.py
[2026-09-18T09:48:40.776+0000] {processor.py:830} INFO - Processing file /opt/airflow/dags/meteorisk_dag.py for tasks to queue
[2026-09-18T09:48:40.787+0000] {logging_mixin.py:188} INFO - [2026-09-18T09:48:40.785+0000] {dagbag.py:545} INFO - Filling up the DagBag from /opt/airflow/dags/meteorisk_dag.py
[2026-09-18T09:48:40.853+0000] {processor.py:840} INFO - DAG(s) 'meteorisk_pipeline' retrieved from /opt/airflow/dags/meteorisk_dag.py
[2026-09-18T09:48:40.906+0000] {logging_mixin.py:188} INFO - [2026-09-18T09:48:40.906+0000] {dag.py:3089} INFO - Sync 1 DAGs
[2026-09-18T09:48:40.950+0000] {logging_mixin.py:188} INFO - [2026-09-18T09:48:40.949+0000] {dag.py:3947} INFO - Setting next_dagrun for meteorisk_pipeline to 2026-09-18 00:00:00+00:00, run_after=2026-09-19 00:00:00+00:00
[2026-09-18T09:48:40.992+0000] {processor.py:183} INFO - Processing /opt/airflow/dags/meteorisk_dag.py took 0.235 seconds
[2026-09-18T09:49:11.443+0000] {processor.py:161} INFO - Started process (PID=951) to work on /opt/airflow/dags/meteorisk_dag.py
[2026-09-18T09:49:11.444+0000] {processor.py:830} INFO - Processing file /opt/airflow/dags/meteorisk_dag.py for tasks to queue
[2026-09-18T09:49:11.447+0000] {logging_mixin.py:188} INFO - [2026-09-18T09:49:11.447+0000] {dagbag.py:545} INFO - Filling up the DagBag from /opt/airflow/dags/meteorisk_dag.py
[2026-09-18T09:49:11.493+0000] {processor.py:840} INFO - DAG(s) 'meteorisk_pipeline' retrieved from /opt/airflow/dags/meteorisk_dag.py
[2026-09-18T09:49:11.546+0000] {logging_mixin.py:188} INFO - [2026-09-18T09:49:11.545+0000] {dag.py:3089} INFO - Sync 1 DAGs
[2026-09-18T09:49:11.581+0000] {logging_mixin.py:188} INFO - [2026-09-18T09:49:11.581+0000] {dag.py:3947} INFO - Setting next_dagrun for meteorisk_pipeline to 2026-09-18 00:00:00+00:00, run_after=2026-09-19 00:00:00+00:00
[2026-09-18T09:49:11.619+0000] {processor.py:183} INFO - Processing /opt/airflow/dags/meteorisk_dag.py took 0.186 seconds
[2026-09-18T09:49:41.783+0000] {processor.py:161} INFO - Started process (PID=956) to work on /opt/airflow/dags/meteorisk_dag.py
[2026-09-18T09:49:41.785+0000] {processor.py:830} INFO - Processing file /opt/airflow/dags/meteorisk_dag.py for tasks to queue
[2026-09-18T09:49:41.787+0000] {logging_mixin.py:188} INFO - [2026-09-18T09:49:41.787+0000] {dagbag.py:545} INFO - Filling up the DagBag from /opt/airflow/dags/meteorisk_dag.py
[2026-09-18T09:49:41.835+0000] {processor.py:840} INFO - DAG(s) 'meteorisk_pipeline' retrieved from /opt/airflow/dags/meteorisk_dag.py
[2026-09-18T09:49:41.885+0000] {logging_mixin.py:188} INFO - [2026-09-18T09:49:41.885+0000] {dag.py:3089} INFO - Sync 1 DAGs
[2026-09-18T09:49:41.921+0000] {logging_mixin.py:188} INFO - [2026-09-18T09:49:41.920+0000] {dag.py:3947} INFO - Setting next_dagrun for meteorisk_pipeline to 2026-09-18 00:00:00+00:00, run_after=2026-09-19 00:00:00+00:00
[2026-09-18T09:49:41.966+0000] {processor.py:183} INFO - Processing /opt/airflow/dags/meteorisk_dag.py took 0.190 seconds
[2026-09-18T09:50:12.324+0000] {processor.py:161} INFO - Started process (PID=961) to work on /opt/airflow/dags/meteorisk_dag.py
[2026-09-18T09:50:12.327+0000] {processor.py:830} INFO - Processing file /opt/airflow/dags/meteorisk_dag.py for tasks to queue
[2026-09-18T09:50:12.332+0000] {logging_mixin.py:188} INFO - [2026-09-18T09:50:12.332+0000] {dagbag.py:545} INFO - Filling up the DagBag from /opt/airflow/dags/meteorisk_dag.py
[2026-09-18T09:50:12.401+0000] {processor.py:840} INFO - DAG(s) 'meteorisk_pipeline' retrieved from /opt/airflow/dags/meteorisk_dag.py
[2026-09-18T09:50:12.459+0000] {logging_mixin.py:188} INFO - [2026-09-18T09:50:12.458+0000] {dag.py:3089} INFO - Sync 1 DAGs
[2026-09-18T09:50:12.507+0000] {logging_mixin.py:188} INFO - [2026-09-18T09:50:12.507+0000] {dag.py:3947} INFO - Setting next_dagrun for meteorisk_pipeline to 2026-09-18 00:00:00+00:00, run_after=2026-09-19 00:00:00+00:00
[2026-09-18T09:50:12.558+0000] {processor.py:183} INFO - Processing /opt/airflow/dags/meteorisk_dag.py took 0.242 seconds
[2026-09-18T09:50:42.698+0000] {processor.py:161} INFO - Started process (PID=966) to work on /opt/airflow/dags/meteorisk_dag.py
[2026-09-18T09:50:42.700+0000] {processor.py:830} INFO - Processing file /opt/airflow/dags/meteorisk_dag.py for tasks to queue
[2026-09-18T09:50:42.703+0000] {logging_mixin.py:188} INFO - [2026-09-18T09:50:42.702+0000] {dagbag.py:545} INFO - Filling up the DagBag from /opt/airflow/dags/meteorisk_dag.py
[2026-09-18T09:50:42.742+0000] {processor.py:840} INFO - DAG(s) 'meteorisk_pipeline' retrieved from /opt/airflow/dags/meteorisk_dag.py
[2026-09-18T09:50:42.799+0000] {logging_mixin.py:188} INFO - [2026-09-18T09:50:42.799+0000] {dag.py:3089} INFO - Sync 1 DAGs
[2026-09-18T09:50:42.839+0000] {logging_mixin.py:188} INFO - [2026-09-18T09:50:42.839+0000] {dag.py:3947} INFO - Setting next_dagrun for meteorisk_pipeline to 2026-09-18 00:00:00+00:00, run_after=2026-09-19 00:00:00+00:00
[2026-09-18T09:50:42.875+0000] {processor.py:183} INFO - Processing /opt/airflow/dags/meteorisk_dag.py took 0.187 seconds
[2026-09-18T09:51:13.314+0000] {processor.py:161} INFO - Started process (PID=971) to work on /opt/airflow/dags/meteorisk_dag.py
[2026-09-18T09:51:13.319+0000] {processor.py:830} INFO - Processing file /opt/airflow/dags/meteorisk_dag.py for tasks to queue
[2026-09-18T09:51:13.323+0000] {logging_mixin.py:188} INFO - [2026-09-18T09:51:13.323+0000] {dagbag.py:545} INFO - Filling up the DagBag from /opt/airflow/dags/meteorisk_dag.py
[2026-09-18T09:51:13.377+0000] {processor.py:840} INFO - DAG(s) 'meteorisk_pipeline' retrieved from /opt/airflow/dags/meteorisk_dag.py
[2026-09-18T09:51:13.439+0000] {logging_mixin.py:188} INFO - [2026-09-18T09:51:13.439+0000] {dag.py:3089} INFO - Sync 1 DAGs
[2026-09-18T09:51:13.475+0000] {logging_mixin.py:188} INFO - [2026-09-18T09:51:13.475+0000] {dag.py:3947} INFO - Setting next_dagrun for meteorisk_pipeline to 2026-09-18 00:00:00+00:00, run_after=2026-09-19 00:00:00+00:00
[2026-09-18T09:51:13.510+0000] {processor.py:183} INFO - Processing /opt/airflow/dags/meteorisk_dag.py took 0.206 seconds
[2026-09-18T09:51:43.669+0000] {processor.py:161} INFO - Started process (PID=976) to work on /opt/airflow/dags/meteorisk_dag.py
[2026-09-18T09:51:43.674+0000] {processor.py:830} INFO - Processing file /opt/airflow/dags/meteorisk_dag.py for tasks to queue
[2026-09-18T09:51:43.678+0000] {logging_mixin.py:188} INFO - [2026-09-18T09:51:43.677+0000] {dagbag.py:545} INFO - Filling up the DagBag from /opt/airflow/dags/meteorisk_dag.py
[2026-09-18T09:51:43.730+0000] {processor.py:840} INFO - DAG(s) 'meteorisk_pipeline' retrieved from /opt/airflow/dags/meteorisk_dag.py
[2026-09-18T09:51:43.796+0000] {logging_mixin.py:188} INFO - [2026-09-18T09:51:43.796+0000] {dag.py:3089} INFO - Sync 1 DAGs
[2026-09-18T09:51:43.832+0000] {logging_mixin.py:188} INFO - [2026-09-18T09:51:43.832+0000] {dag.py:3947} INFO - Setting next_dagrun for meteorisk_pipeline to 2026-09-18 00:00:00+00:00, run_after=2026-09-19 00:00:00+00:00
[2026-09-18T09:51:43.879+0000] {processor.py:183} INFO - Processing /opt/airflow/dags/meteorisk_dag.py took 0.217 seconds
[2026-09-18T09:52:14.191+0000] {processor.py:161} INFO - Started process (PID=981) to work on /opt/airflow/dags/meteorisk_dag.py
[2026-09-18T09:52:14.193+0000] {processor.py:830} INFO - Processing file /opt/airflow/dags/meteorisk_dag.py for tasks to queue
[2026-09-18T09:52:14.198+0000] {logging_mixin.py:188} INFO - [2026-09-18T09:52:14.198+0000] {dagbag.py:545} INFO - Filling up the DagBag from /opt/airflow/dags/meteorisk_dag.py
[2026-09-18T09:52:14.250+0000] {processor.py:840} INFO - DAG(s) 'meteorisk_pipeline' retrieved from /opt/airflow/dags/meteorisk_dag.py
[2026-09-18T09:52:14.310+0000] {logging_mixin.py:188} INFO - [2026-09-18T09:52:14.309+0000] {dag.py:3089} INFO - Sync 1 DAGs
[2026-09-18T09:52:14.349+0000] {logging_mixin.py:188} INFO - [2026-09-18T09:52:14.348+0000] {dag.py:3947} INFO - Setting next_dagrun for meteorisk_pipeline to 2026-09-18 00:00:00+00:00, run_after=2026-09-19 00:00:00+00:00
[2026-09-18T09:52:14.384+0000] {processor.py:183} INFO - Processing /opt/airflow/dags/meteorisk_dag.py took 0.203 seconds
[2026-09-18T09:52:44.540+0000] {processor.py:161} INFO - Started process (PID=986) to work on /opt/airflow/dags/meteorisk_dag.py
[2026-09-18T09:52:44.543+0000] {processor.py:830} INFO - Processing file /opt/airflow/dags/meteorisk_dag.py for tasks to queue
[2026-09-18T09:52:44.547+0000] {logging_mixin.py:188} INFO - [2026-09-18T09:52:44.546+0000] {dagbag.py:545} INFO - Filling up the DagBag from /opt/airflow/dags/meteorisk_dag.py
[2026-09-18T09:52:44.582+0000] {processor.py:840} INFO - DAG(s) 'meteorisk_pipeline' retrieved from /opt/airflow/dags/meteorisk_dag.py
[2026-09-18T09:52:44.633+0000] {logging_mixin.py:188} INFO - [2026-09-18T09:52:44.633+0000] {dag.py:3089} INFO - Sync 1 DAGs
[2026-09-18T09:52:44.670+0000] {logging_mixin.py:188} INFO - [2026-09-18T09:52:44.669+0000] {dag.py:3947} INFO - Setting next_dagrun for meteorisk_pipeline to 2026-09-18 00:00:00+00:00, run_after=2026-09-19 00:00:00+00:00
[2026-09-18T09:52:44.706+0000] {processor.py:183} INFO - Processing /opt/airflow/dags/meteorisk_dag.py took 0.173 seconds
[2026-09-18T09:53:14.988+0000] {processor.py:161} INFO - Started process (PID=991) to work on /opt/airflow/dags/meteorisk_dag.py
[2026-09-18T09:53:14.990+0000] {processor.py:830} INFO - Processing file /opt/airflow/dags/meteorisk_dag.py for tasks to queue
[2026-09-18T09:53:14.993+0000] {logging_mixin.py:188} INFO - [2026-09-18T09:53:14.992+0000] {dagbag.py:545} INFO - Filling up the DagBag from /opt/airflow/dags/meteorisk_dag.py
[2026-09-18T09:53:15.029+0000] {processor.py:840} INFO - DAG(s) 'meteorisk_pipeline' retrieved from /opt/airflow/dags/meteorisk_dag.py
[2026-09-18T09:53:15.078+0000] {logging_mixin.py:188} INFO - [2026-09-18T09:53:15.077+0000] {dag.py:3089} INFO - Sync 1 DAGs
[2026-09-18T09:53:15.111+0000] {logging_mixin.py:188} INFO - [2026-09-18T09:53:15.111+0000] {dag.py:3947} INFO - Setting next_dagrun for meteorisk_pipeline to 2026-09-18 00:00:00+00:00, run_after=2026-09-19 00:00:00+00:00
[2026-09-18T09:53:15.142+0000] {processor.py:183} INFO - Processing /opt/airflow/dags/meteorisk_dag.py took 0.162 seconds
[2026-09-18T09:53:45.235+0000] {processor.py:161} INFO - Started process (PID=996) to work on /opt/airflow/dags/meteorisk_dag.py
[2026-09-18T09:53:45.238+0000] {processor.py:830} INFO - Processing file /opt/airflow/dags/meteorisk_dag.py for tasks to queue
[2026-09-18T09:53:45.240+0000] {logging_mixin.py:188} INFO - [2026-09-18T09:53:45.240+0000] {dagbag.py:545} INFO - Filling up the DagBag from /opt/airflow/dags/meteorisk_dag.py
[2026-09-18T09:53:45.277+0000] {processor.py:840} INFO - DAG(s) 'meteorisk_pipeline' retrieved from /opt/airflow/dags/meteorisk_dag.py
[2026-09-18T09:53:45.324+0000] {logging_mixin.py:188} INFO - [2026-09-18T09:53:45.324+0000] {dag.py:3089} INFO - Sync 1 DAGs
[2026-09-18T09:53:45.354+0000] {logging_mixin.py:188} INFO - [2026-09-18T09:53:45.354+0000] {dag.py:3947} INFO - Setting next_dagrun for meteorisk_pipeline to 2026-09-18 00:00:00+00:00, run_after=2026-09-19 00:00:00+00:00
[2026-09-18T09:53:45.389+0000] {processor.py:183} INFO - Processing /opt/airflow/dags/meteorisk_dag.py took 0.162 seconds
[2026-09-18T09:54:15.707+0000] {processor.py:161} INFO - Started process (PID=1001) to work on /opt/airflow/dags/meteorisk_dag.py
[2026-09-18T09:54:15.711+0000] {processor.py:830} INFO - Processing file /opt/airflow/dags/meteorisk_dag.py for tasks to queue
[2026-09-18T09:54:15.716+0000] {logging_mixin.py:188} INFO - [2026-09-18T09:54:15.715+0000] {dagbag.py:545} INFO - Filling up the DagBag from /opt/airflow/dags/meteorisk_dag.py
[2026-09-18T09:54:15.768+0000] {processor.py:840} INFO - DAG(s) 'meteorisk_pipeline' retrieved from /opt/airflow/dags/meteorisk_dag.py
[2026-09-18T09:54:15.854+0000] {logging_mixin.py:188} INFO - [2026-09-18T09:54:15.854+0000] {dag.py:3089} INFO - Sync 1 DAGs
[2026-09-18T09:54:15.897+0000] {logging_mixin.py:188} INFO - [2026-09-18T09:54:15.897+0000] {dag.py:3947} INFO - Setting next_dagrun for meteorisk_pipeline to 2026-09-18 00:00:00+00:00, run_after=2026-09-19 00:00:00+00:00
[2026-09-18T09:54:15.931+0000] {processor.py:183} INFO - Processing /opt/airflow/dags/meteorisk_dag.py took 0.234 seconds
[2026-09-18T09:54:46.276+0000] {processor.py:161} INFO - Started process (PID=1006) to work on /opt/airflow/dags/meteorisk_dag.py
[2026-09-18T09:54:46.277+0000] {processor.py:830} INFO - Processing file /opt/airflow/dags/meteorisk_dag.py for tasks to queue
[2026-09-18T09:54:46.281+0000] {logging_mixin.py:188} INFO - [2026-09-18T09:54:46.280+0000] {dagbag.py:545} INFO - Filling up the DagBag from /opt/airflow/dags/meteorisk_dag.py
[2026-09-18T09:54:46.322+0000] {processor.py:840} INFO - DAG(s) 'meteorisk_pipeline' retrieved from /opt/airflow/dags/meteorisk_dag.py
[2026-09-18T09:54:46.340+0000] {logging_mixin.py:188} INFO - [2026-09-18T09:54:46.340+0000] {dag.py:3089} INFO - Sync 1 DAGs
[2026-09-18T09:54:46.379+0000] {logging_mixin.py:188} INFO - [2026-09-18T09:54:46.379+0000] {dag.py:3947} INFO - Setting next_dagrun for meteorisk_pipeline to 2026-09-18 00:00:00+00:00, run_after=2026-09-19 00:00:00+00:00
[2026-09-18T09:54:46.421+0000] {processor.py:183} INFO - Processing /opt/airflow/dags/meteorisk_dag.py took 0.186 seconds
[2026-09-18T09:55:16.536+0000] {processor.py:161} INFO - Started process (PID=1011) to work on /opt/airflow/dags/meteorisk_dag.py
[2026-09-18T09:55:16.538+0000] {processor.py:830} INFO - Processing file /opt/airflow/dags/meteorisk_dag.py for tasks to queue
[2026-09-18T09:55:16.542+0000] {logging_mixin.py:188} INFO - [2026-09-18T09:55:16.541+0000] {dagbag.py:545} INFO - Filling up the DagBag from /opt/airflow/dags/meteorisk_dag.py
[2026-09-18T09:55:16.589+0000] {processor.py:840} INFO - DAG(s) 'meteorisk_pipeline' retrieved from /opt/airflow/dags/meteorisk_dag.py
[2026-09-18T09:55:16.639+0000] {logging_mixin.py:188} INFO - [2026-09-18T09:55:16.639+0000] {dag.py:3089} INFO - Sync 1 DAGs
[2026-09-18T09:55:16.679+0000] {logging_mixin.py:188} INFO - [2026-09-18T09:55:16.678+0000] {dag.py:3947} INFO - Setting next_dagrun for meteorisk_pipeline to 2026-09-18 00:00:00+00:00, run_after=2026-09-19 00:00:00+00:00
[2026-09-18T09:55:16.714+0000] {processor.py:183} INFO - Processing /opt/airflow/dags/meteorisk_dag.py took 0.186 seconds
[2026-09-18T09:55:46.946+0000] {processor.py:161} INFO - Started process (PID=1016) to work on /opt/airflow/dags/meteorisk_dag.py
[2026-09-18T09:55:46.948+0000] {processor.py:830} INFO - Processing file /opt/airflow/dags/meteorisk_dag.py for tasks to queue
[2026-09-18T09:55:46.952+0000] {logging_mixin.py:188} INFO - [2026-09-18T09:55:46.951+0000] {dagbag.py:545} INFO - Filling up the DagBag from /opt/airflow/dags/meteorisk_dag.py
[2026-09-18T09:55:46.998+0000] {processor.py:840} INFO - DAG(s) 'meteorisk_pipeline' retrieved from /opt/airflow/dags/meteorisk_dag.py
[2026-09-18T09:55:47.043+0000] {logging_mixin.py:188} INFO - [2026-09-18T09:55:47.043+0000] {dag.py:3089} INFO - Sync 1 DAGs
[2026-09-18T09:55:47.074+0000] {logging_mixin.py:188} INFO - [2026-09-18T09:55:47.074+0000] {dag.py:3947} INFO - Setting next_dagrun for meteorisk_pipeline to 2026-09-18 00:00:00+00:00, run_after=2026-09-19 00:00:00+00:00
[2026-09-18T09:55:47.105+0000] {processor.py:183} INFO - Processing /opt/airflow/dags/meteorisk_dag.py took 0.168 seconds
[2026-09-18T09:56:17.214+0000] {processor.py:161} INFO - Started process (PID=1021) to work on /opt/airflow/dags/meteorisk_dag.py
[2026-09-18T09:56:17.217+0000] {processor.py:830} INFO - Processing file /opt/airflow/dags/meteorisk_dag.py for tasks to queue
[2026-09-18T09:56:17.220+0000] {logging_mixin.py:188} INFO - [2026-09-18T09:56:17.220+0000] {dagbag.py:545} INFO - Filling up the DagBag from /opt/airflow/dags/meteorisk_dag.py
[2026-09-18T09:56:17.259+0000] {processor.py:840} INFO - DAG(s) 'meteorisk_pipeline' retrieved from /opt/airflow/dags/meteorisk_dag.py
[2026-09-18T09:56:17.304+0000] {logging_mixin.py:188} INFO - [2026-09-18T09:56:17.303+0000] {dag.py:3089} INFO - Sync 1 DAGs
[2026-09-18T09:56:17.335+0000] {logging_mixin.py:188} INFO - [2026-09-18T09:56:17.335+0000] {dag.py:3947} INFO - Setting next_dagrun for meteorisk_pipeline to 2026-09-18 00:00:00+00:00, run_after=2026-09-19 00:00:00+00:00
[2026-09-18T09:56:17.366+0000] {processor.py:183} INFO - Processing /opt/airflow/dags/meteorisk_dag.py took 0.161 seconds
[2026-09-18T09:56:47.660+0000] {processor.py:161} INFO - Started process (PID=1026) to work on /opt/airflow/dags/meteorisk_dag.py
[2026-09-18T09:56:47.664+0000] {processor.py:830} INFO - Processing file /opt/airflow/dags/meteorisk_dag.py for tasks to queue
[2026-09-18T09:56:47.671+0000] {logging_mixin.py:188} INFO - [2026-09-18T09:56:47.670+0000] {dagbag.py:545} INFO - Filling up the DagBag from /opt/airflow/dags/meteorisk_dag.py
[2026-09-18T09:56:47.715+0000] {processor.py:840} INFO - DAG(s) 'meteorisk_pipeline' retrieved from /opt/airflow/dags/meteorisk_dag.py
[2026-09-18T09:56:47.775+0000] {logging_mixin.py:188} INFO - [2026-09-18T09:56:47.774+0000] {dag.py:3089} INFO - Sync 1 DAGs
[2026-09-18T09:56:47.807+0000] {logging_mixin.py:188} INFO - [2026-09-18T09:56:47.806+0000] {dag.py:3947} INFO - Setting next_dagrun for meteorisk_pipeline to 2026-09-18 00:00:00+00:00, run_after=2026-09-19 00:00:00+00:00
[2026-09-18T09:56:47.848+0000] {processor.py:183} INFO - Processing /opt/airflow/dags/meteorisk_dag.py took 0.198 seconds
[2026-09-18T09:57:18.138+0000] {processor.py:161} INFO - Started process (PID=1031) to work on /opt/airflow/dags/meteorisk_dag.py
[2026-09-18T09:57:18.140+0000] {processor.py:830} INFO - Processing file /opt/airflow/dags/meteorisk_dag.py for tasks to queue
[2026-09-18T09:57:18.143+0000] {logging_mixin.py:188} INFO - [2026-09-18T09:57:18.142+0000] {dagbag.py:545} INFO - Filling up the DagBag from /opt/airflow/dags/meteorisk_dag.py
[2026-09-18T09:57:18.174+0000] {processor.py:840} INFO - DAG(s) 'meteorisk_pipeline' retrieved from /opt/airflow/dags/meteorisk_dag.py
[2026-09-18T09:57:18.221+0000] {logging_mixin.py:188} INFO - [2026-09-18T09:57:18.221+0000] {dag.py:3089} INFO - Sync 1 DAGs
[2026-09-18T09:57:18.263+0000] {logging_mixin.py:188} INFO - [2026-09-18T09:57:18.262+0000] {dag.py:3947} INFO - Setting next_dagrun for meteorisk_pipeline to 2026-09-18 00:00:00+00:00, run_after=2026-09-19 00:00:00+00:00
[2026-09-18T09:57:18.306+0000] {processor.py:183} INFO - Processing /opt/airflow/dags/meteorisk_dag.py took 0.174 seconds
[2026-09-18T09:57:48.481+0000] {processor.py:161} INFO - Started process (PID=1036) to work on /opt/airflow/dags/meteorisk_dag.py
[2026-09-18T09:57:48.483+0000] {processor.py:830} INFO - Processing file /opt/airflow/dags/meteorisk_dag.py for tasks to queue
[2026-09-18T09:57:48.487+0000] {logging_mixin.py:188} INFO - [2026-09-18T09:57:48.486+0000] {dagbag.py:545} INFO - Filling up the DagBag from /opt/airflow/dags/meteorisk_dag.py
[2026-09-18T09:57:48.572+0000] {processor.py:840} INFO - DAG(s) 'meteorisk_pipeline' retrieved from /opt/airflow/dags/meteorisk_dag.py
[2026-09-18T09:57:48.664+0000] {logging_mixin.py:188} INFO - [2026-09-18T09:57:48.663+0000] {dag.py:3089} INFO - Sync 1 DAGs
[2026-09-18T09:57:48.711+0000] {logging_mixin.py:188} INFO - [2026-09-18T09:57:48.711+0000] {dag.py:3947} INFO - Setting next_dagrun for meteorisk_pipeline to 2026-09-18 00:00:00+00:00, run_after=2026-09-19 00:00:00+00:00
[2026-09-18T09:57:48.753+0000] {processor.py:183} INFO - Processing /opt/airflow/dags/meteorisk_dag.py took 0.286 seconds
[2026-09-18T09:58:18.897+0000] {processor.py:161} INFO - Started process (PID=1041) to work on /opt/airflow/dags/meteorisk_dag.py
[2026-09-18T09:58:18.899+0000] {processor.py:830} INFO - Processing file /opt/airflow/dags/meteorisk_dag.py for tasks to queue
[2026-09-18T09:58:18.903+0000] {logging_mixin.py:188} INFO - [2026-09-18T09:58:18.903+0000] {dagbag.py:545} INFO - Filling up the DagBag from /opt/airflow/dags/meteorisk_dag.py
[2026-09-18T09:58:18.945+0000] {processor.py:840} INFO - DAG(s) 'meteorisk_pipeline' retrieved from /opt/airflow/dags/meteorisk_dag.py
[2026-09-18T09:58:18.988+0000] {logging_mixin.py:188} INFO - [2026-09-18T09:58:18.987+0000] {dag.py:3089} INFO - Sync 1 DAGs
[2026-09-18T09:58:19.018+0000] {logging_mixin.py:188} INFO - [2026-09-18T09:58:19.018+0000] {dag.py:3947} INFO - Setting next_dagrun for meteorisk_pipeline to 2026-09-18 00:00:00+00:00, run_after=2026-09-19 00:00:00+00:00
[2026-09-18T09:58:19.059+0000] {processor.py:183} INFO - Processing /opt/airflow/dags/meteorisk_dag.py took 0.171 seconds
[2026-09-18T09:58:49.287+0000] {processor.py:161} INFO - Started process (PID=1046) to work on /opt/airflow/dags/meteorisk_dag.py
[2026-09-18T09:58:49.288+0000] {processor.py:830} INFO - Processing file /opt/airflow/dags/meteorisk_dag.py for tasks to queue
[2026-09-18T09:58:49.291+0000] {logging_mixin.py:188} INFO - [2026-09-18T09:58:49.290+0000] {dagbag.py:545} INFO - Filling up the DagBag from /opt/airflow/dags/meteorisk_dag.py
[2026-09-18T09:58:49.322+0000] {processor.py:840} INFO - DAG(s) 'meteorisk_pipeline' retrieved from /opt/airflow/dags/meteorisk_dag.py
[2026-09-18T09:58:49.368+0000] {logging_mixin.py:188} INFO - [2026-09-18T09:58:49.368+0000] {dag.py:3089} INFO - Sync 1 DAGs
[2026-09-18T09:58:49.400+0000] {logging_mixin.py:188} INFO - [2026-09-18T09:58:49.400+0000] {dag.py:3947} INFO - Setting next_dagrun for meteorisk_pipeline to 2026-09-18 00:00:00+00:00, run_after=2026-09-19 00:00:00+00:00
[2026-09-18T09:58:49.433+0000] {processor.py:183} INFO - Processing /opt/airflow/dags/meteorisk_dag.py took 0.153 seconds
[2026-09-18T09:59:19.558+0000] {processor.py:161} INFO - Started process (PID=1051) to work on /opt/airflow/dags/meteorisk_dag.py
[2026-09-18T09:59:19.561+0000] {processor.py:830} INFO - Processing file /opt/airflow/dags/meteorisk_dag.py for tasks to queue
[2026-09-18T09:59:19.564+0000] {logging_mixin.py:188} INFO - [2026-09-18T09:59:19.564+0000] {dagbag.py:545} INFO - Filling up the DagBag from /opt/airflow/dags/meteorisk_dag.py
[2026-09-18T09:59:19.617+0000] {processor.py:840} INFO - DAG(s) 'meteorisk_pipeline' retrieved from /opt/airflow/dags/meteorisk_dag.py
[2026-09-18T09:59:19.691+0000] {logging_mixin.py:188} INFO - [2026-09-18T09:59:19.691+0000] {dag.py:3089} INFO - Sync 1 DAGs
[2026-09-18T09:59:19.726+0000] {logging_mixin.py:188} INFO - [2026-09-18T09:59:19.726+0000] {dag.py:3947} INFO - Setting next_dagrun for meteorisk_pipeline to 2026-09-18 00:00:00+00:00, run_after=2026-09-19 00:00:00+00:00
[2026-09-18T09:59:19.759+0000] {processor.py:183} INFO - Processing /opt/airflow/dags/meteorisk_dag.py took 0.208 seconds
[2026-09-18T09:59:50.034+0000] {processor.py:161} INFO - Started process (PID=1056) to work on /opt/airflow/dags/meteorisk_dag.py
[2026-09-18T09:59:50.036+0000] {processor.py:830} INFO - Processing file /opt/airflow/dags/meteorisk_dag.py for tasks to queue
[2026-09-18T09:59:50.039+0000] {logging_mixin.py:188} INFO - [2026-09-18T09:59:50.039+0000] {dagbag.py:545} INFO - Filling up the DagBag from /opt/airflow/dags/meteorisk_dag.py
[2026-09-18T09:59:50.083+0000] {processor.py:840} INFO - DAG(s) 'meteorisk_pipeline' retrieved from /opt/airflow/dags/meteorisk_dag.py
[2026-09-18T09:59:50.128+0000] {logging_mixin.py:188} INFO - [2026-09-18T09:59:50.127+0000] {dag.py:3089} INFO - Sync 1 DAGs
[2026-09-18T09:59:50.160+0000] {logging_mixin.py:188} INFO - [2026-09-18T09:59:50.159+0000] {dag.py:3947} INFO - Setting next_dagrun for meteorisk_pipeline to 2026-09-18 00:00:00+00:00, run_after=2026-09-19 00:00:00+00:00
[2026-09-18T09:59:50.195+0000] {processor.py:183} INFO - Processing /opt/airflow/dags/meteorisk_dag.py took 0.170 seconds
[2026-09-18T10:00:20.352+0000] {processor.py:161} INFO - Started process (PID=1061) to work on /opt/airflow/dags/meteorisk_dag.py
[2026-09-18T10:00:20.356+0000] {processor.py:830} INFO - Processing file /opt/airflow/dags/meteorisk_dag.py for tasks to queue
[2026-09-18T10:00:20.361+0000] {logging_mixin.py:188} INFO - [2026-09-18T10:00:20.359+0000] {dagbag.py:545} INFO - Filling up the DagBag from /opt/airflow/dags/meteorisk_dag.py
[2026-09-18T10:00:20.424+0000] {processor.py:840} INFO - DAG(s) 'meteorisk_pipeline' retrieved from /opt/airflow/dags/meteorisk_dag.py
[2026-09-18T10:00:20.478+0000] {logging_mixin.py:188} INFO - [2026-09-18T10:00:20.477+0000] {dag.py:3089} INFO - Sync 1 DAGs
[2026-09-18T10:00:20.512+0000] {logging_mixin.py:188} INFO - [2026-09-18T10:00:20.512+0000] {dag.py:3947} INFO - Setting next_dagrun for meteorisk_pipeline to 2026-09-18 00:00:00+00:00, run_after=2026-09-19 00:00:00+00:00
[2026-09-18T10:00:20.553+0000] {processor.py:183} INFO - Processing /opt/airflow/dags/meteorisk_dag.py took 0.217 seconds
[2026-09-18T10:00:50.742+0000] {processor.py:161} INFO - Started process (PID=1066) to work on /opt/airflow/dags/meteorisk_dag.py
[2026-09-18T10:00:50.744+0000] {processor.py:830} INFO - Processing file /opt/airflow/dags/meteorisk_dag.py for tasks to queue
[2026-09-18T10:00:50.746+0000] {logging_mixin.py:188} INFO - [2026-09-18T10:00:50.746+0000] {dagbag.py:545} INFO - Filling up the DagBag from /opt/airflow/dags/meteorisk_dag.py
[2026-09-18T10:00:50.782+0000] {processor.py:840} INFO - DAG(s) 'meteorisk_pipeline' retrieved from /opt/airflow/dags/meteorisk_dag.py
[2026-09-18T10:00:50.830+0000] {logging_mixin.py:188} INFO - [2026-09-18T10:00:50.830+0000] {dag.py:3089} INFO - Sync 1 DAGs
[2026-09-18T10:00:50.859+0000] {logging_mixin.py:188} INFO - [2026-09-18T10:00:50.859+0000] {dag.py:3947} INFO - Setting next_dagrun for meteorisk_pipeline to 2026-09-18 00:00:00+00:00, run_after=2026-09-19 00:00:00+00:00
[2026-09-18T10:00:50.892+0000] {processor.py:183} INFO - Processing /opt/airflow/dags/meteorisk_dag.py took 0.157 seconds
[2026-09-18T10:01:21.089+0000] {processor.py:161} INFO - Started process (PID=1071) to work on /opt/airflow/dags/meteorisk_dag.py
[2026-09-18T10:01:21.091+0000] {processor.py:830} INFO - Processing file /opt/airflow/dags/meteorisk_dag.py for tasks to queue
[2026-09-18T10:01:21.096+0000] {logging_mixin.py:188} INFO - [2026-09-18T10:01:21.094+0000] {dagbag.py:545} INFO - Filling up the DagBag from /opt/airflow/dags/meteorisk_dag.py
[2026-09-18T10:01:21.141+0000] {processor.py:840} INFO - DAG(s) 'meteorisk_pipeline' retrieved from /opt/airflow/dags/meteorisk_dag.py
[2026-09-18T10:01:21.191+0000] {logging_mixin.py:188} INFO - [2026-09-18T10:01:21.191+0000] {dag.py:3089} INFO - Sync 1 DAGs
[2026-09-18T10:01:21.226+0000] {logging_mixin.py:188} INFO - [2026-09-18T10:01:21.226+0000] {dag.py:3947} INFO - Setting next_dagrun for meteorisk_pipeline to 2026-09-18 00:00:00+00:00, run_after=2026-09-19 00:00:00+00:00
[2026-09-18T10:01:21.268+0000] {processor.py:183} INFO - Processing /opt/airflow/dags/meteorisk_dag.py took 0.186 seconds
[2026-09-18T10:01:51.393+0000] {processor.py:161} INFO - Started process (PID=1076) to work on /opt/airflow/dags/meteorisk_dag.py
[2026-09-18T10:01:51.395+0000] {processor.py:830} INFO - Processing file /opt/airflow/dags/meteorisk_dag.py for tasks to queue
[2026-09-18T10:01:51.399+0000] {logging_mixin.py:188} INFO - [2026-09-18T10:01:51.398+0000] {dagbag.py:545} INFO - Filling up the DagBag from /opt/airflow/dags/meteorisk_dag.py
[2026-09-18T10:01:51.451+0000] {processor.py:840} INFO - DAG(s) 'meteorisk_pipeline' retrieved from /opt/airflow/dags/meteorisk_dag.py
[2026-09-18T10:01:51.506+0000] {logging_mixin.py:188} INFO - [2026-09-18T10:01:51.505+0000] {dag.py:3089} INFO - Sync 1 DAGs
[2026-09-18T10:01:51.536+0000] {logging_mixin.py:188} INFO - [2026-09-18T10:01:51.536+0000] {dag.py:3947} INFO - Setting next_dagrun for meteorisk_pipeline to 2026-09-18 00:00:00+00:00, run_after=2026-09-19 00:00:00+00:00
[2026-09-18T10:01:51.565+0000] {processor.py:183} INFO - Processing /opt/airflow/dags/meteorisk_dag.py took 0.180 seconds
[2026-09-18T10:02:21.786+0000] {processor.py:161} INFO - Started process (PID=1081) to work on /opt/airflow/dags/meteorisk_dag.py
[2026-09-18T10:02:21.788+0000] {processor.py:830} INFO - Processing file /opt/airflow/dags/meteorisk_dag.py for tasks to queue
[2026-09-18T10:02:21.791+0000] {logging_mixin.py:188} INFO - [2026-09-18T10:02:21.791+0000] {dagbag.py:545} INFO - Filling up the DagBag from /opt/airflow/dags/meteorisk_dag.py
[2026-09-18T10:02:21.840+0000] {processor.py:840} INFO - DAG(s) 'meteorisk_pipeline' retrieved from /opt/airflow/dags/meteorisk_dag.py
[2026-09-18T10:02:21.896+0000] {logging_mixin.py:188} INFO - [2026-09-18T10:02:21.896+0000] {dag.py:3089} INFO - Sync 1 DAGs
[2026-09-18T10:02:21.942+0000] {logging_mixin.py:188} INFO - [2026-09-18T10:02:21.941+0000] {dag.py:3947} INFO - Setting next_dagrun for meteorisk_pipeline to 2026-09-18 00:00:00+00:00, run_after=2026-09-19 00:00:00+00:00
[2026-09-18T10:02:21.977+0000] {processor.py:183} INFO - Processing /opt/airflow/dags/meteorisk_dag.py took 0.200 seconds
[2026-09-18T10:02:52.073+0000] {processor.py:161} INFO - Started process (PID=1086) to work on /opt/airflow/dags/meteorisk_dag.py
[2026-09-18T10:02:52.077+0000] {processor.py:830} INFO - Processing file /opt/airflow/dags/meteorisk_dag.py for tasks to queue
[2026-09-18T10:02:52.084+0000] {logging_mixin.py:188} INFO - [2026-09-18T10:02:52.082+0000] {dagbag.py:545} INFO - Filling up the DagBag from /opt/airflow/dags/meteorisk_dag.py
[2026-09-18T10:02:52.122+0000] {processor.py:840} INFO - DAG(s) 'meteorisk_pipeline' retrieved from /opt/airflow/dags/meteorisk_dag.py
[2026-09-18T10:02:52.176+0000] {logging_mixin.py:188} INFO - [2026-09-18T10:02:52.175+0000] {dag.py:3089} INFO - Sync 1 DAGs
[2026-09-18T10:02:52.212+0000] {logging_mixin.py:188} INFO - [2026-09-18T10:02:52.212+0000] {dag.py:3947} INFO - Setting next_dagrun for meteorisk_pipeline to 2026-09-18 00:00:00+00:00, run_after=2026-09-19 00:00:00+00:00
[2026-09-18T10:02:52.254+0000] {processor.py:183} INFO - Processing /opt/airflow/dags/meteorisk_dag.py took 0.187 seconds
[2026-09-18T10:03:22.530+0000] {processor.py:161} INFO - Started process (PID=1091) to work on /opt/airflow/dags/meteorisk_dag.py
[2026-09-18T10:03:22.532+0000] {processor.py:830} INFO - Processing file /opt/airflow/dags/meteorisk_dag.py for tasks to queue
[2026-09-18T10:03:22.535+0000] {logging_mixin.py:188} INFO - [2026-09-18T10:03:22.535+0000] {dagbag.py:545} INFO - Filling up the DagBag from /opt/airflow/dags/meteorisk_dag.py
[2026-09-18T10:03:22.577+0000] {processor.py:840} INFO - DAG(s) 'meteorisk_pipeline' retrieved from /opt/airflow/dags/meteorisk_dag.py
[2026-09-18T10:03:22.622+0000] {logging_mixin.py:188} INFO - [2026-09-18T10:03:22.621+0000] {dag.py:3089} INFO - Sync 1 DAGs
[2026-09-18T10:03:22.654+0000] {logging_mixin.py:188} INFO - [2026-09-18T10:03:22.653+0000] {dag.py:3947} INFO - Setting next_dagrun for meteorisk_pipeline to 2026-09-18 00:00:00+00:00, run_after=2026-09-19 00:00:00+00:00
[2026-09-18T10:03:22.689+0000] {processor.py:183} INFO - Processing /opt/airflow/dags/meteorisk_dag.py took 0.166 seconds
[2026-09-18T10:03:52.830+0000] {processor.py:161} INFO - Started process (PID=1096) to work on /opt/airflow/dags/meteorisk_dag.py
[2026-09-18T10:03:52.833+0000] {processor.py:830} INFO - Processing file /opt/airflow/dags/meteorisk_dag.py for tasks to queue
[2026-09-18T10:03:52.837+0000] {logging_mixin.py:188} INFO - [2026-09-18T10:03:52.837+0000] {dagbag.py:545} INFO - Filling up the DagBag from /opt/airflow/dags/meteorisk_dag.py
[2026-09-18T10:03:52.873+0000] {processor.py:840} INFO - DAG(s) 'meteorisk_pipeline' retrieved from /opt/airflow/dags/meteorisk_dag.py
[2026-09-18T10:03:52.920+0000] {logging_mixin.py:188} INFO - [2026-09-18T10:03:52.919+0000] {dag.py:3089} INFO - Sync 1 DAGs
[2026-09-18T10:03:52.949+0000] {logging_mixin.py:188} INFO - [2026-09-18T10:03:52.949+0000] {dag.py:3947} INFO - Setting next_dagrun for meteorisk_pipeline to 2026-09-18 00:00:00+00:00, run_after=2026-09-19 00:00:00+00:00
[2026-09-18T10:03:52.979+0000] {processor.py:183} INFO - Processing /opt/airflow/dags/meteorisk_dag.py took 0.160 seconds
[2026-09-18T10:04:23.222+0000] {processor.py:161} INFO - Started process (PID=1101) to work on /opt/airflow/dags/meteorisk_dag.py
[2026-09-18T10:04:23.225+0000] {processor.py:830} INFO - Processing file /opt/airflow/dags/meteorisk_dag.py for tasks to queue
[2026-09-18T10:04:23.228+0000] {logging_mixin.py:188} INFO - [2026-09-18T10:04:23.228+0000] {dagbag.py:545} INFO - Filling up the DagBag from /opt/airflow/dags/meteorisk_dag.py
[2026-09-18T10:04:23.269+0000] {processor.py:840} INFO - DAG(s) 'meteorisk_pipeline' retrieved from /opt/airflow/dags/meteorisk_dag.py
[2026-09-18T10:04:23.321+0000] {logging_mixin.py:188} INFO - [2026-09-18T10:04:23.321+0000] {dag.py:3089} INFO - Sync 1 DAGs
[2026-09-18T10:04:23.360+0000] {logging_mixin.py:188} INFO - [2026-09-18T10:04:23.360+0000] {dag.py:3947} INFO - Setting next_dagrun for meteorisk_pipeline to 2026-09-18 00:00:00+00:00, run_after=2026-09-19 00:00:00+00:00
[2026-09-18T10:04:23.411+0000] {processor.py:183} INFO - Processing /opt/airflow/dags/meteorisk_dag.py took 0.201 seconds
[2026-09-18T10:04:53.549+0000] {processor.py:161} INFO - Started process (PID=1106) to work on /opt/airflow/dags/meteorisk_dag.py
[2026-09-18T10:04:53.551+0000] {processor.py:830} INFO - Processing file /opt/airflow/dags/meteorisk_dag.py for tasks to queue
[2026-09-18T10:04:53.554+0000] {logging_mixin.py:188} INFO - [2026-09-18T10:04:53.553+0000] {dagbag.py:545} INFO - Filling up the DagBag from /opt/airflow/dags/meteorisk_dag.py
[2026-09-18T10:04:53.594+0000] {processor.py:840} INFO - DAG(s) 'meteorisk_pipeline' retrieved from /opt/airflow/dags/meteorisk_dag.py
[2026-09-18T10:04:53.642+0000] {logging_mixin.py:188} INFO - [2026-09-18T10:04:53.642+0000] {dag.py:3089} INFO - Sync 1 DAGs
[2026-09-18T10:04:53.674+0000] {logging_mixin.py:188} INFO - [2026-09-18T10:04:53.674+0000] {dag.py:3947} INFO - Setting next_dagrun for meteorisk_pipeline to 2026-09-18 00:00:00+00:00, run_after=2026-09-19 00:00:00+00:00
[2026-09-18T10:04:53.706+0000] {processor.py:183} INFO - Processing /opt/airflow/dags/meteorisk_dag.py took 0.166 seconds
[2026-09-18T10:05:23.938+0000] {processor.py:161} INFO - Started process (PID=1111) to work on /opt/airflow/dags/meteorisk_dag.py
[2026-09-18T10:05:23.939+0000] {processor.py:830} INFO - Processing file /opt/airflow/dags/meteorisk_dag.py for tasks to queue
[2026-09-18T10:05:23.944+0000] {logging_mixin.py:188} INFO - [2026-09-18T10:05:23.943+0000] {dagbag.py:545} INFO - Filling up the DagBag from /opt/airflow/dags/meteorisk_dag.py
[2026-09-18T10:05:23.974+0000] {processor.py:840} INFO - DAG(s) 'meteorisk_pipeline' retrieved from /opt/airflow/dags/meteorisk_dag.py
[2026-09-18T10:05:24.014+0000] {logging_mixin.py:188} INFO - [2026-09-18T10:05:24.013+0000] {dag.py:3089} INFO - Sync 1 DAGs
[2026-09-18T10:05:24.047+0000] {logging_mixin.py:188} INFO - [2026-09-18T10:05:24.046+0000] {dag.py:3947} INFO - Setting next_dagrun for meteorisk_pipeline to 2026-09-18 00:00:00+00:00, run_after=2026-09-19 00:00:00+00:00
[2026-09-18T10:05:24.078+0000] {processor.py:183} INFO - Processing /opt/airflow/dags/meteorisk_dag.py took 0.150 seconds
[2026-09-18T10:05:54.261+0000] {processor.py:161} INFO - Started process (PID=1116) to work on /opt/airflow/dags/meteorisk_dag.py
[2026-09-18T10:05:54.263+0000] {processor.py:830} INFO - Processing file /opt/airflow/dags/meteorisk_dag.py for tasks to queue
[2026-09-18T10:05:54.266+0000] {logging_mixin.py:188} INFO - [2026-09-18T10:05:54.265+0000] {dagbag.py:545} INFO - Filling up the DagBag from /opt/airflow/dags/meteorisk_dag.py
[2026-09-18T10:05:54.304+0000] {processor.py:840} INFO - DAG(s) 'meteorisk_pipeline' retrieved from /opt/airflow/dags/meteorisk_dag.py
[2026-09-18T10:05:54.349+0000] {logging_mixin.py:188} INFO - [2026-09-18T10:05:54.349+0000] {dag.py:3089} INFO - Sync 1 DAGs
[2026-09-18T10:05:54.378+0000] {logging_mixin.py:188} INFO - [2026-09-18T10:05:54.377+0000] {dag.py:3947} INFO - Setting next_dagrun for meteorisk_pipeline to 2026-09-18 00:00:00+00:00, run_after=2026-09-19 00:00:00+00:00
[2026-09-18T10:05:54.408+0000] {processor.py:183} INFO - Processing /opt/airflow/dags/meteorisk_dag.py took 0.154 seconds
[2026-09-18T10:06:24.641+0000] {processor.py:161} INFO - Started process (PID=1121) to work on /opt/airflow/dags/meteorisk_dag.py
[2026-09-18T10:06:24.646+0000] {processor.py:830} INFO - Processing file /opt/airflow/dags/meteorisk_dag.py for tasks to queue
[2026-09-18T10:06:24.652+0000] {logging_mixin.py:188} INFO - [2026-09-18T10:06:24.651+0000] {dagbag.py:545} INFO - Filling up the DagBag from /opt/airflow/dags/meteorisk_dag.py
[2026-09-18T10:06:24.716+0000] {processor.py:840} INFO - DAG(s) 'meteorisk_pipeline' retrieved from /opt/airflow/dags/meteorisk_dag.py
[2026-09-18T10:06:24.819+0000] {logging_mixin.py:188} INFO - [2026-09-18T10:06:24.819+0000] {dag.py:3089} INFO - Sync 1 DAGs
[2026-09-18T10:06:24.915+0000] {logging_mixin.py:188} INFO - [2026-09-18T10:06:24.915+0000] {dag.py:3947} INFO - Setting next_dagrun for meteorisk_pipeline to 2026-09-18 00:00:00+00:00, run_after=2026-09-19 00:00:00+00:00
[2026-09-18T10:06:24.970+0000] {processor.py:183} INFO - Processing /opt/airflow/dags/meteorisk_dag.py took 0.342 seconds
[2026-09-18T10:06:55.406+0000] {processor.py:161} INFO - Started process (PID=1126) to work on /opt/airflow/dags/meteorisk_dag.py
[2026-09-18T10:06:55.409+0000] {processor.py:830} INFO - Processing file /opt/airflow/dags/meteorisk_dag.py for tasks to queue
[2026-09-18T10:06:55.417+0000] {logging_mixin.py:188} INFO - [2026-09-18T10:06:55.416+0000] {dagbag.py:545} INFO - Filling up the DagBag from /opt/airflow/dags/meteorisk_dag.py
[2026-09-18T10:06:55.488+0000] {processor.py:840} INFO - DAG(s) 'meteorisk_pipeline' retrieved from /opt/airflow/dags/meteorisk_dag.py
[2026-09-18T10:06:55.573+0000] {logging_mixin.py:188} INFO - [2026-09-18T10:06:55.573+0000] {dag.py:3089} INFO - Sync 1 DAGs
[2026-09-18T10:06:55.625+0000] {logging_mixin.py:188} INFO - [2026-09-18T10:06:55.625+0000] {dag.py:3947} INFO - Setting next_dagrun for meteorisk_pipeline to 2026-09-18 00:00:00+00:00, run_after=2026-09-19 00:00:00+00:00
[2026-09-18T10:06:55.688+0000] {processor.py:183} INFO - Processing /opt/airflow/dags/meteorisk_dag.py took 0.302 seconds
[2026-09-18T10:07:26.064+0000] {processor.py:161} INFO - Started process (PID=1131) to work on /opt/airflow/dags/meteorisk_dag.py
[2026-09-18T10:07:26.065+0000] {processor.py:830} INFO - Processing file /opt/airflow/dags/meteorisk_dag.py for tasks to queue
[2026-09-18T10:07:26.070+0000] {logging_mixin.py:188} INFO - [2026-09-18T10:07:26.069+0000] {dagbag.py:545} INFO - Filling up the DagBag from /opt/airflow/dags/meteorisk_dag.py
[2026-09-18T10:07:26.140+0000] {processor.py:840} INFO - DAG(s) 'meteorisk_pipeline' retrieved from /opt/airflow/dags/meteorisk_dag.py
[2026-09-18T10:07:26.199+0000] {logging_mixin.py:188} INFO - [2026-09-18T10:07:26.198+0000] {dag.py:3089} INFO - Sync 1 DAGs
[2026-09-18T10:07:26.240+0000] {logging_mixin.py:188} INFO - [2026-09-18T10:07:26.239+0000] {dag.py:3947} INFO - Setting next_dagrun for meteorisk_pipeline to 2026-09-18 00:00:00+00:00, run_after=2026-09-19 00:00:00+00:00
[2026-09-18T10:07:26.281+0000] {processor.py:183} INFO - Processing /opt/airflow/dags/meteorisk_dag.py took 0.228 seconds
[2026-09-18T10:07:56.374+0000] {processor.py:161} INFO - Started process (PID=1136) to work on /opt/airflow/dags/meteorisk_dag.py
[2026-09-18T10:07:56.377+0000] {processor.py:830} INFO - Processing file /opt/airflow/dags/meteorisk_dag.py for tasks to queue
[2026-09-18T10:07:56.380+0000] {logging_mixin.py:188} INFO - [2026-09-18T10:07:56.380+0000] {dagbag.py:545} INFO - Filling up the DagBag from /opt/airflow/dags/meteorisk_dag.py
[2026-09-18T10:07:56.419+0000] {processor.py:840} INFO - DAG(s) 'meteorisk_pipeline' retrieved from /opt/airflow/dags/meteorisk_dag.py
[2026-09-18T10:07:56.469+0000] {logging_mixin.py:188} INFO - [2026-09-18T10:07:56.469+0000] {dag.py:3089} INFO - Sync 1 DAGs
[2026-09-18T10:07:56.503+0000] {logging_mixin.py:188} INFO - [2026-09-18T10:07:56.502+0000] {dag.py:3947} INFO - Setting next_dagrun for meteorisk_pipeline to 2026-09-18 00:00:00+00:00, run_after=2026-09-19 00:00:00+00:00
[2026-09-18T10:07:56.535+0000] {processor.py:183} INFO - Processing /opt/airflow/dags/meteorisk_dag.py took 0.171 seconds
[2026-09-18T10:08:26.745+0000] {processor.py:161} INFO - Started process (PID=1141) to work on /opt/airflow/dags/meteorisk_dag.py
[2026-09-18T10:08:26.747+0000] {processor.py:830} INFO - Processing file /opt/airflow/dags/meteorisk_dag.py for tasks to queue
[2026-09-18T10:08:26.751+0000] {logging_mixin.py:188} INFO - [2026-09-18T10:08:26.751+0000] {dagbag.py:545} INFO - Filling up the DagBag from /opt/airflow/dags/meteorisk_dag.py
[2026-09-18T10:08:26.794+0000] {processor.py:840} INFO - DAG(s) 'meteorisk_pipeline' retrieved from /opt/airflow/dags/meteorisk_dag.py
[2026-09-18T10:08:26.847+0000] {logging_mixin.py:188} INFO - [2026-09-18T10:08:26.847+0000] {dag.py:3089} INFO - Sync 1 DAGs
[2026-09-18T10:08:26.885+0000] {logging_mixin.py:188} INFO - [2026-09-18T10:08:26.884+0000] {dag.py:3947} INFO - Setting next_dagrun for meteorisk_pipeline to 2026-09-18 00:00:00+00:00, run_after=2026-09-19 00:00:00+00:00
[2026-09-18T10:08:26.922+0000] {processor.py:183} INFO - Processing /opt/airflow/dags/meteorisk_dag.py took 0.188 seconds
[2026-09-18T10:08:57.329+0000] {processor.py:161} INFO - Started process (PID=1146) to work on /opt/airflow/dags/meteorisk_dag.py
[2026-09-18T10:08:57.331+0000] {processor.py:830} INFO - Processing file /opt/airflow/dags/meteorisk_dag.py for tasks to queue
[2026-09-18T10:08:57.333+0000] {logging_mixin.py:188} INFO - [2026-09-18T10:08:57.333+0000] {dagbag.py:545} INFO - Filling up the DagBag from /opt/airflow/dags/meteorisk_dag.py
[2026-09-18T10:08:57.370+0000] {processor.py:840} INFO - DAG(s) 'meteorisk_pipeline' retrieved from /opt/airflow/dags/meteorisk_dag.py
[2026-09-18T10:08:57.427+0000] {logging_mixin.py:188} INFO - [2026-09-18T10:08:57.427+0000] {dag.py:3089} INFO - Sync 1 DAGs
[2026-09-18T10:08:57.467+0000] {logging_mixin.py:188} INFO - [2026-09-18T10:08:57.467+0000] {dag.py:3947} INFO - Setting next_dagrun for meteorisk_pipeline to 2026-09-18 00:00:00+00:00, run_after=2026-09-19 00:00:00+00:00
[2026-09-18T10:08:57.502+0000] {processor.py:183} INFO - Processing /opt/airflow/dags/meteorisk_dag.py took 0.185 seconds
[2026-09-18T10:09:27.730+0000] {processor.py:161} INFO - Started process (PID=1151) to work on /opt/airflow/dags/meteorisk_dag.py
[2026-09-18T10:09:27.733+0000] {processor.py:830} INFO - Processing file /opt/airflow/dags/meteorisk_dag.py for tasks to queue
[2026-09-18T10:09:27.738+0000] {logging_mixin.py:188} INFO - [2026-09-18T10:09:27.737+0000] {dagbag.py:545} INFO - Filling up the DagBag from /opt/airflow/dags/meteorisk_dag.py
[2026-09-18T10:09:27.784+0000] {processor.py:840} INFO - DAG(s) 'meteorisk_pipeline' retrieved from /opt/airflow/dags/meteorisk_dag.py
[2026-09-18T10:09:27.835+0000] {logging_mixin.py:188} INFO - [2026-09-18T10:09:27.835+0000] {dag.py:3089} INFO - Sync 1 DAGs
[2026-09-18T10:09:27.869+0000] {logging_mixin.py:188} INFO - [2026-09-18T10:09:27.868+0000] {dag.py:3947} INFO - Setting next_dagrun for meteorisk_pipeline to 2026-09-18 00:00:00+00:00, run_after=2026-09-19 00:00:00+00:00
[2026-09-18T10:09:27.903+0000] {processor.py:183} INFO - Processing /opt/airflow/dags/meteorisk_dag.py took 0.182 seconds
[2026-09-18T10:09:58.204+0000] {processor.py:161} INFO - Started process (PID=1156) to work on /opt/airflow/dags/meteorisk_dag.py
[2026-09-18T10:09:58.206+0000] {processor.py:830} INFO - Processing file /opt/airflow/dags/meteorisk_dag.py for tasks to queue
[2026-09-18T10:09:58.209+0000] {logging_mixin.py:188} INFO - [2026-09-18T10:09:58.208+0000] {dagbag.py:545} INFO - Filling up the DagBag from /opt/airflow/dags/meteorisk_dag.py
[2026-09-18T10:09:58.265+0000] {processor.py:840} INFO - DAG(s) 'meteorisk_pipeline' retrieved from /opt/airflow/dags/meteorisk_dag.py
[2026-09-18T10:09:58.322+0000] {logging_mixin.py:188} INFO - [2026-09-18T10:09:58.322+0000] {dag.py:3089} INFO - Sync 1 DAGs
[2026-09-18T10:09:58.373+0000] {logging_mixin.py:188} INFO - [2026-09-18T10:09:58.373+0000] {dag.py:3947} INFO - Setting next_dagrun for meteorisk_pipeline to 2026-09-18 00:00:00+00:00, run_after=2026-09-19 00:00:00+00:00
[2026-09-18T10:09:58.414+0000] {processor.py:183} INFO - Processing /opt/airflow/dags/meteorisk_dag.py took 0.221 seconds
[2026-09-18T10:10:28.521+0000] {processor.py:161} INFO - Started process (PID=1161) to work on /opt/airflow/dags/meteorisk_dag.py
[2026-09-18T10:10:28.523+0000] {processor.py:830} INFO - Processing file /opt/airflow/dags/meteorisk_dag.py for tasks to queue
[2026-09-18T10:10:28.526+0000] {logging_mixin.py:188} INFO - [2026-09-18T10:10:28.525+0000] {dagbag.py:545} INFO - Filling up the DagBag from /opt/airflow/dags/meteorisk_dag.py
[2026-09-18T10:10:28.563+0000] {processor.py:840} INFO - DAG(s) 'meteorisk_pipeline' retrieved from /opt/airflow/dags/meteorisk_dag.py
[2026-09-18T10:10:28.614+0000] {logging_mixin.py:188} INFO - [2026-09-18T10:10:28.614+0000] {dag.py:3089} INFO - Sync 1 DAGs
[2026-09-18T10:10:28.649+0000] {logging_mixin.py:188} INFO - [2026-09-18T10:10:28.649+0000] {dag.py:3947} INFO - Setting next_dagrun for meteorisk_pipeline to 2026-09-18 00:00:00+00:00, run_after=2026-09-19 00:00:00+00:00
[2026-09-18T10:10:28.687+0000] {processor.py:183} INFO - Processing /opt/airflow/dags/meteorisk_dag.py took 0.173 seconds
[2026-09-18T10:10:58.851+0000] {processor.py:161} INFO - Started process (PID=1166) to work on /opt/airflow/dags/meteorisk_dag.py
[2026-09-18T10:10:58.853+0000] {processor.py:830} INFO - Processing file /opt/airflow/dags/meteorisk_dag.py for tasks to queue
[2026-09-18T10:10:58.859+0000] {logging_mixin.py:188} INFO - [2026-09-18T10:10:58.858+0000] {dagbag.py:545} INFO - Filling up the DagBag from /opt/airflow/dags/meteorisk_dag.py
[2026-09-18T10:10:58.906+0000] {processor.py:840} INFO - DAG(s) 'meteorisk_pipeline' retrieved from /opt/airflow/dags/meteorisk_dag.py
[2026-09-18T10:10:58.964+0000] {logging_mixin.py:188} INFO - [2026-09-18T10:10:58.964+0000] {dag.py:3089} INFO - Sync 1 DAGs
[2026-09-18T10:10:59.007+0000] {logging_mixin.py:188} INFO - [2026-09-18T10:10:59.007+0000] {dag.py:3947} INFO - Setting next_dagrun for meteorisk_pipeline to 2026-09-18 00:00:00+00:00, run_after=2026-09-19 00:00:00+00:00
[2026-09-18T10:10:59.045+0000] {processor.py:183} INFO - Processing /opt/airflow/dags/meteorisk_dag.py took 0.203 seconds
[2026-09-18T10:11:29.415+0000] {processor.py:161} INFO - Started process (PID=1171) to work on /opt/airflow/dags/meteorisk_dag.py
[2026-09-18T10:11:29.419+0000] {processor.py:830} INFO - Processing file /opt/airflow/dags/meteorisk_dag.py for tasks to queue
[2026-09-18T10:11:29.423+0000] {logging_mixin.py:188} INFO - [2026-09-18T10:11:29.422+0000] {dagbag.py:545} INFO - Filling up the DagBag from /opt/airflow/dags/meteorisk_dag.py
[2026-09-18T10:11:29.491+0000] {processor.py:840} INFO - DAG(s) 'meteorisk_pipeline' retrieved from /opt/airflow/dags/meteorisk_dag.py
[2026-09-18T10:11:29.540+0000] {logging_mixin.py:188} INFO - [2026-09-18T10:11:29.539+0000] {dag.py:3089} INFO - Sync 1 DAGs
[2026-09-18T10:11:29.576+0000] {logging_mixin.py:188} INFO - [2026-09-18T10:11:29.576+0000] {dag.py:3947} INFO - Setting next_dagrun for meteorisk_pipeline to 2026-09-18 00:00:00+00:00, run_after=2026-09-19 00:00:00+00:00
[2026-09-18T10:11:29.616+0000] {processor.py:183} INFO - Processing /opt/airflow/dags/meteorisk_dag.py took 0.223 seconds
[2026-09-18T10:11:59.773+0000] {processor.py:161} INFO - Started process (PID=1176) to work on /opt/airflow/dags/meteorisk_dag.py
[2026-09-18T10:11:59.775+0000] {processor.py:830} INFO - Processing file /opt/airflow/dags/meteorisk_dag.py for tasks to queue
[2026-09-18T10:11:59.780+0000] {logging_mixin.py:188} INFO - [2026-09-18T10:11:59.779+0000] {dagbag.py:545} INFO - Filling up the DagBag from /opt/airflow/dags/meteorisk_dag.py
[2026-09-18T10:11:59.857+0000] {processor.py:840} INFO - DAG(s) 'meteorisk_pipeline' retrieved from /opt/airflow/dags/meteorisk_dag.py
[2026-09-18T10:11:59.948+0000] {logging_mixin.py:188} INFO - [2026-09-18T10:11:59.947+0000] {dag.py:3089} INFO - Sync 1 DAGs
[2026-09-18T10:11:59.985+0000] {logging_mixin.py:188} INFO - [2026-09-18T10:11:59.984+0000] {dag.py:3947} INFO - Setting next_dagrun for meteorisk_pipeline to 2026-09-18 00:00:00+00:00, run_after=2026-09-19 00:00:00+00:00
[2026-09-18T10:12:00.032+0000] {processor.py:183} INFO - Processing /opt/airflow/dags/meteorisk_dag.py took 0.268 seconds
[2026-09-18T10:12:30.439+0000] {processor.py:161} INFO - Started process (PID=1181) to work on /opt/airflow/dags/meteorisk_dag.py
[2026-09-18T10:12:30.443+0000] {processor.py:830} INFO - Processing file /opt/airflow/dags/meteorisk_dag.py for tasks to queue
[2026-09-18T10:12:30.447+0000] {logging_mixin.py:188} INFO - [2026-09-18T10:12:30.446+0000] {dagbag.py:545} INFO - Filling up the DagBag from /opt/airflow/dags/meteorisk_dag.py
[2026-09-18T10:12:30.500+0000] {processor.py:840} INFO - DAG(s) 'meteorisk_pipeline' retrieved from /opt/airflow/dags/meteorisk_dag.py
[2026-09-18T10:12:30.558+0000] {logging_mixin.py:188} INFO - [2026-09-18T10:12:30.557+0000] {dag.py:3089} INFO - Sync 1 DAGs
[2026-09-18T10:12:30.610+0000] {logging_mixin.py:188} INFO - [2026-09-18T10:12:30.610+0000] {dag.py:3947} INFO - Setting next_dagrun for meteorisk_pipeline to 2026-09-18 00:00:00+00:00, run_after=2026-09-19 00:00:00+00:00
[2026-09-18T10:12:30.672+0000] {processor.py:183} INFO - Processing /opt/airflow/dags/meteorisk_dag.py took 0.245 seconds
[2026-09-18T10:13:00.835+0000] {processor.py:161} INFO - Started process (PID=1186) to work on /opt/airflow/dags/meteorisk_dag.py
[2026-09-18T10:13:00.839+0000] {processor.py:830} INFO - Processing file /opt/airflow/dags/meteorisk_dag.py for tasks to queue
[2026-09-18T10:13:00.842+0000] {logging_mixin.py:188} INFO - [2026-09-18T10:13:00.842+0000] {dagbag.py:545} INFO - Filling up the DagBag from /opt/airflow/dags/meteorisk_dag.py
[2026-09-18T10:13:00.935+0000] {processor.py:840} INFO - DAG(s) 'meteorisk_pipeline' retrieved from /opt/airflow/dags/meteorisk_dag.py
[2026-09-18T10:13:01.009+0000] {logging_mixin.py:188} INFO - [2026-09-18T10:13:01.009+0000] {dag.py:3089} INFO - Sync 1 DAGs
[2026-09-18T10:13:01.056+0000] {logging_mixin.py:188} INFO - [2026-09-18T10:13:01.056+0000] {dag.py:3947} INFO - Setting next_dagrun for meteorisk_pipeline to 2026-09-18 00:00:00+00:00, run_after=2026-09-19 00:00:00+00:00
[2026-09-18T10:13:01.112+0000] {processor.py:183} INFO - Processing /opt/airflow/dags/meteorisk_dag.py took 0.293 seconds
[2026-09-18T10:13:31.473+0000] {processor.py:161} INFO - Started process (PID=1191) to work on /opt/airflow/dags/meteorisk_dag.py
[2026-09-18T10:13:31.475+0000] {processor.py:830} INFO - Processing file /opt/airflow/dags/meteorisk_dag.py for tasks to queue
[2026-09-18T10:13:31.479+0000] {logging_mixin.py:188} INFO - [2026-09-18T10:13:31.479+0000] {dagbag.py:545} INFO - Filling up the DagBag from /opt/airflow/dags/meteorisk_dag.py
[2026-09-18T10:13:31.538+0000] {processor.py:840} INFO - DAG(s) 'meteorisk_pipeline' retrieved from /opt/airflow/dags/meteorisk_dag.py
[2026-09-18T10:13:31.598+0000] {logging_mixin.py:188} INFO - [2026-09-18T10:13:31.597+0000] {dag.py:3089} INFO - Sync 1 DAGs
[2026-09-18T10:13:31.639+0000] {logging_mixin.py:188} INFO - [2026-09-18T10:13:31.638+0000] {dag.py:3947} INFO - Setting next_dagrun for meteorisk_pipeline to 2026-09-18 00:00:00+00:00, run_after=2026-09-19 00:00:00+00:00
[2026-09-18T10:13:31.681+0000] {processor.py:183} INFO - Processing /opt/airflow/dags/meteorisk_dag.py took 0.217 seconds
[2026-09-18T10:14:01.984+0000] {processor.py:161} INFO - Started process (PID=1196) to work on /opt/airflow/dags/meteorisk_dag.py
[2026-09-18T10:14:01.986+0000] {processor.py:830} INFO - Processing file /opt/airflow/dags/meteorisk_dag.py for tasks to queue
[2026-09-18T10:14:01.990+0000] {logging_mixin.py:188} INFO - [2026-09-18T10:14:01.989+0000] {dagbag.py:545} INFO - Filling up the DagBag from /opt/airflow/dags/meteorisk_dag.py
[2026-09-18T10:14:02.050+0000] {processor.py:840} INFO - DAG(s) 'meteorisk_pipeline' retrieved from /opt/airflow/dags/meteorisk_dag.py
[2026-09-18T10:14:02.120+0000] {logging_mixin.py:188} INFO - [2026-09-18T10:14:02.120+0000] {dag.py:3089} INFO - Sync 1 DAGs
[2026-09-18T10:14:02.157+0000] {logging_mixin.py:188} INFO - [2026-09-18T10:14:02.157+0000] {dag.py:3947} INFO - Setting next_dagrun for meteorisk_pipeline to 2026-09-18 00:00:00+00:00, run_after=2026-09-19 00:00:00+00:00
[2026-09-18T10:14:02.193+0000] {processor.py:183} INFO - Processing /opt/airflow/dags/meteorisk_dag.py took 0.223 seconds
[2026-09-18T10:14:32.396+0000] {processor.py:161} INFO - Started process (PID=1201) to work on /opt/airflow/dags/meteorisk_dag.py
[2026-09-18T10:14:32.398+0000] {processor.py:830} INFO - Processing file /opt/airflow/dags/meteorisk_dag.py for tasks to queue
[2026-09-18T10:14:32.406+0000] {logging_mixin.py:188} INFO - [2026-09-18T10:14:32.404+0000] {dagbag.py:545} INFO - Filling up the DagBag from /opt/airflow/dags/meteorisk_dag.py
[2026-09-18T10:14:32.483+0000] {processor.py:840} INFO - DAG(s) 'meteorisk_pipeline' retrieved from /opt/airflow/dags/meteorisk_dag.py
[2026-09-18T10:14:32.543+0000] {logging_mixin.py:188} INFO - [2026-09-18T10:14:32.543+0000] {dag.py:3089} INFO - Sync 1 DAGs
[2026-09-18T10:14:32.581+0000] {logging_mixin.py:188} INFO - [2026-09-18T10:14:32.581+0000] {dag.py:3947} INFO - Setting next_dagrun for meteorisk_pipeline to 2026-09-18 00:00:00+00:00, run_after=2026-09-19 00:00:00+00:00
[2026-09-18T10:14:32.622+0000] {processor.py:183} INFO - Processing /opt/airflow/dags/meteorisk_dag.py took 0.232 seconds
[2026-09-18T10:15:02.899+0000] {processor.py:161} INFO - Started process (PID=1206) to work on /opt/airflow/dags/meteorisk_dag.py
[2026-09-18T10:15:02.901+0000] {processor.py:830} INFO - Processing file /opt/airflow/dags/meteorisk_dag.py for tasks to queue
[2026-09-18T10:15:02.908+0000] {logging_mixin.py:188} INFO - [2026-09-18T10:15:02.908+0000] {dagbag.py:545} INFO - Filling up the DagBag from /opt/airflow/dags/meteorisk_dag.py
[2026-09-18T10:15:02.979+0000] {processor.py:840} INFO - DAG(s) 'meteorisk_pipeline' retrieved from /opt/airflow/dags/meteorisk_dag.py
[2026-09-18T10:15:03.027+0000] {logging_mixin.py:188} INFO - [2026-09-18T10:15:03.027+0000] {dag.py:3089} INFO - Sync 1 DAGs
[2026-09-18T10:15:03.065+0000] {logging_mixin.py:188} INFO - [2026-09-18T10:15:03.065+0000] {dag.py:3947} INFO - Setting next_dagrun for meteorisk_pipeline to 2026-09-18 00:00:00+00:00, run_after=2026-09-19 00:00:00+00:00
[2026-09-18T10:15:03.102+0000] {processor.py:183} INFO - Processing /opt/airflow/dags/meteorisk_dag.py took 0.211 seconds
[2026-09-18T10:15:33.355+0000] {processor.py:161} INFO - Started process (PID=1211) to work on /opt/airflow/dags/meteorisk_dag.py
[2026-09-18T10:15:33.359+0000] {processor.py:830} INFO - Processing file /opt/airflow/dags/meteorisk_dag.py for tasks to queue
[2026-09-18T10:15:33.362+0000] {logging_mixin.py:188} INFO - [2026-09-18T10:15:33.362+0000] {dagbag.py:545} INFO - Filling up the DagBag from /opt/airflow/dags/meteorisk_dag.py
[2026-09-18T10:15:33.426+0000] {processor.py:840} INFO - DAG(s) 'meteorisk_pipeline' retrieved from /opt/airflow/dags/meteorisk_dag.py
[2026-09-18T10:15:33.481+0000] {logging_mixin.py:188} INFO - [2026-09-18T10:15:33.481+0000] {dag.py:3089} INFO - Sync 1 DAGs
[2026-09-18T10:15:33.513+0000] {logging_mixin.py:188} INFO - [2026-09-18T10:15:33.513+0000] {dag.py:3947} INFO - Setting next_dagrun for meteorisk_pipeline to 2026-09-18 00:00:00+00:00, run_after=2026-09-19 00:00:00+00:00
[2026-09-18T10:15:33.543+0000] {processor.py:183} INFO - Processing /opt/airflow/dags/meteorisk_dag.py took 0.204 seconds
[2026-09-18T10:16:03.768+0000] {processor.py:161} INFO - Started process (PID=1216) to work on /opt/airflow/dags/meteorisk_dag.py
[2026-09-18T10:16:03.772+0000] {processor.py:830} INFO - Processing file /opt/airflow/dags/meteorisk_dag.py for tasks to queue
[2026-09-18T10:16:03.779+0000] {logging_mixin.py:188} INFO - [2026-09-18T10:16:03.778+0000] {dagbag.py:545} INFO - Filling up the DagBag from /opt/airflow/dags/meteorisk_dag.py
[2026-09-18T10:16:03.842+0000] {processor.py:840} INFO - DAG(s) 'meteorisk_pipeline' retrieved from /opt/airflow/dags/meteorisk_dag.py
[2026-09-18T10:16:03.896+0000] {logging_mixin.py:188} INFO - [2026-09-18T10:16:03.896+0000] {dag.py:3089} INFO - Sync 1 DAGs
[2026-09-18T10:16:03.932+0000] {logging_mixin.py:188} INFO - [2026-09-18T10:16:03.932+0000] {dag.py:3947} INFO - Setting next_dagrun for meteorisk_pipeline to 2026-09-18 00:00:00+00:00, run_after=2026-09-19 00:00:00+00:00
[2026-09-18T10:16:03.963+0000] {processor.py:183} INFO - Processing /opt/airflow/dags/meteorisk_dag.py took 0.213 seconds
[2026-09-18T10:16:34.148+0000] {processor.py:161} INFO - Started process (PID=1221) to work on /opt/airflow/dags/meteorisk_dag.py
[2026-09-18T10:16:34.151+0000] {processor.py:830} INFO - Processing file /opt/airflow/dags/meteorisk_dag.py for tasks to queue
[2026-09-18T10:16:34.155+0000] {logging_mixin.py:188} INFO - [2026-09-18T10:16:34.154+0000] {dagbag.py:545} INFO - Filling up the DagBag from /opt/airflow/dags/meteorisk_dag.py
[2026-09-18T10:16:34.200+0000] {processor.py:840} INFO - DAG(s) 'meteorisk_pipeline' retrieved from /opt/airflow/dags/meteorisk_dag.py
[2026-09-18T10:16:34.248+0000] {logging_mixin.py:188} INFO - [2026-09-18T10:16:34.247+0000] {dag.py:3089} INFO - Sync 1 DAGs
[2026-09-18T10:16:34.277+0000] {logging_mixin.py:188} INFO - [2026-09-18T10:16:34.277+0000] {dag.py:3947} INFO - Setting next_dagrun for meteorisk_pipeline to 2026-09-18 00:00:00+00:00, run_after=2026-09-19 00:00:00+00:00
[2026-09-18T10:16:34.311+0000] {processor.py:183} INFO - Processing /opt/airflow/dags/meteorisk_dag.py took 0.174 seconds
[2026-09-18T10:17:04.585+0000] {processor.py:161} INFO - Started process (PID=1226) to work on /opt/airflow/dags/meteorisk_dag.py
[2026-09-18T10:17:04.587+0000] {processor.py:830} INFO - Processing file /opt/airflow/dags/meteorisk_dag.py for tasks to queue
[2026-09-18T10:17:04.590+0000] {logging_mixin.py:188} INFO - [2026-09-18T10:17:04.589+0000] {dagbag.py:545} INFO - Filling up the DagBag from /opt/airflow/dags/meteorisk_dag.py
[2026-09-18T10:17:04.635+0000] {processor.py:840} INFO - DAG(s) 'meteorisk_pipeline' retrieved from /opt/airflow/dags/meteorisk_dag.py
[2026-09-18T10:17:04.679+0000] {logging_mixin.py:188} INFO - [2026-09-18T10:17:04.678+0000] {dag.py:3089} INFO - Sync 1 DAGs
[2026-09-18T10:17:04.711+0000] {logging_mixin.py:188} INFO - [2026-09-18T10:17:04.711+0000] {dag.py:3947} INFO - Setting next_dagrun for meteorisk_pipeline to 2026-09-18 00:00:00+00:00, run_after=2026-09-19 00:00:00+00:00
[2026-09-18T10:17:04.736+0000] {processor.py:183} INFO - Processing /opt/airflow/dags/meteorisk_dag.py took 0.159 seconds
[2026-09-18T10:17:34.908+0000] {processor.py:161} INFO - Started process (PID=1231) to work on /opt/airflow/dags/meteorisk_dag.py
[2026-09-18T10:17:34.913+0000] {processor.py:830} INFO - Processing file /opt/airflow/dags/meteorisk_dag.py for tasks to queue
[2026-09-18T10:17:34.920+0000] {logging_mixin.py:188} INFO - [2026-09-18T10:17:34.919+0000] {dagbag.py:545} INFO - Filling up the DagBag from /opt/airflow/dags/meteorisk_dag.py
[2026-09-18T10:17:34.983+0000] {processor.py:840} INFO - DAG(s) 'meteorisk_pipeline' retrieved from /opt/airflow/dags/meteorisk_dag.py
[2026-09-18T10:17:35.025+0000] {logging_mixin.py:188} INFO - [2026-09-18T10:17:35.024+0000] {dag.py:3089} INFO - Sync 1 DAGs
[2026-09-18T10:17:35.059+0000] {logging_mixin.py:188} INFO - [2026-09-18T10:17:35.059+0000] {dag.py:3947} INFO - Setting next_dagrun for meteorisk_pipeline to 2026-09-18 00:00:00+00:00, run_after=2026-09-19 00:00:00+00:00
[2026-09-18T10:17:35.086+0000] {processor.py:183} INFO - Processing /opt/airflow/dags/meteorisk_dag.py took 0.189 seconds
[2026-09-18T10:18:05.389+0000] {processor.py:161} INFO - Started process (PID=1236) to work on /opt/airflow/dags/meteorisk_dag.py
[2026-09-18T10:18:05.392+0000] {processor.py:830} INFO - Processing file /opt/airflow/dags/meteorisk_dag.py for tasks to queue
[2026-09-18T10:18:05.395+0000] {logging_mixin.py:188} INFO - [2026-09-18T10:18:05.395+0000] {dagbag.py:545} INFO - Filling up the DagBag from /opt/airflow/dags/meteorisk_dag.py
[2026-09-18T10:18:05.461+0000] {processor.py:840} INFO - DAG(s) 'meteorisk_pipeline' retrieved from /opt/airflow/dags/meteorisk_dag.py
[2026-09-18T10:18:05.508+0000] {logging_mixin.py:188} INFO - [2026-09-18T10:18:05.507+0000] {dag.py:3089} INFO - Sync 1 DAGs
[2026-09-18T10:18:05.537+0000] {logging_mixin.py:188} INFO - [2026-09-18T10:18:05.537+0000] {dag.py:3947} INFO - Setting next_dagrun for meteorisk_pipeline to 2026-09-18 00:00:00+00:00, run_after=2026-09-19 00:00:00+00:00
[2026-09-18T10:18:05.564+0000] {processor.py:183} INFO - Processing /opt/airflow/dags/meteorisk_dag.py took 0.184 seconds
[2026-09-18T10:18:35.728+0000] {processor.py:161} INFO - Started process (PID=1241) to work on /opt/airflow/dags/meteorisk_dag.py
[2026-09-18T10:18:35.731+0000] {processor.py:830} INFO - Processing file /opt/airflow/dags/meteorisk_dag.py for tasks to queue
[2026-09-18T10:18:35.737+0000] {logging_mixin.py:188} INFO - [2026-09-18T10:18:35.736+0000] {dagbag.py:545} INFO - Filling up the DagBag from /opt/airflow/dags/meteorisk_dag.py
[2026-09-18T10:18:35.793+0000] {processor.py:840} INFO - DAG(s) 'meteorisk_pipeline' retrieved from /opt/airflow/dags/meteorisk_dag.py
[2026-09-18T10:18:35.837+0000] {logging_mixin.py:188} INFO - [2026-09-18T10:18:35.837+0000] {dag.py:3089} INFO - Sync 1 DAGs
[2026-09-18T10:18:35.864+0000] {logging_mixin.py:188} INFO - [2026-09-18T10:18:35.864+0000] {dag.py:3947} INFO - Setting next_dagrun for meteorisk_pipeline to 2026-09-18 00:00:00+00:00, run_after=2026-09-19 00:00:00+00:00
[2026-09-18T10:18:35.890+0000] {processor.py:183} INFO - Processing /opt/airflow/dags/meteorisk_dag.py took 0.169 seconds
[2026-09-18T10:19:06.288+0000] {processor.py:161} INFO - Started process (PID=1246) to work on /opt/airflow/dags/meteorisk_dag.py
[2026-09-18T10:19:06.289+0000] {processor.py:830} INFO - Processing file /opt/airflow/dags/meteorisk_dag.py for tasks to queue
[2026-09-18T10:19:06.292+0000] {logging_mixin.py:188} INFO - [2026-09-18T10:19:06.292+0000] {dagbag.py:545} INFO - Filling up the DagBag from /opt/airflow/dags/meteorisk_dag.py
[2026-09-18T10:19:06.326+0000] {processor.py:840} INFO - DAG(s) 'meteorisk_pipeline' retrieved from /opt/airflow/dags/meteorisk_dag.py
[2026-09-18T10:19:06.365+0000] {logging_mixin.py:188} INFO - [2026-09-18T10:19:06.365+0000] {dag.py:3089} INFO - Sync 1 DAGs
[2026-09-18T10:19:06.391+0000] {logging_mixin.py:188} INFO - [2026-09-18T10:19:06.391+0000] {dag.py:3947} INFO - Setting next_dagrun for meteorisk_pipeline to 2026-09-18 00:00:00+00:00, run_after=2026-09-19 00:00:00+00:00
[2026-09-18T10:19:06.417+0000] {processor.py:183} INFO - Processing /opt/airflow/dags/meteorisk_dag.py took 0.140 seconds
[2026-09-18T10:19:36.612+0000] {processor.py:161} INFO - Started process (PID=1251) to work on /opt/airflow/dags/meteorisk_dag.py
[2026-09-18T10:19:36.617+0000] {processor.py:830} INFO - Processing file /opt/airflow/dags/meteorisk_dag.py for tasks to queue
[2026-09-18T10:19:36.621+0000] {logging_mixin.py:188} INFO - [2026-09-18T10:19:36.620+0000] {dagbag.py:545} INFO - Filling up the DagBag from /opt/airflow/dags/meteorisk_dag.py
[2026-09-18T10:19:36.674+0000] {processor.py:840} INFO - DAG(s) 'meteorisk_pipeline' retrieved from /opt/airflow/dags/meteorisk_dag.py
[2026-09-18T10:19:36.723+0000] {logging_mixin.py:188} INFO - [2026-09-18T10:19:36.722+0000] {dag.py:3089} INFO - Sync 1 DAGs
[2026-09-18T10:19:36.763+0000] {logging_mixin.py:188} INFO - [2026-09-18T10:19:36.762+0000] {dag.py:3947} INFO - Setting next_dagrun for meteorisk_pipeline to 2026-09-18 00:00:00+00:00, run_after=2026-09-19 00:00:00+00:00
[2026-09-18T10:19:36.810+0000] {processor.py:183} INFO - Processing /opt/airflow/dags/meteorisk_dag.py took 0.205 seconds
[2026-09-18T10:20:07.068+0000] {processor.py:161} INFO - Started process (PID=1256) to work on /opt/airflow/dags/meteorisk_dag.py
[2026-09-18T10:20:07.070+0000] {processor.py:830} INFO - Processing file /opt/airflow/dags/meteorisk_dag.py for tasks to queue
[2026-09-18T10:20:07.077+0000] {logging_mixin.py:188} INFO - [2026-09-18T10:20:07.076+0000] {dagbag.py:545} INFO - Filling up the DagBag from /opt/airflow/dags/meteorisk_dag.py
[2026-09-18T10:20:07.146+0000] {processor.py:840} INFO - DAG(s) 'meteorisk_pipeline' retrieved from /opt/airflow/dags/meteorisk_dag.py
[2026-09-18T10:20:07.191+0000] {logging_mixin.py:188} INFO - [2026-09-18T10:20:07.191+0000] {dag.py:3089} INFO - Sync 1 DAGs
[2026-09-18T10:20:07.223+0000] {logging_mixin.py:188} INFO - [2026-09-18T10:20:07.222+0000] {dag.py:3947} INFO - Setting next_dagrun for meteorisk_pipeline to 2026-09-18 00:00:00+00:00, run_after=2026-09-19 00:00:00+00:00
[2026-09-18T10:20:07.279+0000] {processor.py:183} INFO - Processing /opt/airflow/dags/meteorisk_dag.py took 0.221 seconds
[2026-09-18T10:20:37.442+0000] {processor.py:161} INFO - Started process (PID=1261) to work on /opt/airflow/dags/meteorisk_dag.py
[2026-09-18T10:20:37.445+0000] {processor.py:830} INFO - Processing file /opt/airflow/dags/meteorisk_dag.py for tasks to queue
[2026-09-18T10:20:37.449+0000] {logging_mixin.py:188} INFO - [2026-09-18T10:20:37.449+0000] {dagbag.py:545} INFO - Filling up the DagBag from /opt/airflow/dags/meteorisk_dag.py
[2026-09-18T10:20:37.487+0000] {processor.py:840} INFO - DAG(s) 'meteorisk_pipeline' retrieved from /opt/airflow/dags/meteorisk_dag.py
[2026-09-18T10:20:37.546+0000] {logging_mixin.py:188} INFO - [2026-09-18T10:20:37.546+0000] {dag.py:3089} INFO - Sync 1 DAGs
[2026-09-18T10:20:37.591+0000] {logging_mixin.py:188} INFO - [2026-09-18T10:20:37.591+0000] {dag.py:3947} INFO - Setting next_dagrun for meteorisk_pipeline to 2026-09-18 00:00:00+00:00, run_after=2026-09-19 00:00:00+00:00
[2026-09-18T10:20:37.627+0000] {processor.py:183} INFO - Processing /opt/airflow/dags/meteorisk_dag.py took 0.194 seconds
[2026-09-18T10:21:07.938+0000] {processor.py:161} INFO - Started process (PID=1266) to work on /opt/airflow/dags/meteorisk_dag.py
[2026-09-18T10:21:07.945+0000] {processor.py:830} INFO - Processing file /opt/airflow/dags/meteorisk_dag.py for tasks to queue
[2026-09-18T10:21:07.949+0000] {logging_mixin.py:188} INFO - [2026-09-18T10:21:07.948+0000] {dagbag.py:545} INFO - Filling up the DagBag from /opt/airflow/dags/meteorisk_dag.py
[2026-09-18T10:21:07.988+0000] {processor.py:840} INFO - DAG(s) 'meteorisk_pipeline' retrieved from /opt/airflow/dags/meteorisk_dag.py
[2026-09-18T10:21:08.037+0000] {logging_mixin.py:188} INFO - [2026-09-18T10:21:08.036+0000] {dag.py:3089} INFO - Sync 1 DAGs
[2026-09-18T10:21:08.074+0000] {logging_mixin.py:188} INFO - [2026-09-18T10:21:08.074+0000] {dag.py:3947} INFO - Setting next_dagrun for meteorisk_pipeline to 2026-09-18 00:00:00+00:00, run_after=2026-09-19 00:00:00+00:00
[2026-09-18T10:21:08.124+0000] {processor.py:183} INFO - Processing /opt/airflow/dags/meteorisk_dag.py took 0.194 seconds
[2026-09-18T10:21:38.266+0000] {processor.py:161} INFO - Started process (PID=1271) to work on /opt/airflow/dags/meteorisk_dag.py
[2026-09-18T10:21:38.270+0000] {processor.py:830} INFO - Processing file /opt/airflow/dags/meteorisk_dag.py for tasks to queue
[2026-09-18T10:21:38.275+0000] {logging_mixin.py:188} INFO - [2026-09-18T10:21:38.275+0000] {dagbag.py:545} INFO - Filling up the DagBag from /opt/airflow/dags/meteorisk_dag.py
[2026-09-18T10:21:38.328+0000] {processor.py:840} INFO - DAG(s) 'meteorisk_pipeline' retrieved from /opt/airflow/dags/meteorisk_dag.py
[2026-09-18T10:21:38.367+0000] {logging_mixin.py:188} INFO - [2026-09-18T10:21:38.367+0000] {dag.py:3089} INFO - Sync 1 DAGs
[2026-09-18T10:21:38.395+0000] {logging_mixin.py:188} INFO - [2026-09-18T10:21:38.395+0000] {dag.py:3947} INFO - Setting next_dagrun for meteorisk_pipeline to 2026-09-18 00:00:00+00:00, run_after=2026-09-19 00:00:00+00:00
[2026-09-18T10:21:38.426+0000] {processor.py:183} INFO - Processing /opt/airflow/dags/meteorisk_dag.py took 0.173 seconds
[2026-09-18T10:22:08.816+0000] {processor.py:161} INFO - Started process (PID=1276) to work on /opt/airflow/dags/meteorisk_dag.py
[2026-09-18T10:22:08.819+0000] {processor.py:830} INFO - Processing file /opt/airflow/dags/meteorisk_dag.py for tasks to queue
[2026-09-18T10:22:08.824+0000] {logging_mixin.py:188} INFO - [2026-09-18T10:22:08.823+0000] {dagbag.py:545} INFO - Filling up the DagBag from /opt/airflow/dags/meteorisk_dag.py
[2026-09-18T10:22:08.877+0000] {processor.py:840} INFO - DAG(s) 'meteorisk_pipeline' retrieved from /opt/airflow/dags/meteorisk_dag.py
[2026-09-18T10:22:08.929+0000] {logging_mixin.py:188} INFO - [2026-09-18T10:22:08.929+0000] {dag.py:3089} INFO - Sync 1 DAGs
[2026-09-18T10:22:08.956+0000] {logging_mixin.py:188} INFO - [2026-09-18T10:22:08.956+0000] {dag.py:3947} INFO - Setting next_dagrun for meteorisk_pipeline to 2026-09-18 00:00:00+00:00, run_after=2026-09-19 00:00:00+00:00
[2026-09-18T10:22:09.002+0000] {processor.py:183} INFO - Processing /opt/airflow/dags/meteorisk_dag.py took 0.196 seconds
[2026-09-18T10:22:39.160+0000] {processor.py:161} INFO - Started process (PID=1281) to work on /opt/airflow/dags/meteorisk_dag.py
[2026-09-18T10:22:39.167+0000] {processor.py:830} INFO - Processing file /opt/airflow/dags/meteorisk_dag.py for tasks to queue
[2026-09-18T10:22:39.175+0000] {logging_mixin.py:188} INFO - [2026-09-18T10:22:39.174+0000] {dagbag.py:545} INFO - Filling up the DagBag from /opt/airflow/dags/meteorisk_dag.py
[2026-09-18T10:22:39.250+0000] {processor.py:840} INFO - DAG(s) 'meteorisk_pipeline' retrieved from /opt/airflow/dags/meteorisk_dag.py
[2026-09-18T10:22:39.302+0000] {logging_mixin.py:188} INFO - [2026-09-18T10:22:39.301+0000] {dag.py:3089} INFO - Sync 1 DAGs
[2026-09-18T10:22:39.344+0000] {logging_mixin.py:188} INFO - [2026-09-18T10:22:39.343+0000] {dag.py:3947} INFO - Setting next_dagrun for meteorisk_pipeline to 2026-09-18 00:00:00+00:00, run_after=2026-09-19 00:00:00+00:00
[2026-09-18T10:22:39.373+0000] {processor.py:183} INFO - Processing /opt/airflow/dags/meteorisk_dag.py took 0.229 seconds
[2026-09-18T10:23:09.703+0000] {processor.py:161} INFO - Started process (PID=1286) to work on /opt/airflow/dags/meteorisk_dag.py
[2026-09-18T10:23:09.705+0000] {processor.py:830} INFO - Processing file /opt/airflow/dags/meteorisk_dag.py for tasks to queue
[2026-09-18T10:23:09.709+0000] {logging_mixin.py:188} INFO - [2026-09-18T10:23:09.709+0000] {dagbag.py:545} INFO - Filling up the DagBag from /opt/airflow/dags/meteorisk_dag.py
[2026-09-18T10:23:09.759+0000] {processor.py:840} INFO - DAG(s) 'meteorisk_pipeline' retrieved from /opt/airflow/dags/meteorisk_dag.py
[2026-09-18T10:23:09.816+0000] {logging_mixin.py:188} INFO - [2026-09-18T10:23:09.814+0000] {dag.py:3089} INFO - Sync 1 DAGs
[2026-09-18T10:23:09.844+0000] {logging_mixin.py:188} INFO - [2026-09-18T10:23:09.844+0000] {dag.py:3947} INFO - Setting next_dagrun for meteorisk_pipeline to 2026-09-18 00:00:00+00:00, run_after=2026-09-19 00:00:00+00:00
[2026-09-18T10:23:09.875+0000] {processor.py:183} INFO - Processing /opt/airflow/dags/meteorisk_dag.py took 0.187 seconds
[2026-09-18T10:23:40.060+0000] {processor.py:161} INFO - Started process (PID=1291) to work on /opt/airflow/dags/meteorisk_dag.py
[2026-09-18T10:23:40.062+0000] {processor.py:830} INFO - Processing file /opt/airflow/dags/meteorisk_dag.py for tasks to queue
[2026-09-18T10:23:40.069+0000] {logging_mixin.py:188} INFO - [2026-09-18T10:23:40.067+0000] {dagbag.py:545} INFO - Filling up the DagBag from /opt/airflow/dags/meteorisk_dag.py
[2026-09-18T10:23:40.124+0000] {processor.py:840} INFO - DAG(s) 'meteorisk_pipeline' retrieved from /opt/airflow/dags/meteorisk_dag.py
[2026-09-18T10:23:40.185+0000] {logging_mixin.py:188} INFO - [2026-09-18T10:23:40.184+0000] {dag.py:3089} INFO - Sync 1 DAGs
[2026-09-18T10:23:40.220+0000] {logging_mixin.py:188} INFO - [2026-09-18T10:23:40.219+0000] {dag.py:3947} INFO - Setting next_dagrun for meteorisk_pipeline to 2026-09-18 00:00:00+00:00, run_after=2026-09-19 00:00:00+00:00
[2026-09-18T10:23:40.260+0000] {processor.py:183} INFO - Processing /opt/airflow/dags/meteorisk_dag.py took 0.216 seconds
[2026-09-18T10:24:10.704+0000] {processor.py:161} INFO - Started process (PID=1297) to work on /opt/airflow/dags/meteorisk_dag.py
[2026-09-18T10:24:10.706+0000] {processor.py:830} INFO - Processing file /opt/airflow/dags/meteorisk_dag.py for tasks to queue
[2026-09-18T10:24:10.708+0000] {logging_mixin.py:188} INFO - [2026-09-18T10:24:10.708+0000] {dagbag.py:545} INFO - Filling up the DagBag from /opt/airflow/dags/meteorisk_dag.py
[2026-09-18T10:24:10.762+0000] {processor.py:840} INFO - DAG(s) 'meteorisk_pipeline' retrieved from /opt/airflow/dags/meteorisk_dag.py
[2026-09-18T10:24:10.800+0000] {logging_mixin.py:188} INFO - [2026-09-18T10:24:10.800+0000] {dag.py:3089} INFO - Sync 1 DAGs
[2026-09-18T10:24:10.822+0000] {logging_mixin.py:188} INFO - [2026-09-18T10:24:10.821+0000] {dag.py:3947} INFO - Setting next_dagrun for meteorisk_pipeline to 2026-09-18 00:00:00+00:00, run_after=2026-09-19 00:00:00+00:00
[2026-09-18T10:24:10.846+0000] {processor.py:183} INFO - Processing /opt/airflow/dags/meteorisk_dag.py took 0.150 seconds
[2026-09-18T10:24:41.025+0000] {processor.py:161} INFO - Started process (PID=1302) to work on /opt/airflow/dags/meteorisk_dag.py
[2026-09-18T10:24:41.028+0000] {processor.py:830} INFO - Processing file /opt/airflow/dags/meteorisk_dag.py for tasks to queue
[2026-09-18T10:24:41.032+0000] {logging_mixin.py:188} INFO - [2026-09-18T10:24:41.031+0000] {dagbag.py:545} INFO - Filling up the DagBag from /opt/airflow/dags/meteorisk_dag.py
[2026-09-18T10:24:41.084+0000] {processor.py:840} INFO - DAG(s) 'meteorisk_pipeline' retrieved from /opt/airflow/dags/meteorisk_dag.py
[2026-09-18T10:24:41.121+0000] {logging_mixin.py:188} INFO - [2026-09-18T10:24:41.121+0000] {dag.py:3089} INFO - Sync 1 DAGs
[2026-09-18T10:24:41.153+0000] {logging_mixin.py:188} INFO - [2026-09-18T10:24:41.152+0000] {dag.py:3947} INFO - Setting next_dagrun for meteorisk_pipeline to 2026-09-18 00:00:00+00:00, run_after=2026-09-19 00:00:00+00:00
[2026-09-18T10:24:41.180+0000] {processor.py:183} INFO - Processing /opt/airflow/dags/meteorisk_dag.py took 0.167 seconds
[2026-09-18T10:25:11.487+0000] {processor.py:161} INFO - Started process (PID=1307) to work on /opt/airflow/dags/meteorisk_dag.py
[2026-09-18T10:25:11.491+0000] {processor.py:830} INFO - Processing file /opt/airflow/dags/meteorisk_dag.py for tasks to queue
[2026-09-18T10:25:11.495+0000] {logging_mixin.py:188} INFO - [2026-09-18T10:25:11.494+0000] {dagbag.py:545} INFO - Filling up the DagBag from /opt/airflow/dags/meteorisk_dag.py
[2026-09-18T10:25:11.540+0000] {processor.py:840} INFO - DAG(s) 'meteorisk_pipeline' retrieved from /opt/airflow/dags/meteorisk_dag.py
[2026-09-18T10:25:11.591+0000] {logging_mixin.py:188} INFO - [2026-09-18T10:25:11.591+0000] {dag.py:3089} INFO - Sync 1 DAGs
[2026-09-18T10:25:11.618+0000] {logging_mixin.py:188} INFO - [2026-09-18T10:25:11.618+0000] {dag.py:3947} INFO - Setting next_dagrun for meteorisk_pipeline to 2026-09-18 00:00:00+00:00, run_after=2026-09-19 00:00:00+00:00
[2026-09-18T10:25:11.646+0000] {processor.py:183} INFO - Processing /opt/airflow/dags/meteorisk_dag.py took 0.165 seconds
[2026-09-18T10:25:41.790+0000] {processor.py:161} INFO - Started process (PID=1330) to work on /opt/airflow/dags/meteorisk_dag.py
[2026-09-18T10:25:41.792+0000] {processor.py:830} INFO - Processing file /opt/airflow/dags/meteorisk_dag.py for tasks to queue
[2026-09-18T10:25:41.796+0000] {logging_mixin.py:188} INFO - [2026-09-18T10:25:41.795+0000] {dagbag.py:545} INFO - Filling up the DagBag from /opt/airflow/dags/meteorisk_dag.py
[2026-09-18T10:25:41.853+0000] {processor.py:840} INFO - DAG(s) 'meteorisk_pipeline' retrieved from /opt/airflow/dags/meteorisk_dag.py
[2026-09-18T10:25:41.891+0000] {logging_mixin.py:188} INFO - [2026-09-18T10:25:41.891+0000] {dag.py:3089} INFO - Sync 1 DAGs
[2026-09-18T10:25:41.920+0000] {logging_mixin.py:188} INFO - [2026-09-18T10:25:41.920+0000] {dag.py:3947} INFO - Setting next_dagrun for meteorisk_pipeline to 2026-09-18 00:00:00+00:00, run_after=2026-09-19 00:00:00+00:00
[2026-09-18T10:25:41.945+0000] {processor.py:183} INFO - Processing /opt/airflow/dags/meteorisk_dag.py took 0.162 seconds
[2026-09-18T10:26:12.287+0000] {processor.py:161} INFO - Started process (PID=1354) to work on /opt/airflow/dags/meteorisk_dag.py
[2026-09-18T10:26:12.290+0000] {processor.py:830} INFO - Processing file /opt/airflow/dags/meteorisk_dag.py for tasks to queue
[2026-09-18T10:26:12.293+0000] {logging_mixin.py:188} INFO - [2026-09-18T10:26:12.292+0000] {dagbag.py:545} INFO - Filling up the DagBag from /opt/airflow/dags/meteorisk_dag.py
[2026-09-18T10:26:12.343+0000] {processor.py:840} INFO - DAG(s) 'meteorisk_pipeline' retrieved from /opt/airflow/dags/meteorisk_dag.py
[2026-09-18T10:26:12.409+0000] {logging_mixin.py:188} INFO - [2026-09-18T10:26:12.409+0000] {dag.py:3089} INFO - Sync 1 DAGs
[2026-09-18T10:26:12.450+0000] {logging_mixin.py:188} INFO - [2026-09-18T10:26:12.450+0000] {dag.py:3947} INFO - Setting next_dagrun for meteorisk_pipeline to 2026-09-18 00:00:00+00:00, run_after=2026-09-19 00:00:00+00:00
[2026-09-18T10:26:12.491+0000] {processor.py:183} INFO - Processing /opt/airflow/dags/meteorisk_dag.py took 0.213 seconds
[2026-09-18T10:26:42.603+0000] {processor.py:161} INFO - Started process (PID=1360) to work on /opt/airflow/dags/meteorisk_dag.py
[2026-09-18T10:26:42.607+0000] {processor.py:830} INFO - Processing file /opt/airflow/dags/meteorisk_dag.py for tasks to queue
[2026-09-18T10:26:42.614+0000] {logging_mixin.py:188} INFO - [2026-09-18T10:26:42.614+0000] {dagbag.py:545} INFO - Filling up the DagBag from /opt/airflow/dags/meteorisk_dag.py
[2026-09-18T10:26:42.665+0000] {processor.py:840} INFO - DAG(s) 'meteorisk_pipeline' retrieved from /opt/airflow/dags/meteorisk_dag.py
[2026-09-18T10:26:42.739+0000] {logging_mixin.py:188} INFO - [2026-09-18T10:26:42.738+0000] {dag.py:3089} INFO - Sync 1 DAGs
[2026-09-18T10:26:42.773+0000] {logging_mixin.py:188} INFO - [2026-09-18T10:26:42.772+0000] {dag.py:3947} INFO - Setting next_dagrun for meteorisk_pipeline to 2026-09-18 00:00:00+00:00, run_after=2026-09-19 00:00:00+00:00
[2026-09-18T10:26:42.803+0000] {processor.py:183} INFO - Processing /opt/airflow/dags/meteorisk_dag.py took 0.213 seconds
[2026-09-18T10:27:13.219+0000] {processor.py:161} INFO - Started process (PID=1365) to work on /opt/airflow/dags/meteorisk_dag.py
[2026-09-18T10:27:13.225+0000] {processor.py:830} INFO - Processing file /opt/airflow/dags/meteorisk_dag.py for tasks to queue
[2026-09-18T10:27:13.244+0000] {logging_mixin.py:188} INFO - [2026-09-18T10:27:13.242+0000] {dagbag.py:545} INFO - Filling up the DagBag from /opt/airflow/dags/meteorisk_dag.py
[2026-09-18T10:27:13.310+0000] {processor.py:840} INFO - DAG(s) 'meteorisk_pipeline' retrieved from /opt/airflow/dags/meteorisk_dag.py
[2026-09-18T10:27:13.373+0000] {logging_mixin.py:188} INFO - [2026-09-18T10:27:13.373+0000] {dag.py:3089} INFO - Sync 1 DAGs
[2026-09-18T10:27:13.425+0000] {logging_mixin.py:188} INFO - [2026-09-18T10:27:13.425+0000] {dag.py:3947} INFO - Setting next_dagrun for meteorisk_pipeline to 2026-09-18 00:00:00+00:00, run_after=2026-09-19 00:00:00+00:00
[2026-09-18T10:27:13.484+0000] {processor.py:183} INFO - Processing /opt/airflow/dags/meteorisk_dag.py took 0.307 seconds
[2026-09-18T10:27:43.874+0000] {processor.py:161} INFO - Started process (PID=1430) to work on /opt/airflow/dags/meteorisk_dag.py
[2026-09-18T10:27:43.880+0000] {processor.py:830} INFO - Processing file /opt/airflow/dags/meteorisk_dag.py for tasks to queue
[2026-09-18T10:27:43.886+0000] {logging_mixin.py:188} INFO - [2026-09-18T10:27:43.885+0000] {dagbag.py:545} INFO - Filling up the DagBag from /opt/airflow/dags/meteorisk_dag.py
[2026-09-18T10:27:43.960+0000] {processor.py:840} INFO - DAG(s) 'meteorisk_pipeline' retrieved from /opt/airflow/dags/meteorisk_dag.py
[2026-09-18T10:27:44.016+0000] {logging_mixin.py:188} INFO - [2026-09-18T10:27:44.015+0000] {dag.py:3089} INFO - Sync 1 DAGs
[2026-09-18T10:27:44.043+0000] {logging_mixin.py:188} INFO - [2026-09-18T10:27:44.043+0000] {dag.py:3947} INFO - Setting next_dagrun for meteorisk_pipeline to 2026-09-18 00:00:00+00:00, run_after=2026-09-19 00:00:00+00:00
[2026-09-18T10:27:44.068+0000] {processor.py:183} INFO - Processing /opt/airflow/dags/meteorisk_dag.py took 0.211 seconds
[2026-09-18T10:28:14.221+0000] {processor.py:161} INFO - Started process (PID=1435) to work on /opt/airflow/dags/meteorisk_dag.py
[2026-09-18T10:28:14.227+0000] {processor.py:830} INFO - Processing file /opt/airflow/dags/meteorisk_dag.py for tasks to queue
[2026-09-18T10:28:14.235+0000] {logging_mixin.py:188} INFO - [2026-09-18T10:28:14.233+0000] {dagbag.py:545} INFO - Filling up the DagBag from /opt/airflow/dags/meteorisk_dag.py
[2026-09-18T10:28:14.305+0000] {processor.py:840} INFO - DAG(s) 'meteorisk_pipeline' retrieved from /opt/airflow/dags/meteorisk_dag.py
[2026-09-18T10:28:14.356+0000] {logging_mixin.py:188} INFO - [2026-09-18T10:28:14.356+0000] {dag.py:3089} INFO - Sync 1 DAGs
[2026-09-18T10:28:14.390+0000] {logging_mixin.py:188} INFO - [2026-09-18T10:28:14.389+0000] {dag.py:3947} INFO - Setting next_dagrun for meteorisk_pipeline to 2026-09-18 00:00:00+00:00, run_after=2026-09-19 00:00:00+00:00
[2026-09-18T10:28:14.445+0000] {processor.py:183} INFO - Processing /opt/airflow/dags/meteorisk_dag.py took 0.240 seconds
[2026-09-18T10:28:44.815+0000] {processor.py:161} INFO - Started process (PID=1530) to work on /opt/airflow/dags/meteorisk_dag.py
[2026-09-18T10:28:44.818+0000] {processor.py:830} INFO - Processing file /opt/airflow/dags/meteorisk_dag.py for tasks to queue
[2026-09-18T10:28:44.826+0000] {logging_mixin.py:188} INFO - [2026-09-18T10:28:44.825+0000] {dagbag.py:545} INFO - Filling up the DagBag from /opt/airflow/dags/meteorisk_dag.py
[2026-09-18T10:28:44.872+0000] {processor.py:840} INFO - DAG(s) 'meteorisk_pipeline' retrieved from /opt/airflow/dags/meteorisk_dag.py
[2026-09-18T10:28:44.921+0000] {logging_mixin.py:188} INFO - [2026-09-18T10:28:44.921+0000] {dag.py:3089} INFO - Sync 1 DAGs
[2026-09-18T10:28:44.952+0000] {logging_mixin.py:188} INFO - [2026-09-18T10:28:44.951+0000] {dag.py:3947} INFO - Setting next_dagrun for meteorisk_pipeline to 2026-09-18 00:00:00+00:00, run_after=2026-09-19 00:00:00+00:00
[2026-09-18T10:28:45.011+0000] {processor.py:183} INFO - Processing /opt/airflow/dags/meteorisk_dag.py took 0.212 seconds
[2026-09-18T10:29:15.258+0000] {processor.py:161} INFO - Started process (PID=1535) to work on /opt/airflow/dags/meteorisk_dag.py
[2026-09-18T10:29:15.262+0000] {processor.py:830} INFO - Processing file /opt/airflow/dags/meteorisk_dag.py for tasks to queue
[2026-09-18T10:29:15.272+0000] {logging_mixin.py:188} INFO - [2026-09-18T10:29:15.270+0000] {dagbag.py:545} INFO - Filling up the DagBag from /opt/airflow/dags/meteorisk_dag.py
[2026-09-18T10:29:15.346+0000] {processor.py:840} INFO - DAG(s) 'meteorisk_pipeline' retrieved from /opt/airflow/dags/meteorisk_dag.py
[2026-09-18T10:29:15.382+0000] {logging_mixin.py:188} INFO - [2026-09-18T10:29:15.381+0000] {dag.py:3089} INFO - Sync 1 DAGs
[2026-09-18T10:29:15.407+0000] {logging_mixin.py:188} INFO - [2026-09-18T10:29:15.407+0000] {dag.py:3947} INFO - Setting next_dagrun for meteorisk_pipeline to 2026-09-18 00:00:00+00:00, run_after=2026-09-19 00:00:00+00:00
[2026-09-18T10:29:15.444+0000] {processor.py:183} INFO - Processing /opt/airflow/dags/meteorisk_dag.py took 0.214 seconds
[2026-09-18T10:29:45.674+0000] {processor.py:161} INFO - Started process (PID=1540) to work on /opt/airflow/dags/meteorisk_dag.py
[2026-09-18T10:29:45.677+0000] {processor.py:830} INFO - Processing file /opt/airflow/dags/meteorisk_dag.py for tasks to queue
[2026-09-18T10:29:45.682+0000] {logging_mixin.py:188} INFO - [2026-09-18T10:29:45.681+0000] {dagbag.py:545} INFO - Filling up the DagBag from /opt/airflow/dags/meteorisk_dag.py
[2026-09-18T10:29:45.745+0000] {processor.py:840} INFO - DAG(s) 'meteorisk_pipeline' retrieved from /opt/airflow/dags/meteorisk_dag.py
[2026-09-18T10:29:45.809+0000] {logging_mixin.py:188} INFO - [2026-09-18T10:29:45.809+0000] {dag.py:3089} INFO - Sync 1 DAGs
[2026-09-18T10:29:45.835+0000] {logging_mixin.py:188} INFO - [2026-09-18T10:29:45.835+0000] {dag.py:3947} INFO - Setting next_dagrun for meteorisk_pipeline to 2026-09-18 00:00:00+00:00, run_after=2026-09-19 00:00:00+00:00
[2026-09-18T10:29:45.896+0000] {processor.py:183} INFO - Processing /opt/airflow/dags/meteorisk_dag.py took 0.231 seconds
[2026-09-18T10:30:16.148+0000] {processor.py:161} INFO - Started process (PID=1545) to work on /opt/airflow/dags/meteorisk_dag.py
[2026-09-18T10:30:16.149+0000] {processor.py:830} INFO - Processing file /opt/airflow/dags/meteorisk_dag.py for tasks to queue
[2026-09-18T10:30:16.152+0000] {logging_mixin.py:188} INFO - [2026-09-18T10:30:16.151+0000] {dagbag.py:545} INFO - Filling up the DagBag from /opt/airflow/dags/meteorisk_dag.py
[2026-09-18T10:30:16.222+0000] {processor.py:840} INFO - DAG(s) 'meteorisk_pipeline' retrieved from /opt/airflow/dags/meteorisk_dag.py
[2026-09-18T10:30:16.295+0000] {logging_mixin.py:188} INFO - [2026-09-18T10:30:16.295+0000] {dag.py:3089} INFO - Sync 1 DAGs
[2026-09-18T10:30:16.332+0000] {logging_mixin.py:188} INFO - [2026-09-18T10:30:16.332+0000] {dag.py:3947} INFO - Setting next_dagrun for meteorisk_pipeline to 2026-09-18 00:00:00+00:00, run_after=2026-09-19 00:00:00+00:00
[2026-09-18T10:30:16.369+0000] {processor.py:183} INFO - Processing /opt/airflow/dags/meteorisk_dag.py took 0.228 seconds
[2026-09-18T10:30:46.599+0000] {processor.py:161} INFO - Started process (PID=1550) to work on /opt/airflow/dags/meteorisk_dag.py
[2026-09-18T10:30:46.600+0000] {processor.py:830} INFO - Processing file /opt/airflow/dags/meteorisk_dag.py for tasks to queue
[2026-09-18T10:30:46.603+0000] {logging_mixin.py:188} INFO - [2026-09-18T10:30:46.603+0000] {dagbag.py:545} INFO - Filling up the DagBag from /opt/airflow/dags/meteorisk_dag.py
[2026-09-18T10:30:46.658+0000] {processor.py:840} INFO - DAG(s) 'meteorisk_pipeline' retrieved from /opt/airflow/dags/meteorisk_dag.py
[2026-09-18T10:30:46.706+0000] {logging_mixin.py:188} INFO - [2026-09-18T10:30:46.706+0000] {dag.py:3089} INFO - Sync 1 DAGs
[2026-09-18T10:30:46.735+0000] {logging_mixin.py:188} INFO - [2026-09-18T10:30:46.734+0000] {dag.py:3947} INFO - Setting next_dagrun for meteorisk_pipeline to 2026-09-18 00:00:00+00:00, run_after=2026-09-19 00:00:00+00:00
[2026-09-18T10:30:46.768+0000] {processor.py:183} INFO - Processing /opt/airflow/dags/meteorisk_dag.py took 0.180 seconds
[2026-09-18T10:31:17.038+0000] {processor.py:161} INFO - Started process (PID=1555) to work on /opt/airflow/dags/meteorisk_dag.py
[2026-09-18T10:31:17.041+0000] {processor.py:830} INFO - Processing file /opt/airflow/dags/meteorisk_dag.py for tasks to queue
[2026-09-18T10:31:17.045+0000] {logging_mixin.py:188} INFO - [2026-09-18T10:31:17.044+0000] {dagbag.py:545} INFO - Filling up the DagBag from /opt/airflow/dags/meteorisk_dag.py
[2026-09-18T10:31:17.081+0000] {processor.py:840} INFO - DAG(s) 'meteorisk_pipeline' retrieved from /opt/airflow/dags/meteorisk_dag.py
[2026-09-18T10:31:17.124+0000] {logging_mixin.py:188} INFO - [2026-09-18T10:31:17.123+0000] {dag.py:3089} INFO - Sync 1 DAGs
[2026-09-18T10:31:17.153+0000] {logging_mixin.py:188} INFO - [2026-09-18T10:31:17.153+0000] {dag.py:3947} INFO - Setting next_dagrun for meteorisk_pipeline to 2026-09-18 00:00:00+00:00, run_after=2026-09-19 00:00:00+00:00
[2026-09-18T10:31:17.182+0000] {processor.py:183} INFO - Processing /opt/airflow/dags/meteorisk_dag.py took 0.153 seconds
[2026-09-18T10:31:47.417+0000] {processor.py:161} INFO - Started process (PID=1560) to work on /opt/airflow/dags/meteorisk_dag.py
[2026-09-18T10:31:47.419+0000] {processor.py:830} INFO - Processing file /opt/airflow/dags/meteorisk_dag.py for tasks to queue
[2026-09-18T10:31:47.425+0000] {logging_mixin.py:188} INFO - [2026-09-18T10:31:47.424+0000] {dagbag.py:545} INFO - Filling up the DagBag from /opt/airflow/dags/meteorisk_dag.py
[2026-09-18T10:31:47.516+0000] {processor.py:840} INFO - DAG(s) 'meteorisk_pipeline' retrieved from /opt/airflow/dags/meteorisk_dag.py
[2026-09-18T10:31:47.578+0000] {logging_mixin.py:188} INFO - [2026-09-18T10:31:47.578+0000] {dag.py:3089} INFO - Sync 1 DAGs
[2026-09-18T10:31:47.625+0000] {logging_mixin.py:188} INFO - [2026-09-18T10:31:47.624+0000] {dag.py:3947} INFO - Setting next_dagrun for meteorisk_pipeline to 2026-09-18 00:00:00+00:00, run_after=2026-09-19 00:00:00+00:00
[2026-09-18T10:31:47.657+0000] {processor.py:183} INFO - Processing /opt/airflow/dags/meteorisk_dag.py took 0.249 seconds
[2026-09-18T10:32:17.846+0000] {processor.py:161} INFO - Started process (PID=1565) to work on /opt/airflow/dags/meteorisk_dag.py
[2026-09-18T10:32:17.850+0000] {processor.py:830} INFO - Processing file /opt/airflow/dags/meteorisk_dag.py for tasks to queue
[2026-09-18T10:32:17.855+0000] {logging_mixin.py:188} INFO - [2026-09-18T10:32:17.854+0000] {dagbag.py:545} INFO - Filling up the DagBag from /opt/airflow/dags/meteorisk_dag.py
[2026-09-18T10:32:17.914+0000] {processor.py:840} INFO - DAG(s) 'meteorisk_pipeline' retrieved from /opt/airflow/dags/meteorisk_dag.py
[2026-09-18T10:32:17.970+0000] {logging_mixin.py:188} INFO - [2026-09-18T10:32:17.970+0000] {dag.py:3089} INFO - Sync 1 DAGs
[2026-09-18T10:32:17.997+0000] {logging_mixin.py:188} INFO - [2026-09-18T10:32:17.997+0000] {dag.py:3947} INFO - Setting next_dagrun for meteorisk_pipeline to 2026-09-18 00:00:00+00:00, run_after=2026-09-19 00:00:00+00:00
[2026-09-18T10:32:18.027+0000] {processor.py:183} INFO - Processing /opt/airflow/dags/meteorisk_dag.py took 0.193 seconds
[2026-09-18T10:32:48.321+0000] {processor.py:161} INFO - Started process (PID=1570) to work on /opt/airflow/dags/meteorisk_dag.py
[2026-09-18T10:32:48.323+0000] {processor.py:830} INFO - Processing file /opt/airflow/dags/meteorisk_dag.py for tasks to queue
[2026-09-18T10:32:48.325+0000] {logging_mixin.py:188} INFO - [2026-09-18T10:32:48.324+0000] {dagbag.py:545} INFO - Filling up the DagBag from /opt/airflow/dags/meteorisk_dag.py
[2026-09-18T10:32:48.359+0000] {processor.py:840} INFO - DAG(s) 'meteorisk_pipeline' retrieved from /opt/airflow/dags/meteorisk_dag.py
[2026-09-18T10:32:48.404+0000] {logging_mixin.py:188} INFO - [2026-09-18T10:32:48.404+0000] {dag.py:3089} INFO - Sync 1 DAGs
[2026-09-18T10:32:48.437+0000] {logging_mixin.py:188} INFO - [2026-09-18T10:32:48.437+0000] {dag.py:3947} INFO - Setting next_dagrun for meteorisk_pipeline to 2026-09-18 00:00:00+00:00, run_after=2026-09-19 00:00:00+00:00
[2026-09-18T10:32:48.466+0000] {processor.py:183} INFO - Processing /opt/airflow/dags/meteorisk_dag.py took 0.154 seconds
[2026-09-18T10:33:18.661+0000] {processor.py:161} INFO - Started process (PID=1575) to work on /opt/airflow/dags/meteorisk_dag.py
[2026-09-18T10:33:18.664+0000] {processor.py:830} INFO - Processing file /opt/airflow/dags/meteorisk_dag.py for tasks to queue
[2026-09-18T10:33:18.667+0000] {logging_mixin.py:188} INFO - [2026-09-18T10:33:18.666+0000] {dagbag.py:545} INFO - Filling up the DagBag from /opt/airflow/dags/meteorisk_dag.py
[2026-09-18T10:33:18.710+0000] {processor.py:840} INFO - DAG(s) 'meteorisk_pipeline' retrieved from /opt/airflow/dags/meteorisk_dag.py
[2026-09-18T10:33:18.759+0000] {logging_mixin.py:188} INFO - [2026-09-18T10:33:18.758+0000] {dag.py:3089} INFO - Sync 1 DAGs
[2026-09-18T10:33:18.790+0000] {logging_mixin.py:188} INFO - [2026-09-18T10:33:18.790+0000] {dag.py:3947} INFO - Setting next_dagrun for meteorisk_pipeline to 2026-09-18 00:00:00+00:00, run_after=2026-09-19 00:00:00+00:00
[2026-09-18T10:33:18.818+0000] {processor.py:183} INFO - Processing /opt/airflow/dags/meteorisk_dag.py took 0.166 seconds
[2026-09-18T10:33:49.163+0000] {processor.py:161} INFO - Started process (PID=1610) to work on /opt/airflow/dags/meteorisk_dag.py
[2026-09-18T10:33:49.165+0000] {processor.py:830} INFO - Processing file /opt/airflow/dags/meteorisk_dag.py for tasks to queue
[2026-09-18T10:33:49.168+0000] {logging_mixin.py:188} INFO - [2026-09-18T10:33:49.167+0000] {dagbag.py:545} INFO - Filling up the DagBag from /opt/airflow/dags/meteorisk_dag.py
[2026-09-18T10:33:49.219+0000] {processor.py:840} INFO - DAG(s) 'meteorisk_pipeline' retrieved from /opt/airflow/dags/meteorisk_dag.py
[2026-09-18T10:33:49.266+0000] {logging_mixin.py:188} INFO - [2026-09-18T10:33:49.266+0000] {dag.py:3089} INFO - Sync 1 DAGs
[2026-09-18T10:33:49.300+0000] {logging_mixin.py:188} INFO - [2026-09-18T10:33:49.300+0000] {dag.py:3947} INFO - Setting next_dagrun for meteorisk_pipeline to 2026-09-18 00:00:00+00:00, run_after=2026-09-19 00:00:00+00:00
[2026-09-18T10:33:49.336+0000] {processor.py:183} INFO - Processing /opt/airflow/dags/meteorisk_dag.py took 0.184 seconds
[2026-09-18T10:34:19.639+0000] {processor.py:161} INFO - Started process (PID=1615) to work on /opt/airflow/dags/meteorisk_dag.py
[2026-09-18T10:34:19.643+0000] {processor.py:830} INFO - Processing file /opt/airflow/dags/meteorisk_dag.py for tasks to queue
[2026-09-18T10:34:19.648+0000] {logging_mixin.py:188} INFO - [2026-09-18T10:34:19.647+0000] {dagbag.py:545} INFO - Filling up the DagBag from /opt/airflow/dags/meteorisk_dag.py
[2026-09-18T10:34:19.702+0000] {processor.py:840} INFO - DAG(s) 'meteorisk_pipeline' retrieved from /opt/airflow/dags/meteorisk_dag.py
[2026-09-18T10:34:19.756+0000] {logging_mixin.py:188} INFO - [2026-09-18T10:34:19.755+0000] {dag.py:3089} INFO - Sync 1 DAGs
[2026-09-18T10:34:19.784+0000] {logging_mixin.py:188} INFO - [2026-09-18T10:34:19.784+0000] {dag.py:3947} INFO - Setting next_dagrun for meteorisk_pipeline to 2026-09-18 00:00:00+00:00, run_after=2026-09-19 00:00:00+00:00
[2026-09-18T10:34:19.818+0000] {processor.py:183} INFO - Processing /opt/airflow/dags/meteorisk_dag.py took 0.197 seconds
[2026-09-18T10:34:50.065+0000] {processor.py:161} INFO - Started process (PID=1638) to work on /opt/airflow/dags/meteorisk_dag.py
[2026-09-18T10:34:50.068+0000] {processor.py:830} INFO - Processing file /opt/airflow/dags/meteorisk_dag.py for tasks to queue
[2026-09-18T10:34:50.086+0000] {logging_mixin.py:188} INFO - [2026-09-18T10:34:50.085+0000] {dagbag.py:545} INFO - Filling up the DagBag from /opt/airflow/dags/meteorisk_dag.py
[2026-09-18T10:34:50.142+0000] {processor.py:840} INFO - DAG(s) 'meteorisk_pipeline' retrieved from /opt/airflow/dags/meteorisk_dag.py
[2026-09-18T10:34:50.196+0000] {logging_mixin.py:188} INFO - [2026-09-18T10:34:50.195+0000] {dag.py:3089} INFO - Sync 1 DAGs
[2026-09-18T10:34:50.237+0000] {logging_mixin.py:188} INFO - [2026-09-18T10:34:50.236+0000] {dag.py:3947} INFO - Setting next_dagrun for meteorisk_pipeline to 2026-09-18 00:00:00+00:00, run_after=2026-09-19 00:00:00+00:00
[2026-09-18T10:34:50.275+0000] {processor.py:183} INFO - Processing /opt/airflow/dags/meteorisk_dag.py took 0.232 seconds
[2026-09-18T10:35:20.456+0000] {processor.py:161} INFO - Started process (PID=1670) to work on /opt/airflow/dags/meteorisk_dag.py
[2026-09-18T10:35:20.458+0000] {processor.py:830} INFO - Processing file /opt/airflow/dags/meteorisk_dag.py for tasks to queue
[2026-09-18T10:35:20.462+0000] {logging_mixin.py:188} INFO - [2026-09-18T10:35:20.461+0000] {dagbag.py:545} INFO - Filling up the DagBag from /opt/airflow/dags/meteorisk_dag.py
[2026-09-18T10:35:20.499+0000] {processor.py:840} INFO - DAG(s) 'meteorisk_pipeline' retrieved from /opt/airflow/dags/meteorisk_dag.py
[2026-09-18T10:35:20.536+0000] {logging_mixin.py:188} INFO - [2026-09-18T10:35:20.535+0000] {dag.py:3089} INFO - Sync 1 DAGs
[2026-09-18T10:35:20.559+0000] {logging_mixin.py:188} INFO - [2026-09-18T10:35:20.559+0000] {dag.py:3947} INFO - Setting next_dagrun for meteorisk_pipeline to 2026-09-18 00:00:00+00:00, run_after=2026-09-19 00:00:00+00:00
[2026-09-18T10:35:20.601+0000] {processor.py:183} INFO - Processing /opt/airflow/dags/meteorisk_dag.py took 0.152 seconds
[2026-09-18T10:35:50.883+0000] {processor.py:161} INFO - Started process (PID=1675) to work on /opt/airflow/dags/meteorisk_dag.py
[2026-09-18T10:35:50.884+0000] {processor.py:830} INFO - Processing file /opt/airflow/dags/meteorisk_dag.py for tasks to queue
[2026-09-18T10:35:50.887+0000] {logging_mixin.py:188} INFO - [2026-09-18T10:35:50.887+0000] {dagbag.py:545} INFO - Filling up the DagBag from /opt/airflow/dags/meteorisk_dag.py
[2026-09-18T10:35:50.914+0000] {processor.py:840} INFO - DAG(s) 'meteorisk_pipeline' retrieved from /opt/airflow/dags/meteorisk_dag.py
[2026-09-18T10:35:50.956+0000] {logging_mixin.py:188} INFO - [2026-09-18T10:35:50.956+0000] {dag.py:3089} INFO - Sync 1 DAGs
[2026-09-18T10:35:50.981+0000] {logging_mixin.py:188} INFO - [2026-09-18T10:35:50.980+0000] {dag.py:3947} INFO - Setting next_dagrun for meteorisk_pipeline to 2026-09-18 00:00:00+00:00, run_after=2026-09-19 00:00:00+00:00
[2026-09-18T10:35:51.004+0000] {processor.py:183} INFO - Processing /opt/airflow/dags/meteorisk_dag.py took 0.128 seconds
[2026-09-18T10:36:21.202+0000] {processor.py:161} INFO - Started process (PID=1680) to work on /opt/airflow/dags/meteorisk_dag.py
[2026-09-18T10:36:21.205+0000] {processor.py:830} INFO - Processing file /opt/airflow/dags/meteorisk_dag.py for tasks to queue
[2026-09-18T10:36:21.210+0000] {logging_mixin.py:188} INFO - [2026-09-18T10:36:21.209+0000] {dagbag.py:545} INFO - Filling up the DagBag from /opt/airflow/dags/meteorisk_dag.py
[2026-09-18T10:36:21.274+0000] {processor.py:840} INFO - DAG(s) 'meteorisk_pipeline' retrieved from /opt/airflow/dags/meteorisk_dag.py
[2026-09-18T10:36:21.314+0000] {logging_mixin.py:188} INFO - [2026-09-18T10:36:21.314+0000] {dag.py:3089} INFO - Sync 1 DAGs
[2026-09-18T10:36:21.344+0000] {logging_mixin.py:188} INFO - [2026-09-18T10:36:21.344+0000] {dag.py:3947} INFO - Setting next_dagrun for meteorisk_pipeline to 2026-09-18 00:00:00+00:00, run_after=2026-09-19 00:00:00+00:00
[2026-09-18T10:36:21.366+0000] {processor.py:183} INFO - Processing /opt/airflow/dags/meteorisk_dag.py took 0.182 seconds
[2026-09-18T10:36:51.613+0000] {processor.py:161} INFO - Started process (PID=1685) to work on /opt/airflow/dags/meteorisk_dag.py
[2026-09-18T10:36:51.614+0000] {processor.py:830} INFO - Processing file /opt/airflow/dags/meteorisk_dag.py for tasks to queue
[2026-09-18T10:36:51.619+0000] {logging_mixin.py:188} INFO - [2026-09-18T10:36:51.618+0000] {dagbag.py:545} INFO - Filling up the DagBag from /opt/airflow/dags/meteorisk_dag.py
[2026-09-18T10:36:51.667+0000] {processor.py:840} INFO - DAG(s) 'meteorisk_pipeline' retrieved from /opt/airflow/dags/meteorisk_dag.py
[2026-09-18T10:36:51.716+0000] {logging_mixin.py:188} INFO - [2026-09-18T10:36:51.716+0000] {dag.py:3089} INFO - Sync 1 DAGs
[2026-09-18T10:36:51.754+0000] {logging_mixin.py:188} INFO - [2026-09-18T10:36:51.754+0000] {dag.py:3947} INFO - Setting next_dagrun for meteorisk_pipeline to 2026-09-18 00:00:00+00:00, run_after=2026-09-19 00:00:00+00:00
[2026-09-18T10:36:51.793+0000] {processor.py:183} INFO - Processing /opt/airflow/dags/meteorisk_dag.py took 0.189 seconds
[2026-09-18T10:37:22.043+0000] {processor.py:161} INFO - Started process (PID=1690) to work on /opt/airflow/dags/meteorisk_dag.py
[2026-09-18T10:37:22.045+0000] {processor.py:830} INFO - Processing file /opt/airflow/dags/meteorisk_dag.py for tasks to queue
[2026-09-18T10:37:22.049+0000] {logging_mixin.py:188} INFO - [2026-09-18T10:37:22.048+0000] {dagbag.py:545} INFO - Filling up the DagBag from /opt/airflow/dags/meteorisk_dag.py
[2026-09-18T10:37:22.108+0000] {processor.py:840} INFO - DAG(s) 'meteorisk_pipeline' retrieved from /opt/airflow/dags/meteorisk_dag.py
[2026-09-18T10:37:22.163+0000] {logging_mixin.py:188} INFO - [2026-09-18T10:37:22.162+0000] {dag.py:3089} INFO - Sync 1 DAGs
[2026-09-18T10:37:22.193+0000] {logging_mixin.py:188} INFO - [2026-09-18T10:37:22.193+0000] {dag.py:3947} INFO - Setting next_dagrun for meteorisk_pipeline to 2026-09-18 00:00:00+00:00, run_after=2026-09-19 00:00:00+00:00
[2026-09-18T10:37:22.216+0000] {processor.py:183} INFO - Processing /opt/airflow/dags/meteorisk_dag.py took 0.182 seconds
[2026-09-18T10:37:52.415+0000] {processor.py:161} INFO - Started process (PID=1695) to work on /opt/airflow/dags/meteorisk_dag.py
[2026-09-18T10:37:52.417+0000] {processor.py:830} INFO - Processing file /opt/airflow/dags/meteorisk_dag.py for tasks to queue
[2026-09-18T10:37:52.420+0000] {logging_mixin.py:188} INFO - [2026-09-18T10:37:52.420+0000] {dagbag.py:545} INFO - Filling up the DagBag from /opt/airflow/dags/meteorisk_dag.py
[2026-09-18T10:37:52.465+0000] {processor.py:840} INFO - DAG(s) 'meteorisk_pipeline' retrieved from /opt/airflow/dags/meteorisk_dag.py
[2026-09-18T10:37:52.519+0000] {logging_mixin.py:188} INFO - [2026-09-18T10:37:52.518+0000] {dag.py:3089} INFO - Sync 1 DAGs
[2026-09-18T10:37:52.561+0000] {logging_mixin.py:188} INFO - [2026-09-18T10:37:52.560+0000] {dag.py:3947} INFO - Setting next_dagrun for meteorisk_pipeline to 2026-09-18 00:00:00+00:00, run_after=2026-09-19 00:00:00+00:00
[2026-09-18T10:37:52.600+0000] {processor.py:183} INFO - Processing /opt/airflow/dags/meteorisk_dag.py took 0.195 seconds
[2026-09-18T10:38:22.851+0000] {processor.py:161} INFO - Started process (PID=1700) to work on /opt/airflow/dags/meteorisk_dag.py
[2026-09-18T10:38:22.854+0000] {processor.py:830} INFO - Processing file /opt/airflow/dags/meteorisk_dag.py for tasks to queue
[2026-09-18T10:38:22.858+0000] {logging_mixin.py:188} INFO - [2026-09-18T10:38:22.856+0000] {dagbag.py:545} INFO - Filling up the DagBag from /opt/airflow/dags/meteorisk_dag.py
[2026-09-18T10:38:22.917+0000] {processor.py:840} INFO - DAG(s) 'meteorisk_pipeline' retrieved from /opt/airflow/dags/meteorisk_dag.py
[2026-09-18T10:38:22.960+0000] {logging_mixin.py:188} INFO - [2026-09-18T10:38:22.959+0000] {dag.py:3089} INFO - Sync 1 DAGs
[2026-09-18T10:38:22.990+0000] {logging_mixin.py:188} INFO - [2026-09-18T10:38:22.990+0000] {dag.py:3947} INFO - Setting next_dagrun for meteorisk_pipeline to 2026-09-18 00:00:00+00:00, run_after=2026-09-19 00:00:00+00:00
[2026-09-18T10:38:23.019+0000] {processor.py:183} INFO - Processing /opt/airflow/dags/meteorisk_dag.py took 0.184 seconds
[2026-09-18T10:38:53.235+0000] {processor.py:161} INFO - Started process (PID=1705) to work on /opt/airflow/dags/meteorisk_dag.py
[2026-09-18T10:38:53.237+0000] {processor.py:830} INFO - Processing file /opt/airflow/dags/meteorisk_dag.py for tasks to queue
[2026-09-18T10:38:53.240+0000] {logging_mixin.py:188} INFO - [2026-09-18T10:38:53.240+0000] {dagbag.py:545} INFO - Filling up the DagBag from /opt/airflow/dags/meteorisk_dag.py
[2026-09-18T10:38:53.296+0000] {processor.py:840} INFO - DAG(s) 'meteorisk_pipeline' retrieved from /opt/airflow/dags/meteorisk_dag.py
[2026-09-18T10:38:53.330+0000] {logging_mixin.py:188} INFO - [2026-09-18T10:38:53.330+0000] {dag.py:3089} INFO - Sync 1 DAGs
[2026-09-18T10:38:53.357+0000] {logging_mixin.py:188} INFO - [2026-09-18T10:38:53.356+0000] {dag.py:3947} INFO - Setting next_dagrun for meteorisk_pipeline to 2026-09-18 00:00:00+00:00, run_after=2026-09-19 00:00:00+00:00
[2026-09-18T10:38:53.383+0000] {processor.py:183} INFO - Processing /opt/airflow/dags/meteorisk_dag.py took 0.159 seconds
[2026-09-18T10:39:23.780+0000] {processor.py:161} INFO - Started process (PID=1710) to work on /opt/airflow/dags/meteorisk_dag.py
[2026-09-18T10:39:23.782+0000] {processor.py:830} INFO - Processing file /opt/airflow/dags/meteorisk_dag.py for tasks to queue
[2026-09-18T10:39:23.787+0000] {logging_mixin.py:188} INFO - [2026-09-18T10:39:23.786+0000] {dagbag.py:545} INFO - Filling up the DagBag from /opt/airflow/dags/meteorisk_dag.py
[2026-09-18T10:39:23.853+0000] {processor.py:840} INFO - DAG(s) 'meteorisk_pipeline' retrieved from /opt/airflow/dags/meteorisk_dag.py
[2026-09-18T10:39:23.906+0000] {logging_mixin.py:188} INFO - [2026-09-18T10:39:23.905+0000] {dag.py:3089} INFO - Sync 1 DAGs
[2026-09-18T10:39:23.932+0000] {logging_mixin.py:188} INFO - [2026-09-18T10:39:23.932+0000] {dag.py:3947} INFO - Setting next_dagrun for meteorisk_pipeline to 2026-09-18 00:00:00+00:00, run_after=2026-09-19 00:00:00+00:00
[2026-09-18T10:39:23.958+0000] {processor.py:183} INFO - Processing /opt/airflow/dags/meteorisk_dag.py took 0.190 seconds
[2026-09-18T10:39:54.098+0000] {processor.py:161} INFO - Started process (PID=1715) to work on /opt/airflow/dags/meteorisk_dag.py
[2026-09-18T10:39:54.101+0000] {processor.py:830} INFO - Processing file /opt/airflow/dags/meteorisk_dag.py for tasks to queue
[2026-09-18T10:39:54.103+0000] {logging_mixin.py:188} INFO - [2026-09-18T10:39:54.103+0000] {dagbag.py:545} INFO - Filling up the DagBag from /opt/airflow/dags/meteorisk_dag.py
[2026-09-18T10:39:54.149+0000] {processor.py:840} INFO - DAG(s) 'meteorisk_pipeline' retrieved from /opt/airflow/dags/meteorisk_dag.py
[2026-09-18T10:39:54.193+0000] {logging_mixin.py:188} INFO - [2026-09-18T10:39:54.193+0000] {dag.py:3089} INFO - Sync 1 DAGs
[2026-09-18T10:39:54.221+0000] {logging_mixin.py:188} INFO - [2026-09-18T10:39:54.221+0000] {dag.py:3947} INFO - Setting next_dagrun for meteorisk_pipeline to 2026-09-18 00:00:00+00:00, run_after=2026-09-19 00:00:00+00:00
[2026-09-18T10:39:54.250+0000] {processor.py:183} INFO - Processing /opt/airflow/dags/meteorisk_dag.py took 0.161 seconds
[2026-09-18T10:40:24.388+0000] {processor.py:161} INFO - Started process (PID=1720) to work on /opt/airflow/dags/meteorisk_dag.py
[2026-09-18T10:40:24.389+0000] {processor.py:830} INFO - Processing file /opt/airflow/dags/meteorisk_dag.py for tasks to queue
[2026-09-18T10:40:24.392+0000] {logging_mixin.py:188} INFO - [2026-09-18T10:40:24.391+0000] {dagbag.py:545} INFO - Filling up the DagBag from /opt/airflow/dags/meteorisk_dag.py
[2026-09-18T10:40:24.423+0000] {processor.py:840} INFO - DAG(s) 'meteorisk_pipeline' retrieved from /opt/airflow/dags/meteorisk_dag.py
[2026-09-18T10:40:24.472+0000] {logging_mixin.py:188} INFO - [2026-09-18T10:40:24.472+0000] {dag.py:3089} INFO - Sync 1 DAGs
[2026-09-18T10:40:24.499+0000] {logging_mixin.py:188} INFO - [2026-09-18T10:40:24.499+0000] {dag.py:3947} INFO - Setting next_dagrun for meteorisk_pipeline to 2026-09-18 00:00:00+00:00, run_after=2026-09-19 00:00:00+00:00
[2026-09-18T10:40:24.541+0000] {processor.py:183} INFO - Processing /opt/airflow/dags/meteorisk_dag.py took 0.161 seconds
[2026-09-18T10:40:54.960+0000] {processor.py:161} INFO - Started process (PID=1725) to work on /opt/airflow/dags/meteorisk_dag.py
[2026-09-18T10:40:54.963+0000] {processor.py:830} INFO - Processing file /opt/airflow/dags/meteorisk_dag.py for tasks to queue
[2026-09-18T10:40:54.967+0000] {logging_mixin.py:188} INFO - [2026-09-18T10:40:54.966+0000] {dagbag.py:545} INFO - Filling up the DagBag from /opt/airflow/dags/meteorisk_dag.py
[2026-09-18T10:40:55.035+0000] {processor.py:840} INFO - DAG(s) 'meteorisk_pipeline' retrieved from /opt/airflow/dags/meteorisk_dag.py
[2026-09-18T10:40:55.093+0000] {logging_mixin.py:188} INFO - [2026-09-18T10:40:55.092+0000] {dag.py:3089} INFO - Sync 1 DAGs
[2026-09-18T10:40:55.138+0000] {logging_mixin.py:188} INFO - [2026-09-18T10:40:55.138+0000] {dag.py:3947} INFO - Setting next_dagrun for meteorisk_pipeline to 2026-09-18 00:00:00+00:00, run_after=2026-09-19 00:00:00+00:00
[2026-09-18T10:40:55.176+0000] {processor.py:183} INFO - Processing /opt/airflow/dags/meteorisk_dag.py took 0.228 seconds
[2026-09-18T10:41:25.335+0000] {processor.py:161} INFO - Started process (PID=1730) to work on /opt/airflow/dags/meteorisk_dag.py
[2026-09-18T10:41:25.338+0000] {processor.py:830} INFO - Processing file /opt/airflow/dags/meteorisk_dag.py for tasks to queue
[2026-09-18T10:41:25.346+0000] {logging_mixin.py:188} INFO - [2026-09-18T10:41:25.344+0000] {dagbag.py:545} INFO - Filling up the DagBag from /opt/airflow/dags/meteorisk_dag.py
[2026-09-18T10:41:25.417+0000] {processor.py:840} INFO - DAG(s) 'meteorisk_pipeline' retrieved from /opt/airflow/dags/meteorisk_dag.py
[2026-09-18T10:41:25.480+0000] {logging_mixin.py:188} INFO - [2026-09-18T10:41:25.479+0000] {dag.py:3089} INFO - Sync 1 DAGs
[2026-09-18T10:41:25.518+0000] {logging_mixin.py:188} INFO - [2026-09-18T10:41:25.517+0000] {dag.py:3947} INFO - Setting next_dagrun for meteorisk_pipeline to 2026-09-18 00:00:00+00:00, run_after=2026-09-19 00:00:00+00:00
[2026-09-18T10:41:25.552+0000] {processor.py:183} INFO - Processing /opt/airflow/dags/meteorisk_dag.py took 0.229 seconds
[2026-09-18T10:41:55.916+0000] {processor.py:161} INFO - Started process (PID=1735) to work on /opt/airflow/dags/meteorisk_dag.py
[2026-09-18T10:41:55.920+0000] {processor.py:830} INFO - Processing file /opt/airflow/dags/meteorisk_dag.py for tasks to queue
[2026-09-18T10:41:55.928+0000] {logging_mixin.py:188} INFO - [2026-09-18T10:41:55.927+0000] {dagbag.py:545} INFO - Filling up the DagBag from /opt/airflow/dags/meteorisk_dag.py
[2026-09-18T10:41:55.981+0000] {processor.py:840} INFO - DAG(s) 'meteorisk_pipeline' retrieved from /opt/airflow/dags/meteorisk_dag.py
[2026-09-18T10:41:56.028+0000] {logging_mixin.py:188} INFO - [2026-09-18T10:41:56.027+0000] {dag.py:3089} INFO - Sync 1 DAGs
[2026-09-18T10:41:56.059+0000] {logging_mixin.py:188} INFO - [2026-09-18T10:41:56.059+0000] {dag.py:3947} INFO - Setting next_dagrun for meteorisk_pipeline to 2026-09-18 00:00:00+00:00, run_after=2026-09-19 00:00:00+00:00
[2026-09-18T10:41:56.102+0000] {processor.py:183} INFO - Processing /opt/airflow/dags/meteorisk_dag.py took 0.194 seconds
[2026-09-18T10:42:26.226+0000] {processor.py:161} INFO - Started process (PID=1740) to work on /opt/airflow/dags/meteorisk_dag.py
[2026-09-18T10:42:26.228+0000] {processor.py:830} INFO - Processing file /opt/airflow/dags/meteorisk_dag.py for tasks to queue
[2026-09-18T10:42:26.232+0000] {logging_mixin.py:188} INFO - [2026-09-18T10:42:26.231+0000] {dagbag.py:545} INFO - Filling up the DagBag from /opt/airflow/dags/meteorisk_dag.py
[2026-09-18T10:42:26.266+0000] {processor.py:840} INFO - DAG(s) 'meteorisk_pipeline' retrieved from /opt/airflow/dags/meteorisk_dag.py
[2026-09-18T10:42:26.323+0000] {logging_mixin.py:188} INFO - [2026-09-18T10:42:26.323+0000] {dag.py:3089} INFO - Sync 1 DAGs
[2026-09-18T10:42:26.351+0000] {logging_mixin.py:188} INFO - [2026-09-18T10:42:26.350+0000] {dag.py:3947} INFO - Setting next_dagrun for meteorisk_pipeline to 2026-09-18 00:00:00+00:00, run_after=2026-09-19 00:00:00+00:00
[2026-09-18T10:42:26.383+0000] {processor.py:183} INFO - Processing /opt/airflow/dags/meteorisk_dag.py took 0.165 seconds
[2026-09-18T10:42:56.747+0000] {processor.py:161} INFO - Started process (PID=1745) to work on /opt/airflow/dags/meteorisk_dag.py
[2026-09-18T10:42:56.749+0000] {processor.py:830} INFO - Processing file /opt/airflow/dags/meteorisk_dag.py for tasks to queue
[2026-09-18T10:42:56.752+0000] {logging_mixin.py:188} INFO - [2026-09-18T10:42:56.752+0000] {dagbag.py:545} INFO - Filling up the DagBag from /opt/airflow/dags/meteorisk_dag.py
[2026-09-18T10:42:56.807+0000] {processor.py:840} INFO - DAG(s) 'meteorisk_pipeline' retrieved from /opt/airflow/dags/meteorisk_dag.py
[2026-09-18T10:42:57.091+0000] {logging_mixin.py:188} INFO - [2026-09-18T10:42:57.091+0000] {dag.py:3089} INFO - Sync 1 DAGs
[2026-09-18T10:42:57.120+0000] {logging_mixin.py:188} INFO - [2026-09-18T10:42:57.120+0000] {dag.py:3947} INFO - Setting next_dagrun for meteorisk_pipeline to 2026-09-18 00:00:00+00:00, run_after=2026-09-19 00:00:00+00:00
[2026-09-18T10:42:57.148+0000] {processor.py:183} INFO - Processing /opt/airflow/dags/meteorisk_dag.py took 0.411 seconds
[2026-09-18T10:43:27.535+0000] {processor.py:161} INFO - Started process (PID=1750) to work on /opt/airflow/dags/meteorisk_dag.py
[2026-09-18T10:43:27.538+0000] {processor.py:830} INFO - Processing file /opt/airflow/dags/meteorisk_dag.py for tasks to queue
[2026-09-18T10:43:27.542+0000] {logging_mixin.py:188} INFO - [2026-09-18T10:43:27.541+0000] {dagbag.py:545} INFO - Filling up the DagBag from /opt/airflow/dags/meteorisk_dag.py
[2026-09-18T10:43:27.606+0000] {processor.py:840} INFO - DAG(s) 'meteorisk_pipeline' retrieved from /opt/airflow/dags/meteorisk_dag.py
[2026-09-18T10:43:27.645+0000] {logging_mixin.py:188} INFO - [2026-09-18T10:43:27.644+0000] {dag.py:3089} INFO - Sync 1 DAGs
[2026-09-18T10:43:27.669+0000] {logging_mixin.py:188} INFO - [2026-09-18T10:43:27.669+0000] {dag.py:3947} INFO - Setting next_dagrun for meteorisk_pipeline to 2026-09-18 00:00:00+00:00, run_after=2026-09-19 00:00:00+00:00
[2026-09-18T10:43:27.698+0000] {processor.py:183} INFO - Processing /opt/airflow/dags/meteorisk_dag.py took 0.176 seconds
[2026-09-18T10:43:57.911+0000] {processor.py:161} INFO - Started process (PID=1755) to work on /opt/airflow/dags/meteorisk_dag.py
[2026-09-18T10:43:57.914+0000] {processor.py:830} INFO - Processing file /opt/airflow/dags/meteorisk_dag.py for tasks to queue
[2026-09-18T10:43:57.919+0000] {logging_mixin.py:188} INFO - [2026-09-18T10:43:57.918+0000] {dagbag.py:545} INFO - Filling up the DagBag from /opt/airflow/dags/meteorisk_dag.py
[2026-09-18T10:43:57.982+0000] {processor.py:840} INFO - DAG(s) 'meteorisk_pipeline' retrieved from /opt/airflow/dags/meteorisk_dag.py
[2026-09-18T10:43:58.022+0000] {logging_mixin.py:188} INFO - [2026-09-18T10:43:58.022+0000] {dag.py:3089} INFO - Sync 1 DAGs
[2026-09-18T10:43:58.049+0000] {logging_mixin.py:188} INFO - [2026-09-18T10:43:58.049+0000] {dag.py:3947} INFO - Setting next_dagrun for meteorisk_pipeline to 2026-09-18 00:00:00+00:00, run_after=2026-09-19 00:00:00+00:00
[2026-09-18T10:43:58.075+0000] {processor.py:183} INFO - Processing /opt/airflow/dags/meteorisk_dag.py took 0.178 seconds
[2026-09-18T10:44:28.367+0000] {processor.py:161} INFO - Started process (PID=1760) to work on /opt/airflow/dags/meteorisk_dag.py
[2026-09-18T10:44:28.370+0000] {processor.py:830} INFO - Processing file /opt/airflow/dags/meteorisk_dag.py for tasks to queue
[2026-09-18T10:44:28.375+0000] {logging_mixin.py:188} INFO - [2026-09-18T10:44:28.374+0000] {dagbag.py:545} INFO - Filling up the DagBag from /opt/airflow/dags/meteorisk_dag.py
[2026-09-18T10:44:28.470+0000] {processor.py:840} INFO - DAG(s) 'meteorisk_pipeline' retrieved from /opt/airflow/dags/meteorisk_dag.py
[2026-09-18T10:44:28.518+0000] {logging_mixin.py:188} INFO - [2026-09-18T10:44:28.518+0000] {dag.py:3089} INFO - Sync 1 DAGs
[2026-09-18T10:44:28.544+0000] {logging_mixin.py:188} INFO - [2026-09-18T10:44:28.543+0000] {dag.py:3947} INFO - Setting next_dagrun for meteorisk_pipeline to 2026-09-18 00:00:00+00:00, run_after=2026-09-19 00:00:00+00:00
[2026-09-18T10:44:28.591+0000] {processor.py:183} INFO - Processing /opt/airflow/dags/meteorisk_dag.py took 0.237 seconds
[2026-09-18T10:44:58.849+0000] {processor.py:161} INFO - Started process (PID=1765) to work on /opt/airflow/dags/meteorisk_dag.py
[2026-09-18T10:44:58.852+0000] {processor.py:830} INFO - Processing file /opt/airflow/dags/meteorisk_dag.py for tasks to queue
[2026-09-18T10:44:58.862+0000] {logging_mixin.py:188} INFO - [2026-09-18T10:44:58.859+0000] {dagbag.py:545} INFO - Filling up the DagBag from /opt/airflow/dags/meteorisk_dag.py
[2026-09-18T10:44:58.920+0000] {processor.py:840} INFO - DAG(s) 'meteorisk_pipeline' retrieved from /opt/airflow/dags/meteorisk_dag.py
[2026-09-18T10:44:58.964+0000] {logging_mixin.py:188} INFO - [2026-09-18T10:44:58.964+0000] {dag.py:3089} INFO - Sync 1 DAGs
[2026-09-18T10:44:58.992+0000] {logging_mixin.py:188} INFO - [2026-09-18T10:44:58.991+0000] {dag.py:3947} INFO - Setting next_dagrun for meteorisk_pipeline to 2026-09-18 00:00:00+00:00, run_after=2026-09-19 00:00:00+00:00
[2026-09-18T10:44:59.024+0000] {processor.py:183} INFO - Processing /opt/airflow/dags/meteorisk_dag.py took 0.190 seconds
[2026-09-18T10:45:29.266+0000] {processor.py:161} INFO - Started process (PID=1770) to work on /opt/airflow/dags/meteorisk_dag.py
[2026-09-18T10:45:29.269+0000] {processor.py:830} INFO - Processing file /opt/airflow/dags/meteorisk_dag.py for tasks to queue
[2026-09-18T10:45:29.274+0000] {logging_mixin.py:188} INFO - [2026-09-18T10:45:29.273+0000] {dagbag.py:545} INFO - Filling up the DagBag from /opt/airflow/dags/meteorisk_dag.py
[2026-09-18T10:45:29.336+0000] {processor.py:840} INFO - DAG(s) 'meteorisk_pipeline' retrieved from /opt/airflow/dags/meteorisk_dag.py
[2026-09-18T10:45:29.378+0000] {logging_mixin.py:188} INFO - [2026-09-18T10:45:29.378+0000] {dag.py:3089} INFO - Sync 1 DAGs
[2026-09-18T10:45:29.402+0000] {logging_mixin.py:188} INFO - [2026-09-18T10:45:29.402+0000] {dag.py:3947} INFO - Setting next_dagrun for meteorisk_pipeline to 2026-09-18 00:00:00+00:00, run_after=2026-09-19 00:00:00+00:00
[2026-09-18T10:45:29.427+0000] {processor.py:183} INFO - Processing /opt/airflow/dags/meteorisk_dag.py took 0.173 seconds
[2026-09-18T10:45:59.652+0000] {processor.py:161} INFO - Started process (PID=1775) to work on /opt/airflow/dags/meteorisk_dag.py
[2026-09-18T10:45:59.654+0000] {processor.py:830} INFO - Processing file /opt/airflow/dags/meteorisk_dag.py for tasks to queue
[2026-09-18T10:45:59.657+0000] {logging_mixin.py:188} INFO - [2026-09-18T10:45:59.656+0000] {dagbag.py:545} INFO - Filling up the DagBag from /opt/airflow/dags/meteorisk_dag.py
[2026-09-18T10:45:59.719+0000] {processor.py:840} INFO - DAG(s) 'meteorisk_pipeline' retrieved from /opt/airflow/dags/meteorisk_dag.py
[2026-09-18T10:45:59.790+0000] {logging_mixin.py:188} INFO - [2026-09-18T10:45:59.790+0000] {dag.py:3089} INFO - Sync 1 DAGs
[2026-09-18T10:45:59.817+0000] {logging_mixin.py:188} INFO - [2026-09-18T10:45:59.817+0000] {dag.py:3947} INFO - Setting next_dagrun for meteorisk_pipeline to 2026-09-18 00:00:00+00:00, run_after=2026-09-19 00:00:00+00:00
[2026-09-18T10:45:59.841+0000] {processor.py:183} INFO - Processing /opt/airflow/dags/meteorisk_dag.py took 0.202 seconds
[2026-09-18T10:46:30.095+0000] {processor.py:161} INFO - Started process (PID=1780) to work on /opt/airflow/dags/meteorisk_dag.py
[2026-09-18T10:46:30.098+0000] {processor.py:830} INFO - Processing file /opt/airflow/dags/meteorisk_dag.py for tasks to queue
[2026-09-18T10:46:30.103+0000] {logging_mixin.py:188} INFO - [2026-09-18T10:46:30.102+0000] {dagbag.py:545} INFO - Filling up the DagBag from /opt/airflow/dags/meteorisk_dag.py
[2026-09-18T10:46:30.139+0000] {processor.py:840} INFO - DAG(s) 'meteorisk_pipeline' retrieved from /opt/airflow/dags/meteorisk_dag.py
[2026-09-18T10:46:30.185+0000] {logging_mixin.py:188} INFO - [2026-09-18T10:46:30.185+0000] {dag.py:3089} INFO - Sync 1 DAGs
[2026-09-18T10:46:30.224+0000] {logging_mixin.py:188} INFO - [2026-09-18T10:46:30.224+0000] {dag.py:3947} INFO - Setting next_dagrun for meteorisk_pipeline to 2026-09-18 00:00:00+00:00, run_after=2026-09-19 00:00:00+00:00
[2026-09-18T10:46:30.266+0000] {processor.py:183} INFO - Processing /opt/airflow/dags/meteorisk_dag.py took 0.182 seconds
[2026-09-18T10:47:00.494+0000] {processor.py:161} INFO - Started process (PID=1785) to work on /opt/airflow/dags/meteorisk_dag.py
[2026-09-18T10:47:00.497+0000] {processor.py:830} INFO - Processing file /opt/airflow/dags/meteorisk_dag.py for tasks to queue
[2026-09-18T10:47:00.501+0000] {logging_mixin.py:188} INFO - [2026-09-18T10:47:00.500+0000] {dagbag.py:545} INFO - Filling up the DagBag from /opt/airflow/dags/meteorisk_dag.py
[2026-09-18T10:47:00.553+0000] {processor.py:840} INFO - DAG(s) 'meteorisk_pipeline' retrieved from /opt/airflow/dags/meteorisk_dag.py
[2026-09-18T10:47:00.590+0000] {logging_mixin.py:188} INFO - [2026-09-18T10:47:00.589+0000] {dag.py:3089} INFO - Sync 1 DAGs
[2026-09-18T10:47:00.617+0000] {logging_mixin.py:188} INFO - [2026-09-18T10:47:00.617+0000] {dag.py:3947} INFO - Setting next_dagrun for meteorisk_pipeline to 2026-09-18 00:00:00+00:00, run_after=2026-09-19 00:00:00+00:00
[2026-09-18T10:47:00.648+0000] {processor.py:183} INFO - Processing /opt/airflow/dags/meteorisk_dag.py took 0.165 seconds
[2026-09-18T10:47:30.923+0000] {processor.py:161} INFO - Started process (PID=1790) to work on /opt/airflow/dags/meteorisk_dag.py
[2026-09-18T10:47:30.926+0000] {processor.py:830} INFO - Processing file /opt/airflow/dags/meteorisk_dag.py for tasks to queue
[2026-09-18T10:47:30.931+0000] {logging_mixin.py:188} INFO - [2026-09-18T10:47:30.929+0000] {dagbag.py:545} INFO - Filling up the DagBag from /opt/airflow/dags/meteorisk_dag.py
[2026-09-18T10:47:30.988+0000] {processor.py:840} INFO - DAG(s) 'meteorisk_pipeline' retrieved from /opt/airflow/dags/meteorisk_dag.py
[2026-09-18T10:47:31.035+0000] {logging_mixin.py:188} INFO - [2026-09-18T10:47:31.034+0000] {dag.py:3089} INFO - Sync 1 DAGs
[2026-09-18T10:47:31.057+0000] {logging_mixin.py:188} INFO - [2026-09-18T10:47:31.057+0000] {dag.py:3947} INFO - Setting next_dagrun for meteorisk_pipeline to 2026-09-18 00:00:00+00:00, run_after=2026-09-19 00:00:00+00:00
[2026-09-18T10:47:31.103+0000] {processor.py:183} INFO - Processing /opt/airflow/dags/meteorisk_dag.py took 0.196 seconds
[2026-09-18T10:48:01.363+0000] {processor.py:161} INFO - Started process (PID=1795) to work on /opt/airflow/dags/meteorisk_dag.py
[2026-09-18T10:48:01.367+0000] {processor.py:830} INFO - Processing file /opt/airflow/dags/meteorisk_dag.py for tasks to queue
[2026-09-18T10:48:01.371+0000] {logging_mixin.py:188} INFO - [2026-09-18T10:48:01.370+0000] {dagbag.py:545} INFO - Filling up the DagBag from /opt/airflow/dags/meteorisk_dag.py
[2026-09-18T10:48:01.449+0000] {processor.py:840} INFO - DAG(s) 'meteorisk_pipeline' retrieved from /opt/airflow/dags/meteorisk_dag.py
[2026-09-18T10:48:01.513+0000] {logging_mixin.py:188} INFO - [2026-09-18T10:48:01.512+0000] {dag.py:3089} INFO - Sync 1 DAGs
[2026-09-18T10:48:01.543+0000] {logging_mixin.py:188} INFO - [2026-09-18T10:48:01.542+0000] {dag.py:3947} INFO - Setting next_dagrun for meteorisk_pipeline to 2026-09-18 00:00:00+00:00, run_after=2026-09-19 00:00:00+00:00
[2026-09-18T10:48:01.580+0000] {processor.py:183} INFO - Processing /opt/airflow/dags/meteorisk_dag.py took 0.236 seconds
[2026-09-18T10:48:31.764+0000] {processor.py:161} INFO - Started process (PID=1800) to work on /opt/airflow/dags/meteorisk_dag.py
[2026-09-18T10:48:31.767+0000] {processor.py:830} INFO - Processing file /opt/airflow/dags/meteorisk_dag.py for tasks to queue
[2026-09-18T10:48:31.773+0000] {logging_mixin.py:188} INFO - [2026-09-18T10:48:31.773+0000] {dagbag.py:545} INFO - Filling up the DagBag from /opt/airflow/dags/meteorisk_dag.py
[2026-09-18T10:48:31.856+0000] {processor.py:840} INFO - DAG(s) 'meteorisk_pipeline' retrieved from /opt/airflow/dags/meteorisk_dag.py
[2026-09-18T10:48:31.910+0000] {logging_mixin.py:188} INFO - [2026-09-18T10:48:31.909+0000] {dag.py:3089} INFO - Sync 1 DAGs
[2026-09-18T10:48:31.950+0000] {logging_mixin.py:188} INFO - [2026-09-18T10:48:31.949+0000] {dag.py:3947} INFO - Setting next_dagrun for meteorisk_pipeline to 2026-09-18 00:00:00+00:00, run_after=2026-09-19 00:00:00+00:00
[2026-09-18T10:48:32.030+0000] {processor.py:183} INFO - Processing /opt/airflow/dags/meteorisk_dag.py took 0.280 seconds
[2026-09-18T10:49:02.399+0000] {processor.py:161} INFO - Started process (PID=1805) to work on /opt/airflow/dags/meteorisk_dag.py
[2026-09-18T10:49:02.402+0000] {processor.py:830} INFO - Processing file /opt/airflow/dags/meteorisk_dag.py for tasks to queue
[2026-09-18T10:49:02.406+0000] {logging_mixin.py:188} INFO - [2026-09-18T10:49:02.406+0000] {dagbag.py:545} INFO - Filling up the DagBag from /opt/airflow/dags/meteorisk_dag.py
[2026-09-18T10:49:02.469+0000] {processor.py:840} INFO - DAG(s) 'meteorisk_pipeline' retrieved from /opt/airflow/dags/meteorisk_dag.py
[2026-09-18T10:49:02.520+0000] {logging_mixin.py:188} INFO - [2026-09-18T10:49:02.519+0000] {dag.py:3089} INFO - Sync 1 DAGs
[2026-09-18T10:49:02.546+0000] {logging_mixin.py:188} INFO - [2026-09-18T10:49:02.545+0000] {dag.py:3947} INFO - Setting next_dagrun for meteorisk_pipeline to 2026-09-18 00:00:00+00:00, run_after=2026-09-19 00:00:00+00:00
[2026-09-18T10:49:02.580+0000] {processor.py:183} INFO - Processing /opt/airflow/dags/meteorisk_dag.py took 0.195 seconds
[2026-09-18T10:49:32.696+0000] {processor.py:161} INFO - Started process (PID=1810) to work on /opt/airflow/dags/meteorisk_dag.py
[2026-09-18T10:49:32.699+0000] {processor.py:830} INFO - Processing file /opt/airflow/dags/meteorisk_dag.py for tasks to queue
[2026-09-18T10:49:32.703+0000] {logging_mixin.py:188} INFO - [2026-09-18T10:49:32.702+0000] {dagbag.py:545} INFO - Filling up the DagBag from /opt/airflow/dags/meteorisk_dag.py
[2026-09-18T10:49:32.755+0000] {processor.py:840} INFO - DAG(s) 'meteorisk_pipeline' retrieved from /opt/airflow/dags/meteorisk_dag.py
[2026-09-18T10:49:32.818+0000] {logging_mixin.py:188} INFO - [2026-09-18T10:49:32.817+0000] {dag.py:3089} INFO - Sync 1 DAGs
[2026-09-18T10:49:32.860+0000] {logging_mixin.py:188} INFO - [2026-09-18T10:49:32.860+0000] {dag.py:3947} INFO - Setting next_dagrun for meteorisk_pipeline to 2026-09-18 00:00:00+00:00, run_after=2026-09-19 00:00:00+00:00
[2026-09-18T10:49:32.904+0000] {processor.py:183} INFO - Processing /opt/airflow/dags/meteorisk_dag.py took 0.218 seconds
[2026-09-18T10:50:03.315+0000] {processor.py:161} INFO - Started process (PID=1815) to work on /opt/airflow/dags/meteorisk_dag.py
[2026-09-18T10:50:03.316+0000] {processor.py:830} INFO - Processing file /opt/airflow/dags/meteorisk_dag.py for tasks to queue
[2026-09-18T10:50:03.323+0000] {logging_mixin.py:188} INFO - [2026-09-18T10:50:03.322+0000] {dagbag.py:545} INFO - Filling up the DagBag from /opt/airflow/dags/meteorisk_dag.py
[2026-09-18T10:50:03.388+0000] {processor.py:840} INFO - DAG(s) 'meteorisk_pipeline' retrieved from /opt/airflow/dags/meteorisk_dag.py
[2026-09-18T10:50:03.459+0000] {logging_mixin.py:188} INFO - [2026-09-18T10:50:03.458+0000] {dag.py:3089} INFO - Sync 1 DAGs
[2026-09-18T10:50:03.494+0000] {logging_mixin.py:188} INFO - [2026-09-18T10:50:03.494+0000] {dag.py:3947} INFO - Setting next_dagrun for meteorisk_pipeline to 2026-09-18 00:00:00+00:00, run_after=2026-09-19 00:00:00+00:00
[2026-09-18T10:50:03.534+0000] {processor.py:183} INFO - Processing /opt/airflow/dags/meteorisk_dag.py took 0.226 seconds
[2026-09-18T10:50:33.627+0000] {processor.py:161} INFO - Started process (PID=1820) to work on /opt/airflow/dags/meteorisk_dag.py
[2026-09-18T10:50:33.630+0000] {processor.py:830} INFO - Processing file /opt/airflow/dags/meteorisk_dag.py for tasks to queue
[2026-09-18T10:50:33.634+0000] {logging_mixin.py:188} INFO - [2026-09-18T10:50:33.634+0000] {dagbag.py:545} INFO - Filling up the DagBag from /opt/airflow/dags/meteorisk_dag.py
[2026-09-18T10:50:33.706+0000] {processor.py:840} INFO - DAG(s) 'meteorisk_pipeline' retrieved from /opt/airflow/dags/meteorisk_dag.py
[2026-09-18T10:50:33.756+0000] {logging_mixin.py:188} INFO - [2026-09-18T10:50:33.755+0000] {dag.py:3089} INFO - Sync 1 DAGs
[2026-09-18T10:50:33.787+0000] {logging_mixin.py:188} INFO - [2026-09-18T10:50:33.787+0000] {dag.py:3947} INFO - Setting next_dagrun for meteorisk_pipeline to 2026-09-18 00:00:00+00:00, run_after=2026-09-19 00:00:00+00:00
[2026-09-18T10:50:33.836+0000] {processor.py:183} INFO - Processing /opt/airflow/dags/meteorisk_dag.py took 0.216 seconds
[2026-09-18T10:51:04.160+0000] {processor.py:161} INFO - Started process (PID=1825) to work on /opt/airflow/dags/meteorisk_dag.py
[2026-09-18T10:51:04.162+0000] {processor.py:830} INFO - Processing file /opt/airflow/dags/meteorisk_dag.py for tasks to queue
[2026-09-18T10:51:04.165+0000] {logging_mixin.py:188} INFO - [2026-09-18T10:51:04.165+0000] {dagbag.py:545} INFO - Filling up the DagBag from /opt/airflow/dags/meteorisk_dag.py
[2026-09-18T10:51:04.214+0000] {processor.py:840} INFO - DAG(s) 'meteorisk_pipeline' retrieved from /opt/airflow/dags/meteorisk_dag.py
[2026-09-18T10:51:04.282+0000] {logging_mixin.py:188} INFO - [2026-09-18T10:51:04.282+0000] {dag.py:3089} INFO - Sync 1 DAGs
[2026-09-18T10:51:04.307+0000] {logging_mixin.py:188} INFO - [2026-09-18T10:51:04.306+0000] {dag.py:3947} INFO - Setting next_dagrun for meteorisk_pipeline to 2026-09-18 00:00:00+00:00, run_after=2026-09-19 00:00:00+00:00
[2026-09-18T10:51:04.345+0000] {processor.py:183} INFO - Processing /opt/airflow/dags/meteorisk_dag.py took 0.196 seconds
[2026-09-18T10:51:34.538+0000] {processor.py:161} INFO - Started process (PID=1830) to work on /opt/airflow/dags/meteorisk_dag.py
[2026-09-18T10:51:34.541+0000] {processor.py:830} INFO - Processing file /opt/airflow/dags/meteorisk_dag.py for tasks to queue
[2026-09-18T10:51:34.545+0000] {logging_mixin.py:188} INFO - [2026-09-18T10:51:34.544+0000] {dagbag.py:545} INFO - Filling up the DagBag from /opt/airflow/dags/meteorisk_dag.py
[2026-09-18T10:51:34.588+0000] {processor.py:840} INFO - DAG(s) 'meteorisk_pipeline' retrieved from /opt/airflow/dags/meteorisk_dag.py
[2026-09-18T10:51:34.621+0000] {logging_mixin.py:188} INFO - [2026-09-18T10:51:34.621+0000] {dag.py:3089} INFO - Sync 1 DAGs
[2026-09-18T10:51:34.646+0000] {logging_mixin.py:188} INFO - [2026-09-18T10:51:34.646+0000] {dag.py:3947} INFO - Setting next_dagrun for meteorisk_pipeline to 2026-09-18 00:00:00+00:00, run_after=2026-09-19 00:00:00+00:00
[2026-09-18T10:51:34.685+0000] {processor.py:183} INFO - Processing /opt/airflow/dags/meteorisk_dag.py took 0.160 seconds
[2026-09-18T10:52:05.002+0000] {processor.py:161} INFO - Started process (PID=1835) to work on /opt/airflow/dags/meteorisk_dag.py
[2026-09-18T10:52:05.003+0000] {processor.py:830} INFO - Processing file /opt/airflow/dags/meteorisk_dag.py for tasks to queue
[2026-09-18T10:52:05.007+0000] {logging_mixin.py:188} INFO - [2026-09-18T10:52:05.006+0000] {dagbag.py:545} INFO - Filling up the DagBag from /opt/airflow/dags/meteorisk_dag.py
[2026-09-18T10:52:05.048+0000] {processor.py:840} INFO - DAG(s) 'meteorisk_pipeline' retrieved from /opt/airflow/dags/meteorisk_dag.py
[2026-09-18T10:52:05.086+0000] {logging_mixin.py:188} INFO - [2026-09-18T10:52:05.086+0000] {dag.py:3089} INFO - Sync 1 DAGs
[2026-09-18T10:52:05.110+0000] {logging_mixin.py:188} INFO - [2026-09-18T10:52:05.110+0000] {dag.py:3947} INFO - Setting next_dagrun for meteorisk_pipeline to 2026-09-18 00:00:00+00:00, run_after=2026-09-19 00:00:00+00:00
[2026-09-18T10:52:05.147+0000] {processor.py:183} INFO - Processing /opt/airflow/dags/meteorisk_dag.py took 0.152 seconds
[2026-09-18T10:52:35.348+0000] {processor.py:161} INFO - Started process (PID=1840) to work on /opt/airflow/dags/meteorisk_dag.py
[2026-09-18T10:52:35.351+0000] {processor.py:830} INFO - Processing file /opt/airflow/dags/meteorisk_dag.py for tasks to queue
[2026-09-18T10:52:35.357+0000] {logging_mixin.py:188} INFO - [2026-09-18T10:52:35.356+0000] {dagbag.py:545} INFO - Filling up the DagBag from /opt/airflow/dags/meteorisk_dag.py
[2026-09-18T10:52:35.409+0000] {processor.py:840} INFO - DAG(s) 'meteorisk_pipeline' retrieved from /opt/airflow/dags/meteorisk_dag.py
[2026-09-18T10:52:35.472+0000] {logging_mixin.py:188} INFO - [2026-09-18T10:52:35.471+0000] {dag.py:3089} INFO - Sync 1 DAGs
[2026-09-18T10:52:35.506+0000] {logging_mixin.py:188} INFO - [2026-09-18T10:52:35.506+0000] {dag.py:3947} INFO - Setting next_dagrun for meteorisk_pipeline to 2026-09-18 00:00:00+00:00, run_after=2026-09-19 00:00:00+00:00
[2026-09-18T10:52:35.547+0000] {processor.py:183} INFO - Processing /opt/airflow/dags/meteorisk_dag.py took 0.213 seconds
[2026-09-18T10:53:05.822+0000] {processor.py:161} INFO - Started process (PID=1845) to work on /opt/airflow/dags/meteorisk_dag.py
[2026-09-18T10:53:05.824+0000] {processor.py:830} INFO - Processing file /opt/airflow/dags/meteorisk_dag.py for tasks to queue
[2026-09-18T10:53:05.828+0000] {logging_mixin.py:188} INFO - [2026-09-18T10:53:05.827+0000] {dagbag.py:545} INFO - Filling up the DagBag from /opt/airflow/dags/meteorisk_dag.py
[2026-09-18T10:53:05.868+0000] {processor.py:840} INFO - DAG(s) 'meteorisk_pipeline' retrieved from /opt/airflow/dags/meteorisk_dag.py
[2026-09-18T10:53:05.919+0000] {logging_mixin.py:188} INFO - [2026-09-18T10:53:05.918+0000] {dag.py:3089} INFO - Sync 1 DAGs
[2026-09-18T10:53:05.959+0000] {logging_mixin.py:188} INFO - [2026-09-18T10:53:05.958+0000] {dag.py:3947} INFO - Setting next_dagrun for meteorisk_pipeline to 2026-09-18 00:00:00+00:00, run_after=2026-09-19 00:00:00+00:00
[2026-09-18T10:53:06.005+0000] {processor.py:183} INFO - Processing /opt/airflow/dags/meteorisk_dag.py took 0.193 seconds
[2026-09-18T10:53:36.254+0000] {processor.py:161} INFO - Started process (PID=1850) to work on /opt/airflow/dags/meteorisk_dag.py
[2026-09-18T10:53:36.256+0000] {processor.py:830} INFO - Processing file /opt/airflow/dags/meteorisk_dag.py for tasks to queue
[2026-09-18T10:53:36.260+0000] {logging_mixin.py:188} INFO - [2026-09-18T10:53:36.260+0000] {dagbag.py:545} INFO - Filling up the DagBag from /opt/airflow/dags/meteorisk_dag.py
[2026-09-18T10:53:36.310+0000] {processor.py:840} INFO - DAG(s) 'meteorisk_pipeline' retrieved from /opt/airflow/dags/meteorisk_dag.py
[2026-09-18T10:53:36.352+0000] {logging_mixin.py:188} INFO - [2026-09-18T10:53:36.351+0000] {dag.py:3089} INFO - Sync 1 DAGs
[2026-09-18T10:53:36.379+0000] {logging_mixin.py:188} INFO - [2026-09-18T10:53:36.379+0000] {dag.py:3947} INFO - Setting next_dagrun for meteorisk_pipeline to 2026-09-18 00:00:00+00:00, run_after=2026-09-19 00:00:00+00:00
[2026-09-18T10:53:36.402+0000] {processor.py:183} INFO - Processing /opt/airflow/dags/meteorisk_dag.py took 0.157 seconds
[2026-09-18T10:54:06.764+0000] {processor.py:161} INFO - Started process (PID=1855) to work on /opt/airflow/dags/meteorisk_dag.py
[2026-09-18T10:54:06.767+0000] {processor.py:830} INFO - Processing file /opt/airflow/dags/meteorisk_dag.py for tasks to queue
[2026-09-18T10:54:06.770+0000] {logging_mixin.py:188} INFO - [2026-09-18T10:54:06.770+0000] {dagbag.py:545} INFO - Filling up the DagBag from /opt/airflow/dags/meteorisk_dag.py
[2026-09-18T10:54:06.837+0000] {processor.py:840} INFO - DAG(s) 'meteorisk_pipeline' retrieved from /opt/airflow/dags/meteorisk_dag.py
[2026-09-18T10:54:06.881+0000] {logging_mixin.py:188} INFO - [2026-09-18T10:54:06.881+0000] {dag.py:3089} INFO - Sync 1 DAGs
[2026-09-18T10:54:06.908+0000] {logging_mixin.py:188} INFO - [2026-09-18T10:54:06.907+0000] {dag.py:3947} INFO - Setting next_dagrun for meteorisk_pipeline to 2026-09-18 00:00:00+00:00, run_after=2026-09-19 00:00:00+00:00
[2026-09-18T10:54:06.934+0000] {processor.py:183} INFO - Processing /opt/airflow/dags/meteorisk_dag.py took 0.180 seconds
[2026-09-18T10:54:37.093+0000] {processor.py:161} INFO - Started process (PID=1860) to work on /opt/airflow/dags/meteorisk_dag.py
[2026-09-18T10:54:37.096+0000] {processor.py:830} INFO - Processing file /opt/airflow/dags/meteorisk_dag.py for tasks to queue
[2026-09-18T10:54:37.101+0000] {logging_mixin.py:188} INFO - [2026-09-18T10:54:37.100+0000] {dagbag.py:545} INFO - Filling up the DagBag from /opt/airflow/dags/meteorisk_dag.py
[2026-09-18T10:54:37.160+0000] {processor.py:840} INFO - DAG(s) 'meteorisk_pipeline' retrieved from /opt/airflow/dags/meteorisk_dag.py
[2026-09-18T10:54:37.208+0000] {logging_mixin.py:188} INFO - [2026-09-18T10:54:37.207+0000] {dag.py:3089} INFO - Sync 1 DAGs
[2026-09-18T10:54:37.232+0000] {logging_mixin.py:188} INFO - [2026-09-18T10:54:37.232+0000] {dag.py:3947} INFO - Setting next_dagrun for meteorisk_pipeline to 2026-09-18 00:00:00+00:00, run_after=2026-09-19 00:00:00+00:00
[2026-09-18T10:54:37.257+0000] {processor.py:183} INFO - Processing /opt/airflow/dags/meteorisk_dag.py took 0.174 seconds
[2026-09-18T10:55:07.601+0000] {processor.py:161} INFO - Started process (PID=1865) to work on /opt/airflow/dags/meteorisk_dag.py
[2026-09-18T10:55:07.604+0000] {processor.py:830} INFO - Processing file /opt/airflow/dags/meteorisk_dag.py for tasks to queue
[2026-09-18T10:55:07.608+0000] {logging_mixin.py:188} INFO - [2026-09-18T10:55:07.608+0000] {dagbag.py:545} INFO - Filling up the DagBag from /opt/airflow/dags/meteorisk_dag.py
[2026-09-18T10:55:07.655+0000] {processor.py:840} INFO - DAG(s) 'meteorisk_pipeline' retrieved from /opt/airflow/dags/meteorisk_dag.py
[2026-09-18T10:55:07.694+0000] {logging_mixin.py:188} INFO - [2026-09-18T10:55:07.694+0000] {dag.py:3089} INFO - Sync 1 DAGs
[2026-09-18T10:55:07.721+0000] {logging_mixin.py:188} INFO - [2026-09-18T10:55:07.721+0000] {dag.py:3947} INFO - Setting next_dagrun for meteorisk_pipeline to 2026-09-18 00:00:00+00:00, run_after=2026-09-19 00:00:00+00:00
[2026-09-18T10:55:07.751+0000] {processor.py:183} INFO - Processing /opt/airflow/dags/meteorisk_dag.py took 0.159 seconds
[2026-09-18T10:55:37.926+0000] {processor.py:161} INFO - Started process (PID=1870) to work on /opt/airflow/dags/meteorisk_dag.py
[2026-09-18T10:55:37.930+0000] {processor.py:830} INFO - Processing file /opt/airflow/dags/meteorisk_dag.py for tasks to queue
[2026-09-18T10:55:37.935+0000] {logging_mixin.py:188} INFO - [2026-09-18T10:55:37.934+0000] {dagbag.py:545} INFO - Filling up the DagBag from /opt/airflow/dags/meteorisk_dag.py
[2026-09-18T10:55:38.000+0000] {processor.py:840} INFO - DAG(s) 'meteorisk_pipeline' retrieved from /opt/airflow/dags/meteorisk_dag.py
[2026-09-18T10:55:38.042+0000] {logging_mixin.py:188} INFO - [2026-09-18T10:55:38.041+0000] {dag.py:3089} INFO - Sync 1 DAGs
[2026-09-18T10:55:38.070+0000] {logging_mixin.py:188} INFO - [2026-09-18T10:55:38.068+0000] {dag.py:3947} INFO - Setting next_dagrun for meteorisk_pipeline to 2026-09-18 00:00:00+00:00, run_after=2026-09-19 00:00:00+00:00
[2026-09-18T10:55:38.098+0000] {processor.py:183} INFO - Processing /opt/airflow/dags/meteorisk_dag.py took 0.187 seconds
[2026-09-18T10:56:08.391+0000] {processor.py:161} INFO - Started process (PID=1875) to work on /opt/airflow/dags/meteorisk_dag.py
[2026-09-18T10:56:08.393+0000] {processor.py:830} INFO - Processing file /opt/airflow/dags/meteorisk_dag.py for tasks to queue
[2026-09-18T10:56:08.399+0000] {logging_mixin.py:188} INFO - [2026-09-18T10:56:08.398+0000] {dagbag.py:545} INFO - Filling up the DagBag from /opt/airflow/dags/meteorisk_dag.py
[2026-09-18T10:56:08.475+0000] {processor.py:840} INFO - DAG(s) 'meteorisk_pipeline' retrieved from /opt/airflow/dags/meteorisk_dag.py
[2026-09-18T10:56:08.512+0000] {logging_mixin.py:188} INFO - [2026-09-18T10:56:08.511+0000] {dag.py:3089} INFO - Sync 1 DAGs
[2026-09-18T10:56:08.539+0000] {logging_mixin.py:188} INFO - [2026-09-18T10:56:08.539+0000] {dag.py:3947} INFO - Setting next_dagrun for meteorisk_pipeline to 2026-09-18 00:00:00+00:00, run_after=2026-09-19 00:00:00+00:00
[2026-09-18T10:56:08.571+0000] {processor.py:183} INFO - Processing /opt/airflow/dags/meteorisk_dag.py took 0.192 seconds
[2026-09-18T10:56:38.750+0000] {processor.py:161} INFO - Started process (PID=1880) to work on /opt/airflow/dags/meteorisk_dag.py
[2026-09-18T10:56:38.753+0000] {processor.py:830} INFO - Processing file /opt/airflow/dags/meteorisk_dag.py for tasks to queue
[2026-09-18T10:56:38.759+0000] {logging_mixin.py:188} INFO - [2026-09-18T10:56:38.758+0000] {dagbag.py:545} INFO - Filling up the DagBag from /opt/airflow/dags/meteorisk_dag.py
[2026-09-18T10:56:38.818+0000] {processor.py:840} INFO - DAG(s) 'meteorisk_pipeline' retrieved from /opt/airflow/dags/meteorisk_dag.py
[2026-09-18T10:56:38.878+0000] {logging_mixin.py:188} INFO - [2026-09-18T10:56:38.878+0000] {dag.py:3089} INFO - Sync 1 DAGs
[2026-09-18T10:56:38.904+0000] {logging_mixin.py:188} INFO - [2026-09-18T10:56:38.904+0000] {dag.py:3947} INFO - Setting next_dagrun for meteorisk_pipeline to 2026-09-18 00:00:00+00:00, run_after=2026-09-19 00:00:00+00:00
[2026-09-18T10:56:38.945+0000] {processor.py:183} INFO - Processing /opt/airflow/dags/meteorisk_dag.py took 0.205 seconds
[2026-09-18T10:57:09.256+0000] {processor.py:161} INFO - Started process (PID=1885) to work on /opt/airflow/dags/meteorisk_dag.py
[2026-09-18T10:57:09.258+0000] {processor.py:830} INFO - Processing file /opt/airflow/dags/meteorisk_dag.py for tasks to queue
[2026-09-18T10:57:09.263+0000] {logging_mixin.py:188} INFO - [2026-09-18T10:57:09.262+0000] {dagbag.py:545} INFO - Filling up the DagBag from /opt/airflow/dags/meteorisk_dag.py
[2026-09-18T10:57:09.310+0000] {processor.py:840} INFO - DAG(s) 'meteorisk_pipeline' retrieved from /opt/airflow/dags/meteorisk_dag.py
[2026-09-18T10:57:09.350+0000] {logging_mixin.py:188} INFO - [2026-09-18T10:57:09.350+0000] {dag.py:3089} INFO - Sync 1 DAGs
[2026-09-18T10:57:09.377+0000] {logging_mixin.py:188} INFO - [2026-09-18T10:57:09.377+0000] {dag.py:3947} INFO - Setting next_dagrun for meteorisk_pipeline to 2026-09-18 00:00:00+00:00, run_after=2026-09-19 00:00:00+00:00
[2026-09-18T10:57:09.401+0000] {processor.py:183} INFO - Processing /opt/airflow/dags/meteorisk_dag.py took 0.167 seconds
[2026-09-18T10:57:39.653+0000] {processor.py:161} INFO - Started process (PID=1890) to work on /opt/airflow/dags/meteorisk_dag.py
[2026-09-18T10:57:39.656+0000] {processor.py:830} INFO - Processing file /opt/airflow/dags/meteorisk_dag.py for tasks to queue
[2026-09-18T10:57:39.660+0000] {logging_mixin.py:188} INFO - [2026-09-18T10:57:39.659+0000] {dagbag.py:545} INFO - Filling up the DagBag from /opt/airflow/dags/meteorisk_dag.py
[2026-09-18T10:57:39.707+0000] {processor.py:840} INFO - DAG(s) 'meteorisk_pipeline' retrieved from /opt/airflow/dags/meteorisk_dag.py
[2026-09-18T10:57:39.750+0000] {logging_mixin.py:188} INFO - [2026-09-18T10:57:39.749+0000] {dag.py:3089} INFO - Sync 1 DAGs
[2026-09-18T10:57:39.781+0000] {logging_mixin.py:188} INFO - [2026-09-18T10:57:39.780+0000] {dag.py:3947} INFO - Setting next_dagrun for meteorisk_pipeline to 2026-09-18 00:00:00+00:00, run_after=2026-09-19 00:00:00+00:00
[2026-09-18T10:57:39.806+0000] {processor.py:183} INFO - Processing /opt/airflow/dags/meteorisk_dag.py took 0.170 seconds
[2026-09-18T10:58:10.047+0000] {processor.py:161} INFO - Started process (PID=1895) to work on /opt/airflow/dags/meteorisk_dag.py
[2026-09-18T10:58:10.048+0000] {processor.py:830} INFO - Processing file /opt/airflow/dags/meteorisk_dag.py for tasks to queue
[2026-09-18T10:58:10.053+0000] {logging_mixin.py:188} INFO - [2026-09-18T10:58:10.052+0000] {dagbag.py:545} INFO - Filling up the DagBag from /opt/airflow/dags/meteorisk_dag.py
[2026-09-18T10:58:10.090+0000] {processor.py:840} INFO - DAG(s) 'meteorisk_pipeline' retrieved from /opt/airflow/dags/meteorisk_dag.py
[2026-09-18T10:58:10.130+0000] {logging_mixin.py:188} INFO - [2026-09-18T10:58:10.129+0000] {dag.py:3089} INFO - Sync 1 DAGs
[2026-09-18T10:58:10.157+0000] {logging_mixin.py:188} INFO - [2026-09-18T10:58:10.156+0000] {dag.py:3947} INFO - Setting next_dagrun for meteorisk_pipeline to 2026-09-18 00:00:00+00:00, run_after=2026-09-19 00:00:00+00:00
[2026-09-18T10:58:10.185+0000] {processor.py:183} INFO - Processing /opt/airflow/dags/meteorisk_dag.py took 0.146 seconds
[2026-09-18T10:58:40.449+0000] {processor.py:161} INFO - Started process (PID=1900) to work on /opt/airflow/dags/meteorisk_dag.py
[2026-09-18T10:58:40.450+0000] {processor.py:830} INFO - Processing file /opt/airflow/dags/meteorisk_dag.py for tasks to queue
[2026-09-18T10:58:40.453+0000] {logging_mixin.py:188} INFO - [2026-09-18T10:58:40.452+0000] {dagbag.py:545} INFO - Filling up the DagBag from /opt/airflow/dags/meteorisk_dag.py
[2026-09-18T10:58:40.500+0000] {processor.py:840} INFO - DAG(s) 'meteorisk_pipeline' retrieved from /opt/airflow/dags/meteorisk_dag.py
[2026-09-18T10:58:40.536+0000] {logging_mixin.py:188} INFO - [2026-09-18T10:58:40.536+0000] {dag.py:3089} INFO - Sync 1 DAGs
[2026-09-18T10:58:40.562+0000] {logging_mixin.py:188} INFO - [2026-09-18T10:58:40.561+0000] {dag.py:3947} INFO - Setting next_dagrun for meteorisk_pipeline to 2026-09-18 00:00:00+00:00, run_after=2026-09-19 00:00:00+00:00
[2026-09-18T10:58:40.595+0000] {processor.py:183} INFO - Processing /opt/airflow/dags/meteorisk_dag.py took 0.152 seconds
[2026-09-18T10:59:10.942+0000] {processor.py:161} INFO - Started process (PID=1905) to work on /opt/airflow/dags/meteorisk_dag.py
[2026-09-18T10:59:10.945+0000] {processor.py:830} INFO - Processing file /opt/airflow/dags/meteorisk_dag.py for tasks to queue
[2026-09-18T10:59:10.950+0000] {logging_mixin.py:188} INFO - [2026-09-18T10:59:10.949+0000] {dagbag.py:545} INFO - Filling up the DagBag from /opt/airflow/dags/meteorisk_dag.py
[2026-09-18T10:59:11.035+0000] {processor.py:840} INFO - DAG(s) 'meteorisk_pipeline' retrieved from /opt/airflow/dags/meteorisk_dag.py
[2026-09-18T10:59:11.097+0000] {logging_mixin.py:188} INFO - [2026-09-18T10:59:11.096+0000] {dag.py:3089} INFO - Sync 1 DAGs
[2026-09-18T10:59:11.148+0000] {logging_mixin.py:188} INFO - [2026-09-18T10:59:11.148+0000] {dag.py:3947} INFO - Setting next_dagrun for meteorisk_pipeline to 2026-09-18 00:00:00+00:00, run_after=2026-09-19 00:00:00+00:00
[2026-09-18T10:59:11.185+0000] {processor.py:183} INFO - Processing /opt/airflow/dags/meteorisk_dag.py took 0.257 seconds
[2026-09-18T10:59:41.516+0000] {processor.py:161} INFO - Started process (PID=1910) to work on /opt/airflow/dags/meteorisk_dag.py
[2026-09-18T10:59:41.518+0000] {processor.py:830} INFO - Processing file /opt/airflow/dags/meteorisk_dag.py for tasks to queue
[2026-09-18T10:59:41.521+0000] {logging_mixin.py:188} INFO - [2026-09-18T10:59:41.520+0000] {dagbag.py:545} INFO - Filling up the DagBag from /opt/airflow/dags/meteorisk_dag.py
[2026-09-18T10:59:41.574+0000] {processor.py:840} INFO - DAG(s) 'meteorisk_pipeline' retrieved from /opt/airflow/dags/meteorisk_dag.py
[2026-09-18T10:59:41.627+0000] {logging_mixin.py:188} INFO - [2026-09-18T10:59:41.627+0000] {dag.py:3089} INFO - Sync 1 DAGs
[2026-09-18T10:59:41.653+0000] {logging_mixin.py:188} INFO - [2026-09-18T10:59:41.653+0000] {dag.py:3947} INFO - Setting next_dagrun for meteorisk_pipeline to 2026-09-18 00:00:00+00:00, run_after=2026-09-19 00:00:00+00:00
[2026-09-18T10:59:41.685+0000] {processor.py:183} INFO - Processing /opt/airflow/dags/meteorisk_dag.py took 0.175 seconds
[2026-09-18T11:00:11.859+0000] {processor.py:161} INFO - Started process (PID=1915) to work on /opt/airflow/dags/meteorisk_dag.py
[2026-09-18T11:00:11.862+0000] {processor.py:830} INFO - Processing file /opt/airflow/dags/meteorisk_dag.py for tasks to queue
[2026-09-18T11:00:11.867+0000] {logging_mixin.py:188} INFO - [2026-09-18T11:00:11.866+0000] {dagbag.py:545} INFO - Filling up the DagBag from /opt/airflow/dags/meteorisk_dag.py
[2026-09-18T11:00:11.930+0000] {processor.py:840} INFO - DAG(s) 'meteorisk_pipeline' retrieved from /opt/airflow/dags/meteorisk_dag.py
[2026-09-18T11:00:11.983+0000] {logging_mixin.py:188} INFO - [2026-09-18T11:00:11.983+0000] {dag.py:3089} INFO - Sync 1 DAGs
[2026-09-18T11:00:12.008+0000] {logging_mixin.py:188} INFO - [2026-09-18T11:00:12.008+0000] {dag.py:3947} INFO - Setting next_dagrun for meteorisk_pipeline to 2026-09-18 00:00:00+00:00, run_after=2026-09-19 00:00:00+00:00
[2026-09-18T11:00:12.037+0000] {processor.py:183} INFO - Processing /opt/airflow/dags/meteorisk_dag.py took 0.191 seconds
[2026-09-18T11:00:42.379+0000] {processor.py:161} INFO - Started process (PID=1920) to work on /opt/airflow/dags/meteorisk_dag.py
[2026-09-18T11:00:42.383+0000] {processor.py:830} INFO - Processing file /opt/airflow/dags/meteorisk_dag.py for tasks to queue
[2026-09-18T11:00:42.390+0000] {logging_mixin.py:188} INFO - [2026-09-18T11:00:42.389+0000] {dagbag.py:545} INFO - Filling up the DagBag from /opt/airflow/dags/meteorisk_dag.py
[2026-09-18T11:00:42.454+0000] {processor.py:840} INFO - DAG(s) 'meteorisk_pipeline' retrieved from /opt/airflow/dags/meteorisk_dag.py
[2026-09-18T11:00:42.525+0000] {logging_mixin.py:188} INFO - [2026-09-18T11:00:42.525+0000] {dag.py:3089} INFO - Sync 1 DAGs
[2026-09-18T11:00:42.562+0000] {logging_mixin.py:188} INFO - [2026-09-18T11:00:42.561+0000] {dag.py:3947} INFO - Setting next_dagrun for meteorisk_pipeline to 2026-09-18 00:00:00+00:00, run_after=2026-09-19 00:00:00+00:00
[2026-09-18T11:00:42.604+0000] {processor.py:183} INFO - Processing /opt/airflow/dags/meteorisk_dag.py took 0.239 seconds
[2026-09-18T11:01:12.736+0000] {processor.py:161} INFO - Started process (PID=1925) to work on /opt/airflow/dags/meteorisk_dag.py
[2026-09-18T11:01:12.738+0000] {processor.py:830} INFO - Processing file /opt/airflow/dags/meteorisk_dag.py for tasks to queue
[2026-09-18T11:01:12.744+0000] {logging_mixin.py:188} INFO - [2026-09-18T11:01:12.743+0000] {dagbag.py:545} INFO - Filling up the DagBag from /opt/airflow/dags/meteorisk_dag.py
[2026-09-18T11:01:12.830+0000] {processor.py:840} INFO - DAG(s) 'meteorisk_pipeline' retrieved from /opt/airflow/dags/meteorisk_dag.py
[2026-09-18T11:01:12.893+0000] {logging_mixin.py:188} INFO - [2026-09-18T11:01:12.893+0000] {dag.py:3089} INFO - Sync 1 DAGs
[2026-09-18T11:01:12.918+0000] {logging_mixin.py:188} INFO - [2026-09-18T11:01:12.918+0000] {dag.py:3947} INFO - Setting next_dagrun for meteorisk_pipeline to 2026-09-18 00:00:00+00:00, run_after=2026-09-19 00:00:00+00:00
[2026-09-18T11:01:12.955+0000] {processor.py:183} INFO - Processing /opt/airflow/dags/meteorisk_dag.py took 0.228 seconds
[2026-09-18T11:01:43.258+0000] {processor.py:161} INFO - Started process (PID=1930) to work on /opt/airflow/dags/meteorisk_dag.py
[2026-09-18T11:01:43.260+0000] {processor.py:830} INFO - Processing file /opt/airflow/dags/meteorisk_dag.py for tasks to queue
[2026-09-18T11:01:43.265+0000] {logging_mixin.py:188} INFO - [2026-09-18T11:01:43.264+0000] {dagbag.py:545} INFO - Filling up the DagBag from /opt/airflow/dags/meteorisk_dag.py
[2026-09-18T11:01:43.334+0000] {processor.py:840} INFO - DAG(s) 'meteorisk_pipeline' retrieved from /opt/airflow/dags/meteorisk_dag.py
[2026-09-18T11:01:43.391+0000] {logging_mixin.py:188} INFO - [2026-09-18T11:01:43.391+0000] {dag.py:3089} INFO - Sync 1 DAGs
[2026-09-18T11:01:43.419+0000] {logging_mixin.py:188} INFO - [2026-09-18T11:01:43.419+0000] {dag.py:3947} INFO - Setting next_dagrun for meteorisk_pipeline to 2026-09-18 00:00:00+00:00, run_after=2026-09-19 00:00:00+00:00
[2026-09-18T11:01:43.449+0000] {processor.py:183} INFO - Processing /opt/airflow/dags/meteorisk_dag.py took 0.203 seconds
[2026-09-18T11:02:13.572+0000] {processor.py:161} INFO - Started process (PID=1935) to work on /opt/airflow/dags/meteorisk_dag.py
[2026-09-18T11:02:13.573+0000] {processor.py:830} INFO - Processing file /opt/airflow/dags/meteorisk_dag.py for tasks to queue
[2026-09-18T11:02:13.576+0000] {logging_mixin.py:188} INFO - [2026-09-18T11:02:13.575+0000] {dagbag.py:545} INFO - Filling up the DagBag from /opt/airflow/dags/meteorisk_dag.py
[2026-09-18T11:02:13.618+0000] {processor.py:840} INFO - DAG(s) 'meteorisk_pipeline' retrieved from /opt/airflow/dags/meteorisk_dag.py
[2026-09-18T11:02:13.657+0000] {logging_mixin.py:188} INFO - [2026-09-18T11:02:13.657+0000] {dag.py:3089} INFO - Sync 1 DAGs
[2026-09-18T11:02:13.684+0000] {logging_mixin.py:188} INFO - [2026-09-18T11:02:13.684+0000] {dag.py:3947} INFO - Setting next_dagrun for meteorisk_pipeline to 2026-09-18 00:00:00+00:00, run_after=2026-09-19 00:00:00+00:00
[2026-09-18T11:02:13.709+0000] {processor.py:183} INFO - Processing /opt/airflow/dags/meteorisk_dag.py took 0.148 seconds
[2026-09-18T11:02:44.450+0000] {processor.py:161} INFO - Started process (PID=1940) to work on /opt/airflow/dags/meteorisk_dag.py
[2026-09-18T11:02:44.453+0000] {processor.py:830} INFO - Processing file /opt/airflow/dags/meteorisk_dag.py for tasks to queue
[2026-09-18T11:02:44.459+0000] {logging_mixin.py:188} INFO - [2026-09-18T11:02:44.459+0000] {dagbag.py:545} INFO - Filling up the DagBag from /opt/airflow/dags/meteorisk_dag.py
[2026-09-18T11:02:44.523+0000] {processor.py:840} INFO - DAG(s) 'meteorisk_pipeline' retrieved from /opt/airflow/dags/meteorisk_dag.py
[2026-09-18T11:02:44.584+0000] {logging_mixin.py:188} INFO - [2026-09-18T11:02:44.583+0000] {dag.py:3089} INFO - Sync 1 DAGs
[2026-09-18T11:02:44.610+0000] {logging_mixin.py:188} INFO - [2026-09-18T11:02:44.609+0000] {dag.py:3947} INFO - Setting next_dagrun for meteorisk_pipeline to 2026-09-18 00:00:00+00:00, run_after=2026-09-19 00:00:00+00:00
[2026-09-18T11:02:44.634+0000] {processor.py:183} INFO - Processing /opt/airflow/dags/meteorisk_dag.py took 0.193 seconds
[2026-09-18T11:03:14.749+0000] {processor.py:161} INFO - Started process (PID=1945) to work on /opt/airflow/dags/meteorisk_dag.py
[2026-09-18T11:03:14.751+0000] {processor.py:830} INFO - Processing file /opt/airflow/dags/meteorisk_dag.py for tasks to queue
[2026-09-18T11:03:14.755+0000] {logging_mixin.py:188} INFO - [2026-09-18T11:03:14.755+0000] {dagbag.py:545} INFO - Filling up the DagBag from /opt/airflow/dags/meteorisk_dag.py
[2026-09-18T11:03:14.818+0000] {processor.py:840} INFO - DAG(s) 'meteorisk_pipeline' retrieved from /opt/airflow/dags/meteorisk_dag.py
[2026-09-18T11:03:14.858+0000] {logging_mixin.py:188} INFO - [2026-09-18T11:03:14.857+0000] {dag.py:3089} INFO - Sync 1 DAGs
[2026-09-18T11:03:14.892+0000] {logging_mixin.py:188} INFO - [2026-09-18T11:03:14.892+0000] {dag.py:3947} INFO - Setting next_dagrun for meteorisk_pipeline to 2026-09-18 00:00:00+00:00, run_after=2026-09-19 00:00:00+00:00
[2026-09-18T11:03:14.927+0000] {processor.py:183} INFO - Processing /opt/airflow/dags/meteorisk_dag.py took 0.189 seconds
[2026-09-18T11:03:45.229+0000] {processor.py:161} INFO - Started process (PID=1950) to work on /opt/airflow/dags/meteorisk_dag.py
[2026-09-18T11:03:45.231+0000] {processor.py:830} INFO - Processing file /opt/airflow/dags/meteorisk_dag.py for tasks to queue
[2026-09-18T11:03:45.235+0000] {logging_mixin.py:188} INFO - [2026-09-18T11:03:45.234+0000] {dagbag.py:545} INFO - Filling up the DagBag from /opt/airflow/dags/meteorisk_dag.py
[2026-09-18T11:03:45.307+0000] {processor.py:840} INFO - DAG(s) 'meteorisk_pipeline' retrieved from /opt/airflow/dags/meteorisk_dag.py
[2026-09-18T11:03:45.349+0000] {logging_mixin.py:188} INFO - [2026-09-18T11:03:45.348+0000] {dag.py:3089} INFO - Sync 1 DAGs
[2026-09-18T11:03:45.376+0000] {logging_mixin.py:188} INFO - [2026-09-18T11:03:45.376+0000] {dag.py:3947} INFO - Setting next_dagrun for meteorisk_pipeline to 2026-09-18 00:00:00+00:00, run_after=2026-09-19 00:00:00+00:00
[2026-09-18T11:03:45.400+0000] {processor.py:183} INFO - Processing /opt/airflow/dags/meteorisk_dag.py took 0.181 seconds
[2026-09-18T11:04:15.685+0000] {processor.py:161} INFO - Started process (PID=1955) to work on /opt/airflow/dags/meteorisk_dag.py
[2026-09-18T11:04:15.687+0000] {processor.py:830} INFO - Processing file /opt/airflow/dags/meteorisk_dag.py for tasks to queue
[2026-09-18T11:04:15.691+0000] {logging_mixin.py:188} INFO - [2026-09-18T11:04:15.691+0000] {dagbag.py:545} INFO - Filling up the DagBag from /opt/airflow/dags/meteorisk_dag.py
[2026-09-18T11:04:15.759+0000] {processor.py:840} INFO - DAG(s) 'meteorisk_pipeline' retrieved from /opt/airflow/dags/meteorisk_dag.py
[2026-09-18T11:04:15.796+0000] {logging_mixin.py:188} INFO - [2026-09-18T11:04:15.796+0000] {dag.py:3089} INFO - Sync 1 DAGs
[2026-09-18T11:04:15.820+0000] {logging_mixin.py:188} INFO - [2026-09-18T11:04:15.820+0000] {dag.py:3947} INFO - Setting next_dagrun for meteorisk_pipeline to 2026-09-18 00:00:00+00:00, run_after=2026-09-19 00:00:00+00:00
[2026-09-18T11:04:15.848+0000] {processor.py:183} INFO - Processing /opt/airflow/dags/meteorisk_dag.py took 0.174 seconds
[2026-09-18T11:04:46.025+0000] {processor.py:161} INFO - Started process (PID=1960) to work on /opt/airflow/dags/meteorisk_dag.py
[2026-09-18T11:04:46.027+0000] {processor.py:830} INFO - Processing file /opt/airflow/dags/meteorisk_dag.py for tasks to queue
[2026-09-18T11:04:46.033+0000] {logging_mixin.py:188} INFO - [2026-09-18T11:04:46.032+0000] {dagbag.py:545} INFO - Filling up the DagBag from /opt/airflow/dags/meteorisk_dag.py
[2026-09-18T11:04:46.088+0000] {processor.py:840} INFO - DAG(s) 'meteorisk_pipeline' retrieved from /opt/airflow/dags/meteorisk_dag.py
[2026-09-18T11:04:46.151+0000] {logging_mixin.py:188} INFO - [2026-09-18T11:04:46.150+0000] {dag.py:3089} INFO - Sync 1 DAGs
[2026-09-18T11:04:46.191+0000] {logging_mixin.py:188} INFO - [2026-09-18T11:04:46.190+0000] {dag.py:3947} INFO - Setting next_dagrun for meteorisk_pipeline to 2026-09-18 00:00:00+00:00, run_after=2026-09-19 00:00:00+00:00
[2026-09-18T11:04:46.249+0000] {processor.py:183} INFO - Processing /opt/airflow/dags/meteorisk_dag.py took 0.233 seconds
[2026-09-18T11:05:16.510+0000] {processor.py:161} INFO - Started process (PID=1965) to work on /opt/airflow/dags/meteorisk_dag.py
[2026-09-18T11:05:16.513+0000] {processor.py:830} INFO - Processing file /opt/airflow/dags/meteorisk_dag.py for tasks to queue
[2026-09-18T11:05:16.521+0000] {logging_mixin.py:188} INFO - [2026-09-18T11:05:16.520+0000] {dagbag.py:545} INFO - Filling up the DagBag from /opt/airflow/dags/meteorisk_dag.py
[2026-09-18T11:05:16.585+0000] {processor.py:840} INFO - DAG(s) 'meteorisk_pipeline' retrieved from /opt/airflow/dags/meteorisk_dag.py
[2026-09-18T11:05:16.669+0000] {logging_mixin.py:188} INFO - [2026-09-18T11:05:16.668+0000] {dag.py:3089} INFO - Sync 1 DAGs
[2026-09-18T11:05:16.711+0000] {logging_mixin.py:188} INFO - [2026-09-18T11:05:16.711+0000] {dag.py:3947} INFO - Setting next_dagrun for meteorisk_pipeline to 2026-09-18 00:00:00+00:00, run_after=2026-09-19 00:00:00+00:00
[2026-09-18T11:05:16.746+0000] {processor.py:183} INFO - Processing /opt/airflow/dags/meteorisk_dag.py took 0.251 seconds
[2026-09-18T11:05:46.948+0000] {processor.py:161} INFO - Started process (PID=1970) to work on /opt/airflow/dags/meteorisk_dag.py
[2026-09-18T11:05:46.951+0000] {processor.py:830} INFO - Processing file /opt/airflow/dags/meteorisk_dag.py for tasks to queue
[2026-09-18T11:05:46.958+0000] {logging_mixin.py:188} INFO - [2026-09-18T11:05:46.957+0000] {dagbag.py:545} INFO - Filling up the DagBag from /opt/airflow/dags/meteorisk_dag.py
[2026-09-18T11:05:47.028+0000] {processor.py:840} INFO - DAG(s) 'meteorisk_pipeline' retrieved from /opt/airflow/dags/meteorisk_dag.py
[2026-09-18T11:05:47.095+0000] {logging_mixin.py:188} INFO - [2026-09-18T11:05:47.094+0000] {dag.py:3089} INFO - Sync 1 DAGs
[2026-09-18T11:05:47.121+0000] {logging_mixin.py:188} INFO - [2026-09-18T11:05:47.121+0000] {dag.py:3947} INFO - Setting next_dagrun for meteorisk_pipeline to 2026-09-18 00:00:00+00:00, run_after=2026-09-19 00:00:00+00:00
[2026-09-18T11:05:47.147+0000] {processor.py:183} INFO - Processing /opt/airflow/dags/meteorisk_dag.py took 0.212 seconds
[2026-09-18T11:06:17.379+0000] {processor.py:161} INFO - Started process (PID=1975) to work on /opt/airflow/dags/meteorisk_dag.py
[2026-09-18T11:06:17.381+0000] {processor.py:830} INFO - Processing file /opt/airflow/dags/meteorisk_dag.py for tasks to queue
[2026-09-18T11:06:17.385+0000] {logging_mixin.py:188} INFO - [2026-09-18T11:06:17.384+0000] {dagbag.py:545} INFO - Filling up the DagBag from /opt/airflow/dags/meteorisk_dag.py
[2026-09-18T11:06:17.464+0000] {processor.py:840} INFO - DAG(s) 'meteorisk_pipeline' retrieved from /opt/airflow/dags/meteorisk_dag.py
[2026-09-18T11:06:17.510+0000] {logging_mixin.py:188} INFO - [2026-09-18T11:06:17.510+0000] {dag.py:3089} INFO - Sync 1 DAGs
[2026-09-18T11:06:17.560+0000] {logging_mixin.py:188} INFO - [2026-09-18T11:06:17.559+0000] {dag.py:3947} INFO - Setting next_dagrun for meteorisk_pipeline to 2026-09-18 00:00:00+00:00, run_after=2026-09-19 00:00:00+00:00
[2026-09-18T11:06:17.613+0000] {processor.py:183} INFO - Processing /opt/airflow/dags/meteorisk_dag.py took 0.248 seconds
[2026-09-18T11:06:47.869+0000] {processor.py:161} INFO - Started process (PID=1980) to work on /opt/airflow/dags/meteorisk_dag.py
[2026-09-18T11:06:47.873+0000] {processor.py:830} INFO - Processing file /opt/airflow/dags/meteorisk_dag.py for tasks to queue
[2026-09-18T11:06:47.878+0000] {logging_mixin.py:188} INFO - [2026-09-18T11:06:47.878+0000] {dagbag.py:545} INFO - Filling up the DagBag from /opt/airflow/dags/meteorisk_dag.py
[2026-09-18T11:06:48.040+0000] {processor.py:840} INFO - DAG(s) 'meteorisk_pipeline' retrieved from /opt/airflow/dags/meteorisk_dag.py
[2026-09-18T11:06:48.094+0000] {logging_mixin.py:188} INFO - [2026-09-18T11:06:48.093+0000] {dag.py:3089} INFO - Sync 1 DAGs
[2026-09-18T11:06:48.129+0000] {logging_mixin.py:188} INFO - [2026-09-18T11:06:48.128+0000] {dag.py:3947} INFO - Setting next_dagrun for meteorisk_pipeline to 2026-09-18 00:00:00+00:00, run_after=2026-09-19 00:00:00+00:00
[2026-09-18T11:06:48.167+0000] {processor.py:183} INFO - Processing /opt/airflow/dags/meteorisk_dag.py took 0.307 seconds
[2026-09-18T11:07:18.337+0000] {processor.py:161} INFO - Started process (PID=1985) to work on /opt/airflow/dags/meteorisk_dag.py
[2026-09-18T11:07:18.340+0000] {processor.py:830} INFO - Processing file /opt/airflow/dags/meteorisk_dag.py for tasks to queue
[2026-09-18T11:07:18.344+0000] {logging_mixin.py:188} INFO - [2026-09-18T11:07:18.343+0000] {dagbag.py:545} INFO - Filling up the DagBag from /opt/airflow/dags/meteorisk_dag.py
[2026-09-18T11:07:18.408+0000] {processor.py:840} INFO - DAG(s) 'meteorisk_pipeline' retrieved from /opt/airflow/dags/meteorisk_dag.py
[2026-09-18T11:07:18.455+0000] {logging_mixin.py:188} INFO - [2026-09-18T11:07:18.455+0000] {dag.py:3089} INFO - Sync 1 DAGs
[2026-09-18T11:07:18.491+0000] {logging_mixin.py:188} INFO - [2026-09-18T11:07:18.490+0000] {dag.py:3947} INFO - Setting next_dagrun for meteorisk_pipeline to 2026-09-18 00:00:00+00:00, run_after=2026-09-19 00:00:00+00:00
[2026-09-18T11:07:18.532+0000] {processor.py:183} INFO - Processing /opt/airflow/dags/meteorisk_dag.py took 0.209 seconds
[2026-09-18T11:07:48.789+0000] {processor.py:161} INFO - Started process (PID=1990) to work on /opt/airflow/dags/meteorisk_dag.py
[2026-09-18T11:07:48.791+0000] {processor.py:830} INFO - Processing file /opt/airflow/dags/meteorisk_dag.py for tasks to queue
[2026-09-18T11:07:48.793+0000] {logging_mixin.py:188} INFO - [2026-09-18T11:07:48.792+0000] {dagbag.py:545} INFO - Filling up the DagBag from /opt/airflow/dags/meteorisk_dag.py
[2026-09-18T11:07:48.849+0000] {processor.py:840} INFO - DAG(s) 'meteorisk_pipeline' retrieved from /opt/airflow/dags/meteorisk_dag.py
[2026-09-18T11:07:48.917+0000] {logging_mixin.py:188} INFO - [2026-09-18T11:07:48.916+0000] {dag.py:3089} INFO - Sync 1 DAGs
[2026-09-18T11:07:48.953+0000] {logging_mixin.py:188} INFO - [2026-09-18T11:07:48.953+0000] {dag.py:3947} INFO - Setting next_dagrun for meteorisk_pipeline to 2026-09-18 00:00:00+00:00, run_after=2026-09-19 00:00:00+00:00
[2026-09-18T11:07:48.984+0000] {processor.py:183} INFO - Processing /opt/airflow/dags/meteorisk_dag.py took 0.203 seconds
[2026-09-18T11:08:19.270+0000] {processor.py:161} INFO - Started process (PID=1995) to work on /opt/airflow/dags/meteorisk_dag.py
[2026-09-18T11:08:19.272+0000] {processor.py:830} INFO - Processing file /opt/airflow/dags/meteorisk_dag.py for tasks to queue
[2026-09-18T11:08:19.277+0000] {logging_mixin.py:188} INFO - [2026-09-18T11:08:19.276+0000] {dagbag.py:545} INFO - Filling up the DagBag from /opt/airflow/dags/meteorisk_dag.py
[2026-09-18T11:08:19.344+0000] {processor.py:840} INFO - DAG(s) 'meteorisk_pipeline' retrieved from /opt/airflow/dags/meteorisk_dag.py
[2026-09-18T11:08:19.413+0000] {logging_mixin.py:188} INFO - [2026-09-18T11:08:19.412+0000] {dag.py:3089} INFO - Sync 1 DAGs
[2026-09-18T11:08:19.476+0000] {logging_mixin.py:188} INFO - [2026-09-18T11:08:19.475+0000] {dag.py:3947} INFO - Setting next_dagrun for meteorisk_pipeline to 2026-09-18 00:00:00+00:00, run_after=2026-09-19 00:00:00+00:00
[2026-09-18T11:08:19.538+0000] {processor.py:183} INFO - Processing /opt/airflow/dags/meteorisk_dag.py took 0.275 seconds
[2026-09-18T11:08:49.675+0000] {processor.py:161} INFO - Started process (PID=2000) to work on /opt/airflow/dags/meteorisk_dag.py
[2026-09-18T11:08:49.679+0000] {processor.py:830} INFO - Processing file /opt/airflow/dags/meteorisk_dag.py for tasks to queue
[2026-09-18T11:08:49.681+0000] {logging_mixin.py:188} INFO - [2026-09-18T11:08:49.681+0000] {dagbag.py:545} INFO - Filling up the DagBag from /opt/airflow/dags/meteorisk_dag.py
[2026-09-18T11:08:49.755+0000] {processor.py:840} INFO - DAG(s) 'meteorisk_pipeline' retrieved from /opt/airflow/dags/meteorisk_dag.py
[2026-09-18T11:08:49.795+0000] {logging_mixin.py:188} INFO - [2026-09-18T11:08:49.795+0000] {dag.py:3089} INFO - Sync 1 DAGs
[2026-09-18T11:08:49.821+0000] {logging_mixin.py:188} INFO - [2026-09-18T11:08:49.820+0000] {dag.py:3947} INFO - Setting next_dagrun for meteorisk_pipeline to 2026-09-18 00:00:00+00:00, run_after=2026-09-19 00:00:00+00:00
[2026-09-18T11:08:49.856+0000] {processor.py:183} INFO - Processing /opt/airflow/dags/meteorisk_dag.py took 0.194 seconds
[2026-09-18T11:09:20.462+0000] {processor.py:161} INFO - Started process (PID=2005) to work on /opt/airflow/dags/meteorisk_dag.py
[2026-09-18T11:09:20.466+0000] {processor.py:830} INFO - Processing file /opt/airflow/dags/meteorisk_dag.py for tasks to queue
[2026-09-18T11:09:20.473+0000] {logging_mixin.py:188} INFO - [2026-09-18T11:09:20.472+0000] {dagbag.py:545} INFO - Filling up the DagBag from /opt/airflow/dags/meteorisk_dag.py
[2026-09-18T11:09:20.522+0000] {processor.py:840} INFO - DAG(s) 'meteorisk_pipeline' retrieved from /opt/airflow/dags/meteorisk_dag.py
[2026-09-18T11:09:20.586+0000] {logging_mixin.py:188} INFO - [2026-09-18T11:09:20.586+0000] {dag.py:3089} INFO - Sync 1 DAGs
[2026-09-18T11:09:20.616+0000] {logging_mixin.py:188} INFO - [2026-09-18T11:09:20.616+0000] {dag.py:3947} INFO - Setting next_dagrun for meteorisk_pipeline to 2026-09-18 00:00:00+00:00, run_after=2026-09-19 00:00:00+00:00
[2026-09-18T11:09:20.659+0000] {processor.py:183} INFO - Processing /opt/airflow/dags/meteorisk_dag.py took 0.213 seconds
[2026-09-18T11:09:51.014+0000] {processor.py:161} INFO - Started process (PID=2010) to work on /opt/airflow/dags/meteorisk_dag.py
[2026-09-18T11:09:51.017+0000] {processor.py:830} INFO - Processing file /opt/airflow/dags/meteorisk_dag.py for tasks to queue
[2026-09-18T11:09:51.025+0000] {logging_mixin.py:188} INFO - [2026-09-18T11:09:51.024+0000] {dagbag.py:545} INFO - Filling up the DagBag from /opt/airflow/dags/meteorisk_dag.py
[2026-09-18T11:09:51.116+0000] {processor.py:840} INFO - DAG(s) 'meteorisk_pipeline' retrieved from /opt/airflow/dags/meteorisk_dag.py
[2026-09-18T11:09:51.198+0000] {logging_mixin.py:188} INFO - [2026-09-18T11:09:51.198+0000] {dag.py:3089} INFO - Sync 1 DAGs
[2026-09-18T11:09:51.261+0000] {logging_mixin.py:188} INFO - [2026-09-18T11:09:51.260+0000] {dag.py:3947} INFO - Setting next_dagrun for meteorisk_pipeline to 2026-09-18 00:00:00+00:00, run_after=2026-09-19 00:00:00+00:00
[2026-09-18T11:09:51.298+0000] {processor.py:183} INFO - Processing /opt/airflow/dags/meteorisk_dag.py took 0.295 seconds
[2026-09-18T11:10:21.725+0000] {processor.py:161} INFO - Started process (PID=2015) to work on /opt/airflow/dags/meteorisk_dag.py
[2026-09-18T11:10:21.729+0000] {processor.py:830} INFO - Processing file /opt/airflow/dags/meteorisk_dag.py for tasks to queue
[2026-09-18T11:10:21.735+0000] {logging_mixin.py:188} INFO - [2026-09-18T11:10:21.734+0000] {dagbag.py:545} INFO - Filling up the DagBag from /opt/airflow/dags/meteorisk_dag.py
[2026-09-18T11:10:21.807+0000] {processor.py:840} INFO - DAG(s) 'meteorisk_pipeline' retrieved from /opt/airflow/dags/meteorisk_dag.py
[2026-09-18T11:10:21.869+0000] {logging_mixin.py:188} INFO - [2026-09-18T11:10:21.869+0000] {dag.py:3089} INFO - Sync 1 DAGs
[2026-09-18T11:10:21.905+0000] {logging_mixin.py:188} INFO - [2026-09-18T11:10:21.905+0000] {dag.py:3947} INFO - Setting next_dagrun for meteorisk_pipeline to 2026-09-18 00:00:00+00:00, run_after=2026-09-19 00:00:00+00:00
[2026-09-18T11:10:21.942+0000] {processor.py:183} INFO - Processing /opt/airflow/dags/meteorisk_dag.py took 0.230 seconds
[2026-09-18T11:10:52.266+0000] {processor.py:161} INFO - Started process (PID=2020) to work on /opt/airflow/dags/meteorisk_dag.py
[2026-09-18T11:10:52.268+0000] {processor.py:830} INFO - Processing file /opt/airflow/dags/meteorisk_dag.py for tasks to queue
[2026-09-18T11:10:52.272+0000] {logging_mixin.py:188} INFO - [2026-09-18T11:10:52.272+0000] {dagbag.py:545} INFO - Filling up the DagBag from /opt/airflow/dags/meteorisk_dag.py
[2026-09-18T11:10:52.314+0000] {processor.py:840} INFO - DAG(s) 'meteorisk_pipeline' retrieved from /opt/airflow/dags/meteorisk_dag.py
[2026-09-18T11:10:52.369+0000] {logging_mixin.py:188} INFO - [2026-09-18T11:10:52.368+0000] {dag.py:3089} INFO - Sync 1 DAGs
[2026-09-18T11:10:52.397+0000] {logging_mixin.py:188} INFO - [2026-09-18T11:10:52.397+0000] {dag.py:3947} INFO - Setting next_dagrun for meteorisk_pipeline to 2026-09-18 00:00:00+00:00, run_after=2026-09-19 00:00:00+00:00
[2026-09-18T11:10:52.453+0000] {processor.py:183} INFO - Processing /opt/airflow/dags/meteorisk_dag.py took 0.196 seconds
[2026-09-18T11:11:22.821+0000] {processor.py:161} INFO - Started process (PID=2025) to work on /opt/airflow/dags/meteorisk_dag.py
[2026-09-18T11:11:22.823+0000] {processor.py:830} INFO - Processing file /opt/airflow/dags/meteorisk_dag.py for tasks to queue
[2026-09-18T11:11:22.827+0000] {logging_mixin.py:188} INFO - [2026-09-18T11:11:22.827+0000] {dagbag.py:545} INFO - Filling up the DagBag from /opt/airflow/dags/meteorisk_dag.py
[2026-09-18T11:11:22.880+0000] {processor.py:840} INFO - DAG(s) 'meteorisk_pipeline' retrieved from /opt/airflow/dags/meteorisk_dag.py
[2026-09-18T11:11:22.948+0000] {logging_mixin.py:188} INFO - [2026-09-18T11:11:22.948+0000] {dag.py:3089} INFO - Sync 1 DAGs
[2026-09-18T11:11:22.990+0000] {logging_mixin.py:188} INFO - [2026-09-18T11:11:22.990+0000] {dag.py:3947} INFO - Setting next_dagrun for meteorisk_pipeline to 2026-09-18 00:00:00+00:00, run_after=2026-09-19 00:00:00+00:00
[2026-09-18T11:11:23.025+0000] {processor.py:183} INFO - Processing /opt/airflow/dags/meteorisk_dag.py took 0.214 seconds
[2026-09-18T11:11:53.363+0000] {processor.py:161} INFO - Started process (PID=2030) to work on /opt/airflow/dags/meteorisk_dag.py
[2026-09-18T11:11:53.366+0000] {processor.py:830} INFO - Processing file /opt/airflow/dags/meteorisk_dag.py for tasks to queue
[2026-09-18T11:11:53.371+0000] {logging_mixin.py:188} INFO - [2026-09-18T11:11:53.370+0000] {dagbag.py:545} INFO - Filling up the DagBag from /opt/airflow/dags/meteorisk_dag.py
[2026-09-18T11:11:53.435+0000] {processor.py:840} INFO - DAG(s) 'meteorisk_pipeline' retrieved from /opt/airflow/dags/meteorisk_dag.py
[2026-09-18T11:11:53.493+0000] {logging_mixin.py:188} INFO - [2026-09-18T11:11:53.493+0000] {dag.py:3089} INFO - Sync 1 DAGs
[2026-09-18T11:11:53.518+0000] {logging_mixin.py:188} INFO - [2026-09-18T11:11:53.518+0000] {dag.py:3947} INFO - Setting next_dagrun for meteorisk_pipeline to 2026-09-18 00:00:00+00:00, run_after=2026-09-19 00:00:00+00:00
[2026-09-18T11:11:53.550+0000] {processor.py:183} INFO - Processing /opt/airflow/dags/meteorisk_dag.py took 0.201 seconds
[2026-09-18T11:12:23.636+0000] {processor.py:161} INFO - Started process (PID=2035) to work on /opt/airflow/dags/meteorisk_dag.py
[2026-09-18T11:12:23.638+0000] {processor.py:830} INFO - Processing file /opt/airflow/dags/meteorisk_dag.py for tasks to queue
[2026-09-18T11:12:23.641+0000] {logging_mixin.py:188} INFO - [2026-09-18T11:12:23.640+0000] {dagbag.py:545} INFO - Filling up the DagBag from /opt/airflow/dags/meteorisk_dag.py
[2026-09-18T11:12:23.699+0000] {processor.py:840} INFO - DAG(s) 'meteorisk_pipeline' retrieved from /opt/airflow/dags/meteorisk_dag.py
[2026-09-18T11:12:23.744+0000] {logging_mixin.py:188} INFO - [2026-09-18T11:12:23.743+0000] {dag.py:3089} INFO - Sync 1 DAGs
[2026-09-18T11:12:23.767+0000] {logging_mixin.py:188} INFO - [2026-09-18T11:12:23.767+0000] {dag.py:3947} INFO - Setting next_dagrun for meteorisk_pipeline to 2026-09-18 00:00:00+00:00, run_after=2026-09-19 00:00:00+00:00
[2026-09-18T11:12:23.795+0000] {processor.py:183} INFO - Processing /opt/airflow/dags/meteorisk_dag.py took 0.168 seconds
[2026-09-18T11:12:53.916+0000] {processor.py:161} INFO - Started process (PID=2040) to work on /opt/airflow/dags/meteorisk_dag.py
[2026-09-18T11:12:53.919+0000] {processor.py:830} INFO - Processing file /opt/airflow/dags/meteorisk_dag.py for tasks to queue
[2026-09-18T11:12:53.923+0000] {logging_mixin.py:188} INFO - [2026-09-18T11:12:53.922+0000] {dagbag.py:545} INFO - Filling up the DagBag from /opt/airflow/dags/meteorisk_dag.py
[2026-09-18T11:12:53.978+0000] {processor.py:840} INFO - DAG(s) 'meteorisk_pipeline' retrieved from /opt/airflow/dags/meteorisk_dag.py
[2026-09-18T11:12:54.018+0000] {logging_mixin.py:188} INFO - [2026-09-18T11:12:54.018+0000] {dag.py:3089} INFO - Sync 1 DAGs
[2026-09-18T11:12:54.043+0000] {logging_mixin.py:188} INFO - [2026-09-18T11:12:54.043+0000] {dag.py:3947} INFO - Setting next_dagrun for meteorisk_pipeline to 2026-09-18 00:00:00+00:00, run_after=2026-09-19 00:00:00+00:00
[2026-09-18T11:12:54.072+0000] {processor.py:183} INFO - Processing /opt/airflow/dags/meteorisk_dag.py took 0.169 seconds
[2026-09-18T11:13:24.438+0000] {processor.py:161} INFO - Started process (PID=2045) to work on /opt/airflow/dags/meteorisk_dag.py
[2026-09-18T11:13:24.440+0000] {processor.py:830} INFO - Processing file /opt/airflow/dags/meteorisk_dag.py for tasks to queue
[2026-09-18T11:13:24.443+0000] {logging_mixin.py:188} INFO - [2026-09-18T11:13:24.442+0000] {dagbag.py:545} INFO - Filling up the DagBag from /opt/airflow/dags/meteorisk_dag.py
[2026-09-18T11:13:24.494+0000] {processor.py:840} INFO - DAG(s) 'meteorisk_pipeline' retrieved from /opt/airflow/dags/meteorisk_dag.py
[2026-09-18T11:13:24.538+0000] {logging_mixin.py:188} INFO - [2026-09-18T11:13:24.537+0000] {dag.py:3089} INFO - Sync 1 DAGs
[2026-09-18T11:13:24.561+0000] {logging_mixin.py:188} INFO - [2026-09-18T11:13:24.561+0000] {dag.py:3947} INFO - Setting next_dagrun for meteorisk_pipeline to 2026-09-18 00:00:00+00:00, run_after=2026-09-19 00:00:00+00:00
[2026-09-18T11:13:24.590+0000] {processor.py:183} INFO - Processing /opt/airflow/dags/meteorisk_dag.py took 0.163 seconds
[2026-09-18T11:13:54.753+0000] {processor.py:161} INFO - Started process (PID=2050) to work on /opt/airflow/dags/meteorisk_dag.py
[2026-09-18T11:13:54.757+0000] {processor.py:830} INFO - Processing file /opt/airflow/dags/meteorisk_dag.py for tasks to queue
[2026-09-18T11:13:54.768+0000] {logging_mixin.py:188} INFO - [2026-09-18T11:13:54.767+0000] {dagbag.py:545} INFO - Filling up the DagBag from /opt/airflow/dags/meteorisk_dag.py
[2026-09-18T11:13:54.848+0000] {processor.py:840} INFO - DAG(s) 'meteorisk_pipeline' retrieved from /opt/airflow/dags/meteorisk_dag.py
[2026-09-18T11:13:54.903+0000] {logging_mixin.py:188} INFO - [2026-09-18T11:13:54.903+0000] {dag.py:3089} INFO - Sync 1 DAGs
[2026-09-18T11:13:54.927+0000] {logging_mixin.py:188} INFO - [2026-09-18T11:13:54.927+0000] {dag.py:3947} INFO - Setting next_dagrun for meteorisk_pipeline to 2026-09-18 00:00:00+00:00, run_after=2026-09-19 00:00:00+00:00
[2026-09-18T11:13:54.954+0000] {processor.py:183} INFO - Processing /opt/airflow/dags/meteorisk_dag.py took 0.221 seconds
[2026-09-18T11:14:25.178+0000] {processor.py:161} INFO - Started process (PID=2055) to work on /opt/airflow/dags/meteorisk_dag.py
[2026-09-18T11:14:25.180+0000] {processor.py:830} INFO - Processing file /opt/airflow/dags/meteorisk_dag.py for tasks to queue
[2026-09-18T11:14:25.183+0000] {logging_mixin.py:188} INFO - [2026-09-18T11:14:25.183+0000] {dagbag.py:545} INFO - Filling up the DagBag from /opt/airflow/dags/meteorisk_dag.py
[2026-09-18T11:14:25.237+0000] {processor.py:840} INFO - DAG(s) 'meteorisk_pipeline' retrieved from /opt/airflow/dags/meteorisk_dag.py
[2026-09-18T11:14:25.289+0000] {logging_mixin.py:188} INFO - [2026-09-18T11:14:25.289+0000] {dag.py:3089} INFO - Sync 1 DAGs
[2026-09-18T11:14:25.314+0000] {logging_mixin.py:188} INFO - [2026-09-18T11:14:25.314+0000] {dag.py:3947} INFO - Setting next_dagrun for meteorisk_pipeline to 2026-09-18 00:00:00+00:00, run_after=2026-09-19 00:00:00+00:00
[2026-09-18T11:14:25.339+0000] {processor.py:183} INFO - Processing /opt/airflow/dags/meteorisk_dag.py took 0.171 seconds
[2026-09-18T11:14:55.631+0000] {processor.py:161} INFO - Started process (PID=2060) to work on /opt/airflow/dags/meteorisk_dag.py
[2026-09-18T11:14:55.634+0000] {processor.py:830} INFO - Processing file /opt/airflow/dags/meteorisk_dag.py for tasks to queue
[2026-09-18T11:14:55.639+0000] {logging_mixin.py:188} INFO - [2026-09-18T11:14:55.638+0000] {dagbag.py:545} INFO - Filling up the DagBag from /opt/airflow/dags/meteorisk_dag.py
[2026-09-18T11:14:55.703+0000] {processor.py:840} INFO - DAG(s) 'meteorisk_pipeline' retrieved from /opt/airflow/dags/meteorisk_dag.py
[2026-09-18T11:14:55.761+0000] {logging_mixin.py:188} INFO - [2026-09-18T11:14:55.761+0000] {dag.py:3089} INFO - Sync 1 DAGs
[2026-09-18T11:14:55.800+0000] {logging_mixin.py:188} INFO - [2026-09-18T11:14:55.799+0000] {dag.py:3947} INFO - Setting next_dagrun for meteorisk_pipeline to 2026-09-18 00:00:00+00:00, run_after=2026-09-19 00:00:00+00:00
[2026-09-18T11:14:55.838+0000] {processor.py:183} INFO - Processing /opt/airflow/dags/meteorisk_dag.py took 0.219 seconds
[2026-09-18T11:15:25.926+0000] {processor.py:161} INFO - Started process (PID=2065) to work on /opt/airflow/dags/meteorisk_dag.py
[2026-09-18T11:15:25.927+0000] {processor.py:830} INFO - Processing file /opt/airflow/dags/meteorisk_dag.py for tasks to queue
[2026-09-18T11:15:25.930+0000] {logging_mixin.py:188} INFO - [2026-09-18T11:15:25.930+0000] {dagbag.py:545} INFO - Filling up the DagBag from /opt/airflow/dags/meteorisk_dag.py
[2026-09-18T11:15:25.970+0000] {processor.py:840} INFO - DAG(s) 'meteorisk_pipeline' retrieved from /opt/airflow/dags/meteorisk_dag.py
[2026-09-18T11:15:26.015+0000] {logging_mixin.py:188} INFO - [2026-09-18T11:15:26.015+0000] {dag.py:3089} INFO - Sync 1 DAGs
[2026-09-18T11:15:26.039+0000] {logging_mixin.py:188} INFO - [2026-09-18T11:15:26.039+0000] {dag.py:3947} INFO - Setting next_dagrun for meteorisk_pipeline to 2026-09-18 00:00:00+00:00, run_after=2026-09-19 00:00:00+00:00
[2026-09-18T11:15:26.065+0000] {processor.py:183} INFO - Processing /opt/airflow/dags/meteorisk_dag.py took 0.146 seconds
[2026-09-18T11:15:56.219+0000] {processor.py:161} INFO - Started process (PID=2070) to work on /opt/airflow/dags/meteorisk_dag.py
[2026-09-18T11:15:56.222+0000] {processor.py:830} INFO - Processing file /opt/airflow/dags/meteorisk_dag.py for tasks to queue
[2026-09-18T11:15:56.226+0000] {logging_mixin.py:188} INFO - [2026-09-18T11:15:56.225+0000] {dagbag.py:545} INFO - Filling up the DagBag from /opt/airflow/dags/meteorisk_dag.py
[2026-09-18T11:15:56.288+0000] {processor.py:840} INFO - DAG(s) 'meteorisk_pipeline' retrieved from /opt/airflow/dags/meteorisk_dag.py
[2026-09-18T11:15:56.326+0000] {logging_mixin.py:188} INFO - [2026-09-18T11:15:56.325+0000] {dag.py:3089} INFO - Sync 1 DAGs
[2026-09-18T11:15:56.350+0000] {logging_mixin.py:188} INFO - [2026-09-18T11:15:56.350+0000] {dag.py:3947} INFO - Setting next_dagrun for meteorisk_pipeline to 2026-09-18 00:00:00+00:00, run_after=2026-09-19 00:00:00+00:00
[2026-09-18T11:15:56.378+0000] {processor.py:183} INFO - Processing /opt/airflow/dags/meteorisk_dag.py took 0.170 seconds
[2026-09-18T11:16:26.690+0000] {processor.py:161} INFO - Started process (PID=2075) to work on /opt/airflow/dags/meteorisk_dag.py
[2026-09-18T11:16:26.692+0000] {processor.py:830} INFO - Processing file /opt/airflow/dags/meteorisk_dag.py for tasks to queue
[2026-09-18T11:16:26.695+0000] {logging_mixin.py:188} INFO - [2026-09-18T11:16:26.694+0000] {dagbag.py:545} INFO - Filling up the DagBag from /opt/airflow/dags/meteorisk_dag.py
[2026-09-18T11:16:26.757+0000] {processor.py:840} INFO - DAG(s) 'meteorisk_pipeline' retrieved from /opt/airflow/dags/meteorisk_dag.py
[2026-09-18T11:16:26.816+0000] {logging_mixin.py:188} INFO - [2026-09-18T11:16:26.815+0000] {dag.py:3089} INFO - Sync 1 DAGs
[2026-09-18T11:16:26.846+0000] {logging_mixin.py:188} INFO - [2026-09-18T11:16:26.845+0000] {dag.py:3947} INFO - Setting next_dagrun for meteorisk_pipeline to 2026-09-18 00:00:00+00:00, run_after=2026-09-19 00:00:00+00:00
[2026-09-18T11:16:26.876+0000] {processor.py:183} INFO - Processing /opt/airflow/dags/meteorisk_dag.py took 0.193 seconds
[2026-09-18T11:16:57.029+0000] {processor.py:161} INFO - Started process (PID=2080) to work on /opt/airflow/dags/meteorisk_dag.py
[2026-09-18T11:16:57.031+0000] {processor.py:830} INFO - Processing file /opt/airflow/dags/meteorisk_dag.py for tasks to queue
[2026-09-18T11:16:57.042+0000] {logging_mixin.py:188} INFO - [2026-09-18T11:16:57.040+0000] {dagbag.py:545} INFO - Filling up the DagBag from /opt/airflow/dags/meteorisk_dag.py
[2026-09-18T11:16:57.117+0000] {processor.py:840} INFO - DAG(s) 'meteorisk_pipeline' retrieved from /opt/airflow/dags/meteorisk_dag.py
[2026-09-18T11:16:57.168+0000] {logging_mixin.py:188} INFO - [2026-09-18T11:16:57.168+0000] {dag.py:3089} INFO - Sync 1 DAGs
[2026-09-18T11:16:57.193+0000] {logging_mixin.py:188} INFO - [2026-09-18T11:16:57.193+0000] {dag.py:3947} INFO - Setting next_dagrun for meteorisk_pipeline to 2026-09-18 00:00:00+00:00, run_after=2026-09-19 00:00:00+00:00
[2026-09-18T11:16:57.236+0000] {processor.py:183} INFO - Processing /opt/airflow/dags/meteorisk_dag.py took 0.217 seconds
[2026-09-18T11:17:27.502+0000] {processor.py:161} INFO - Started process (PID=2085) to work on /opt/airflow/dags/meteorisk_dag.py
[2026-09-18T11:17:27.505+0000] {processor.py:830} INFO - Processing file /opt/airflow/dags/meteorisk_dag.py for tasks to queue
[2026-09-18T11:17:27.509+0000] {logging_mixin.py:188} INFO - [2026-09-18T11:17:27.508+0000] {dagbag.py:545} INFO - Filling up the DagBag from /opt/airflow/dags/meteorisk_dag.py
[2026-09-18T11:17:27.551+0000] {processor.py:840} INFO - DAG(s) 'meteorisk_pipeline' retrieved from /opt/airflow/dags/meteorisk_dag.py
[2026-09-18T11:17:27.596+0000] {logging_mixin.py:188} INFO - [2026-09-18T11:17:27.595+0000] {dag.py:3089} INFO - Sync 1 DAGs
[2026-09-18T11:17:27.621+0000] {logging_mixin.py:188} INFO - [2026-09-18T11:17:27.621+0000] {dag.py:3947} INFO - Setting next_dagrun for meteorisk_pipeline to 2026-09-18 00:00:00+00:00, run_after=2026-09-19 00:00:00+00:00
[2026-09-18T11:17:27.650+0000] {processor.py:183} INFO - Processing /opt/airflow/dags/meteorisk_dag.py took 0.157 seconds
[2026-09-18T11:17:57.818+0000] {processor.py:161} INFO - Started process (PID=2090) to work on /opt/airflow/dags/meteorisk_dag.py
[2026-09-18T11:17:57.820+0000] {processor.py:830} INFO - Processing file /opt/airflow/dags/meteorisk_dag.py for tasks to queue
[2026-09-18T11:17:57.824+0000] {logging_mixin.py:188} INFO - [2026-09-18T11:17:57.823+0000] {dagbag.py:545} INFO - Filling up the DagBag from /opt/airflow/dags/meteorisk_dag.py
[2026-09-18T11:17:57.880+0000] {processor.py:840} INFO - DAG(s) 'meteorisk_pipeline' retrieved from /opt/airflow/dags/meteorisk_dag.py
[2026-09-18T11:17:57.928+0000] {logging_mixin.py:188} INFO - [2026-09-18T11:17:57.928+0000] {dag.py:3089} INFO - Sync 1 DAGs
[2026-09-18T11:17:57.952+0000] {logging_mixin.py:188} INFO - [2026-09-18T11:17:57.951+0000] {dag.py:3947} INFO - Setting next_dagrun for meteorisk_pipeline to 2026-09-18 00:00:00+00:00, run_after=2026-09-19 00:00:00+00:00
[2026-09-18T11:17:57.977+0000] {processor.py:183} INFO - Processing /opt/airflow/dags/meteorisk_dag.py took 0.170 seconds
[2026-09-18T11:18:28.245+0000] {processor.py:161} INFO - Started process (PID=2095) to work on /opt/airflow/dags/meteorisk_dag.py
[2026-09-18T11:18:28.248+0000] {processor.py:830} INFO - Processing file /opt/airflow/dags/meteorisk_dag.py for tasks to queue
[2026-09-18T11:18:28.251+0000] {logging_mixin.py:188} INFO - [2026-09-18T11:18:28.251+0000] {dagbag.py:545} INFO - Filling up the DagBag from /opt/airflow/dags/meteorisk_dag.py
[2026-09-18T11:18:28.298+0000] {processor.py:840} INFO - DAG(s) 'meteorisk_pipeline' retrieved from /opt/airflow/dags/meteorisk_dag.py
[2026-09-18T11:18:28.335+0000] {logging_mixin.py:188} INFO - [2026-09-18T11:18:28.334+0000] {dag.py:3089} INFO - Sync 1 DAGs
[2026-09-18T11:18:28.358+0000] {logging_mixin.py:188} INFO - [2026-09-18T11:18:28.357+0000] {dag.py:3947} INFO - Setting next_dagrun for meteorisk_pipeline to 2026-09-18 00:00:00+00:00, run_after=2026-09-19 00:00:00+00:00
[2026-09-18T11:18:28.385+0000] {processor.py:183} INFO - Processing /opt/airflow/dags/meteorisk_dag.py took 0.149 seconds
[2026-09-18T11:18:58.661+0000] {processor.py:161} INFO - Started process (PID=2100) to work on /opt/airflow/dags/meteorisk_dag.py
[2026-09-18T11:18:58.664+0000] {processor.py:830} INFO - Processing file /opt/airflow/dags/meteorisk_dag.py for tasks to queue
[2026-09-18T11:18:58.670+0000] {logging_mixin.py:188} INFO - [2026-09-18T11:18:58.669+0000] {dagbag.py:545} INFO - Filling up the DagBag from /opt/airflow/dags/meteorisk_dag.py
[2026-09-18T11:18:58.725+0000] {processor.py:840} INFO - DAG(s) 'meteorisk_pipeline' retrieved from /opt/airflow/dags/meteorisk_dag.py
[2026-09-18T11:18:58.767+0000] {logging_mixin.py:188} INFO - [2026-09-18T11:18:58.766+0000] {dag.py:3089} INFO - Sync 1 DAGs
[2026-09-18T11:18:58.795+0000] {logging_mixin.py:188} INFO - [2026-09-18T11:18:58.795+0000] {dag.py:3947} INFO - Setting next_dagrun for meteorisk_pipeline to 2026-09-18 00:00:00+00:00, run_after=2026-09-19 00:00:00+00:00
[2026-09-18T11:18:58.837+0000] {processor.py:183} INFO - Processing /opt/airflow/dags/meteorisk_dag.py took 0.192 seconds
[2026-09-18T11:19:29.014+0000] {processor.py:161} INFO - Started process (PID=2105) to work on /opt/airflow/dags/meteorisk_dag.py
[2026-09-18T11:19:29.016+0000] {processor.py:830} INFO - Processing file /opt/airflow/dags/meteorisk_dag.py for tasks to queue
[2026-09-18T11:19:29.021+0000] {logging_mixin.py:188} INFO - [2026-09-18T11:19:29.020+0000] {dagbag.py:545} INFO - Filling up the DagBag from /opt/airflow/dags/meteorisk_dag.py
[2026-09-18T11:19:29.095+0000] {processor.py:840} INFO - DAG(s) 'meteorisk_pipeline' retrieved from /opt/airflow/dags/meteorisk_dag.py
[2026-09-18T11:19:29.133+0000] {logging_mixin.py:188} INFO - [2026-09-18T11:19:29.133+0000] {dag.py:3089} INFO - Sync 1 DAGs
[2026-09-18T11:19:29.158+0000] {logging_mixin.py:188} INFO - [2026-09-18T11:19:29.158+0000] {dag.py:3947} INFO - Setting next_dagrun for meteorisk_pipeline to 2026-09-18 00:00:00+00:00, run_after=2026-09-19 00:00:00+00:00
[2026-09-18T11:19:29.193+0000] {processor.py:183} INFO - Processing /opt/airflow/dags/meteorisk_dag.py took 0.191 seconds
[2026-09-18T11:19:59.827+0000] {processor.py:161} INFO - Started process (PID=2110) to work on /opt/airflow/dags/meteorisk_dag.py
[2026-09-18T11:19:59.833+0000] {processor.py:830} INFO - Processing file /opt/airflow/dags/meteorisk_dag.py for tasks to queue
[2026-09-18T11:19:59.836+0000] {logging_mixin.py:188} INFO - [2026-09-18T11:19:59.836+0000] {dagbag.py:545} INFO - Filling up the DagBag from /opt/airflow/dags/meteorisk_dag.py
[2026-09-18T11:19:59.934+0000] {processor.py:840} INFO - DAG(s) 'meteorisk_pipeline' retrieved from /opt/airflow/dags/meteorisk_dag.py
[2026-09-18T11:20:00.180+0000] {logging_mixin.py:188} INFO - [2026-09-18T11:20:00.179+0000] {dag.py:3089} INFO - Sync 1 DAGs
[2026-09-18T11:20:00.260+0000] {logging_mixin.py:188} INFO - [2026-09-18T11:20:00.259+0000] {dag.py:3947} INFO - Setting next_dagrun for meteorisk_pipeline to 2026-09-18 00:00:00+00:00, run_after=2026-09-19 00:00:00+00:00
[2026-09-18T11:20:00.360+0000] {processor.py:183} INFO - Processing /opt/airflow/dags/meteorisk_dag.py took 0.555 seconds
[2026-09-18T11:20:30.707+0000] {processor.py:161} INFO - Started process (PID=2115) to work on /opt/airflow/dags/meteorisk_dag.py
[2026-09-18T11:20:30.711+0000] {processor.py:830} INFO - Processing file /opt/airflow/dags/meteorisk_dag.py for tasks to queue
[2026-09-18T11:20:30.716+0000] {logging_mixin.py:188} INFO - [2026-09-18T11:20:30.716+0000] {dagbag.py:545} INFO - Filling up the DagBag from /opt/airflow/dags/meteorisk_dag.py
[2026-09-18T11:20:30.798+0000] {processor.py:840} INFO - DAG(s) 'meteorisk_pipeline' retrieved from /opt/airflow/dags/meteorisk_dag.py
[2026-09-18T11:20:30.908+0000] {logging_mixin.py:188} INFO - [2026-09-18T11:20:30.907+0000] {dag.py:3089} INFO - Sync 1 DAGs
[2026-09-18T11:20:31.034+0000] {logging_mixin.py:188} INFO - [2026-09-18T11:20:31.034+0000] {dag.py:3947} INFO - Setting next_dagrun for meteorisk_pipeline to 2026-09-18 00:00:00+00:00, run_after=2026-09-19 00:00:00+00:00
[2026-09-18T11:20:31.089+0000] {processor.py:183} INFO - Processing /opt/airflow/dags/meteorisk_dag.py took 0.397 seconds
[2026-09-18T11:21:01.426+0000] {processor.py:161} INFO - Started process (PID=2120) to work on /opt/airflow/dags/meteorisk_dag.py
[2026-09-18T11:21:01.428+0000] {processor.py:830} INFO - Processing file /opt/airflow/dags/meteorisk_dag.py for tasks to queue
[2026-09-18T11:21:01.431+0000] {logging_mixin.py:188} INFO - [2026-09-18T11:21:01.431+0000] {dagbag.py:545} INFO - Filling up the DagBag from /opt/airflow/dags/meteorisk_dag.py
[2026-09-18T11:21:01.463+0000] {processor.py:840} INFO - DAG(s) 'meteorisk_pipeline' retrieved from /opt/airflow/dags/meteorisk_dag.py
[2026-09-18T11:21:01.502+0000] {logging_mixin.py:188} INFO - [2026-09-18T11:21:01.502+0000] {dag.py:3089} INFO - Sync 1 DAGs
[2026-09-18T11:21:01.526+0000] {logging_mixin.py:188} INFO - [2026-09-18T11:21:01.525+0000] {dag.py:3947} INFO - Setting next_dagrun for meteorisk_pipeline to 2026-09-18 00:00:00+00:00, run_after=2026-09-19 00:00:00+00:00
[2026-09-18T11:21:01.556+0000] {processor.py:183} INFO - Processing /opt/airflow/dags/meteorisk_dag.py took 0.137 seconds
[2026-09-18T11:21:31.756+0000] {processor.py:161} INFO - Started process (PID=2125) to work on /opt/airflow/dags/meteorisk_dag.py
[2026-09-18T11:21:31.758+0000] {processor.py:830} INFO - Processing file /opt/airflow/dags/meteorisk_dag.py for tasks to queue
[2026-09-18T11:21:31.762+0000] {logging_mixin.py:188} INFO - [2026-09-18T11:21:31.761+0000] {dagbag.py:545} INFO - Filling up the DagBag from /opt/airflow/dags/meteorisk_dag.py
[2026-09-18T11:21:31.800+0000] {processor.py:840} INFO - DAG(s) 'meteorisk_pipeline' retrieved from /opt/airflow/dags/meteorisk_dag.py
[2026-09-18T11:21:31.838+0000] {logging_mixin.py:188} INFO - [2026-09-18T11:21:31.838+0000] {dag.py:3089} INFO - Sync 1 DAGs
[2026-09-18T11:21:31.863+0000] {logging_mixin.py:188} INFO - [2026-09-18T11:21:31.862+0000] {dag.py:3947} INFO - Setting next_dagrun for meteorisk_pipeline to 2026-09-18 00:00:00+00:00, run_after=2026-09-19 00:00:00+00:00
[2026-09-18T11:21:31.890+0000] {processor.py:183} INFO - Processing /opt/airflow/dags/meteorisk_dag.py took 0.141 seconds
[2026-09-18T11:22:02.255+0000] {processor.py:161} INFO - Started process (PID=2130) to work on /opt/airflow/dags/meteorisk_dag.py
[2026-09-18T11:22:02.258+0000] {processor.py:830} INFO - Processing file /opt/airflow/dags/meteorisk_dag.py for tasks to queue
[2026-09-18T11:22:02.264+0000] {logging_mixin.py:188} INFO - [2026-09-18T11:22:02.263+0000] {dagbag.py:545} INFO - Filling up the DagBag from /opt/airflow/dags/meteorisk_dag.py
[2026-09-18T11:22:02.435+0000] {processor.py:840} INFO - DAG(s) 'meteorisk_pipeline' retrieved from /opt/airflow/dags/meteorisk_dag.py
[2026-09-18T11:22:02.528+0000] {logging_mixin.py:188} INFO - [2026-09-18T11:22:02.528+0000] {dag.py:3089} INFO - Sync 1 DAGs
[2026-09-18T11:22:02.571+0000] {logging_mixin.py:188} INFO - [2026-09-18T11:22:02.571+0000] {dag.py:3947} INFO - Setting next_dagrun for meteorisk_pipeline to 2026-09-18 00:00:00+00:00, run_after=2026-09-19 00:00:00+00:00
[2026-09-18T11:22:02.640+0000] {processor.py:183} INFO - Processing /opt/airflow/dags/meteorisk_dag.py took 0.401 seconds
[2026-09-18T11:22:32.960+0000] {processor.py:161} INFO - Started process (PID=2135) to work on /opt/airflow/dags/meteorisk_dag.py
[2026-09-18T11:22:32.963+0000] {processor.py:830} INFO - Processing file /opt/airflow/dags/meteorisk_dag.py for tasks to queue
[2026-09-18T11:22:32.967+0000] {logging_mixin.py:188} INFO - [2026-09-18T11:22:32.967+0000] {dagbag.py:545} INFO - Filling up the DagBag from /opt/airflow/dags/meteorisk_dag.py
[2026-09-18T11:22:33.004+0000] {processor.py:840} INFO - DAG(s) 'meteorisk_pipeline' retrieved from /opt/airflow/dags/meteorisk_dag.py
[2026-09-18T11:22:33.040+0000] {logging_mixin.py:188} INFO - [2026-09-18T11:22:33.040+0000] {dag.py:3089} INFO - Sync 1 DAGs
[2026-09-18T11:22:33.064+0000] {logging_mixin.py:188} INFO - [2026-09-18T11:22:33.064+0000] {dag.py:3947} INFO - Setting next_dagrun for meteorisk_pipeline to 2026-09-18 00:00:00+00:00, run_after=2026-09-19 00:00:00+00:00
[2026-09-18T11:22:33.087+0000] {processor.py:183} INFO - Processing /opt/airflow/dags/meteorisk_dag.py took 0.139 seconds
[2026-09-18T11:23:03.203+0000] {processor.py:161} INFO - Started process (PID=2140) to work on /opt/airflow/dags/meteorisk_dag.py
[2026-09-18T11:23:03.206+0000] {processor.py:830} INFO - Processing file /opt/airflow/dags/meteorisk_dag.py for tasks to queue
[2026-09-18T11:23:03.210+0000] {logging_mixin.py:188} INFO - [2026-09-18T11:23:03.209+0000] {dagbag.py:545} INFO - Filling up the DagBag from /opt/airflow/dags/meteorisk_dag.py
[2026-09-18T11:23:03.256+0000] {processor.py:840} INFO - DAG(s) 'meteorisk_pipeline' retrieved from /opt/airflow/dags/meteorisk_dag.py
[2026-09-18T11:23:03.299+0000] {logging_mixin.py:188} INFO - [2026-09-18T11:23:03.299+0000] {dag.py:3089} INFO - Sync 1 DAGs
[2026-09-18T11:23:03.341+0000] {logging_mixin.py:188} INFO - [2026-09-18T11:23:03.340+0000] {dag.py:3947} INFO - Setting next_dagrun for meteorisk_pipeline to 2026-09-18 00:00:00+00:00, run_after=2026-09-19 00:00:00+00:00
[2026-09-18T11:23:03.368+0000] {processor.py:183} INFO - Processing /opt/airflow/dags/meteorisk_dag.py took 0.175 seconds
[2026-09-18T11:23:33.633+0000] {processor.py:161} INFO - Started process (PID=2145) to work on /opt/airflow/dags/meteorisk_dag.py
[2026-09-18T11:23:33.635+0000] {processor.py:830} INFO - Processing file /opt/airflow/dags/meteorisk_dag.py for tasks to queue
[2026-09-18T11:23:33.638+0000] {logging_mixin.py:188} INFO - [2026-09-18T11:23:33.637+0000] {dagbag.py:545} INFO - Filling up the DagBag from /opt/airflow/dags/meteorisk_dag.py
[2026-09-18T11:23:33.681+0000] {processor.py:840} INFO - DAG(s) 'meteorisk_pipeline' retrieved from /opt/airflow/dags/meteorisk_dag.py
[2026-09-18T11:23:33.720+0000] {logging_mixin.py:188} INFO - [2026-09-18T11:23:33.719+0000] {dag.py:3089} INFO - Sync 1 DAGs
[2026-09-18T11:23:33.744+0000] {logging_mixin.py:188} INFO - [2026-09-18T11:23:33.744+0000] {dag.py:3947} INFO - Setting next_dagrun for meteorisk_pipeline to 2026-09-18 00:00:00+00:00, run_after=2026-09-19 00:00:00+00:00
[2026-09-18T11:23:33.770+0000] {processor.py:183} INFO - Processing /opt/airflow/dags/meteorisk_dag.py took 0.147 seconds
[2026-09-18T11:24:03.991+0000] {processor.py:161} INFO - Started process (PID=2150) to work on /opt/airflow/dags/meteorisk_dag.py
[2026-09-18T11:24:03.993+0000] {processor.py:830} INFO - Processing file /opt/airflow/dags/meteorisk_dag.py for tasks to queue
[2026-09-18T11:24:03.995+0000] {logging_mixin.py:188} INFO - [2026-09-18T11:24:03.994+0000] {dagbag.py:545} INFO - Filling up the DagBag from /opt/airflow/dags/meteorisk_dag.py
[2026-09-18T11:24:04.022+0000] {processor.py:840} INFO - DAG(s) 'meteorisk_pipeline' retrieved from /opt/airflow/dags/meteorisk_dag.py
[2026-09-18T11:24:04.052+0000] {logging_mixin.py:188} INFO - [2026-09-18T11:24:04.051+0000] {dag.py:3089} INFO - Sync 1 DAGs
[2026-09-18T11:24:04.076+0000] {logging_mixin.py:188} INFO - [2026-09-18T11:24:04.076+0000] {dag.py:3947} INFO - Setting next_dagrun for meteorisk_pipeline to 2026-09-18 00:00:00+00:00, run_after=2026-09-19 00:00:00+00:00
[2026-09-18T11:24:04.099+0000] {processor.py:183} INFO - Processing /opt/airflow/dags/meteorisk_dag.py took 0.114 seconds
[2026-09-18T11:24:34.302+0000] {processor.py:161} INFO - Started process (PID=2155) to work on /opt/airflow/dags/meteorisk_dag.py
[2026-09-18T11:24:34.304+0000] {processor.py:830} INFO - Processing file /opt/airflow/dags/meteorisk_dag.py for tasks to queue
[2026-09-18T11:24:34.306+0000] {logging_mixin.py:188} INFO - [2026-09-18T11:24:34.306+0000] {dagbag.py:545} INFO - Filling up the DagBag from /opt/airflow/dags/meteorisk_dag.py
[2026-09-18T11:24:34.351+0000] {processor.py:840} INFO - DAG(s) 'meteorisk_pipeline' retrieved from /opt/airflow/dags/meteorisk_dag.py
[2026-09-18T11:24:34.419+0000] {logging_mixin.py:188} INFO - [2026-09-18T11:24:34.419+0000] {dag.py:3089} INFO - Sync 1 DAGs
[2026-09-18T11:24:34.448+0000] {logging_mixin.py:188} INFO - [2026-09-18T11:24:34.448+0000] {dag.py:3947} INFO - Setting next_dagrun for meteorisk_pipeline to 2026-09-18 00:00:00+00:00, run_after=2026-09-19 00:00:00+00:00
[2026-09-18T11:24:34.476+0000] {processor.py:183} INFO - Processing /opt/airflow/dags/meteorisk_dag.py took 0.180 seconds
[2026-09-18T11:25:04.644+0000] {processor.py:161} INFO - Started process (PID=2160) to work on /opt/airflow/dags/meteorisk_dag.py
[2026-09-18T11:25:04.646+0000] {processor.py:830} INFO - Processing file /opt/airflow/dags/meteorisk_dag.py for tasks to queue
[2026-09-18T11:25:04.649+0000] {logging_mixin.py:188} INFO - [2026-09-18T11:25:04.649+0000] {dagbag.py:545} INFO - Filling up the DagBag from /opt/airflow/dags/meteorisk_dag.py
[2026-09-18T11:25:04.690+0000] {processor.py:840} INFO - DAG(s) 'meteorisk_pipeline' retrieved from /opt/airflow/dags/meteorisk_dag.py
[2026-09-18T11:25:04.726+0000] {logging_mixin.py:188} INFO - [2026-09-18T11:25:04.726+0000] {dag.py:3089} INFO - Sync 1 DAGs
[2026-09-18T11:25:04.750+0000] {logging_mixin.py:188} INFO - [2026-09-18T11:25:04.750+0000] {dag.py:3947} INFO - Setting next_dagrun for meteorisk_pipeline to 2026-09-18 00:00:00+00:00, run_after=2026-09-19 00:00:00+00:00
[2026-09-18T11:25:04.775+0000] {processor.py:183} INFO - Processing /opt/airflow/dags/meteorisk_dag.py took 0.142 seconds
[2026-09-18T11:25:35.006+0000] {processor.py:161} INFO - Started process (PID=2165) to work on /opt/airflow/dags/meteorisk_dag.py
[2026-09-18T11:25:35.007+0000] {processor.py:830} INFO - Processing file /opt/airflow/dags/meteorisk_dag.py for tasks to queue
[2026-09-18T11:25:35.011+0000] {logging_mixin.py:188} INFO - [2026-09-18T11:25:35.010+0000] {dagbag.py:545} INFO - Filling up the DagBag from /opt/airflow/dags/meteorisk_dag.py
[2026-09-18T11:25:35.071+0000] {processor.py:840} INFO - DAG(s) 'meteorisk_pipeline' retrieved from /opt/airflow/dags/meteorisk_dag.py
[2026-09-18T11:25:35.136+0000] {logging_mixin.py:188} INFO - [2026-09-18T11:25:35.136+0000] {dag.py:3089} INFO - Sync 1 DAGs
[2026-09-18T11:25:35.167+0000] {logging_mixin.py:188} INFO - [2026-09-18T11:25:35.167+0000] {dag.py:3947} INFO - Setting next_dagrun for meteorisk_pipeline to 2026-09-18 00:00:00+00:00, run_after=2026-09-19 00:00:00+00:00
[2026-09-18T11:25:35.193+0000] {processor.py:183} INFO - Processing /opt/airflow/dags/meteorisk_dag.py took 0.194 seconds
[2026-09-18T11:26:05.376+0000] {processor.py:161} INFO - Started process (PID=2170) to work on /opt/airflow/dags/meteorisk_dag.py
[2026-09-18T11:26:05.381+0000] {processor.py:830} INFO - Processing file /opt/airflow/dags/meteorisk_dag.py for tasks to queue
[2026-09-18T11:26:05.387+0000] {logging_mixin.py:188} INFO - [2026-09-18T11:26:05.386+0000] {dagbag.py:545} INFO - Filling up the DagBag from /opt/airflow/dags/meteorisk_dag.py
[2026-09-18T11:26:05.450+0000] {processor.py:840} INFO - DAG(s) 'meteorisk_pipeline' retrieved from /opt/airflow/dags/meteorisk_dag.py
[2026-09-18T11:26:05.503+0000] {logging_mixin.py:188} INFO - [2026-09-18T11:26:05.503+0000] {dag.py:3089} INFO - Sync 1 DAGs
[2026-09-18T11:26:05.544+0000] {logging_mixin.py:188} INFO - [2026-09-18T11:26:05.543+0000] {dag.py:3947} INFO - Setting next_dagrun for meteorisk_pipeline to 2026-09-18 00:00:00+00:00, run_after=2026-09-19 00:00:00+00:00
[2026-09-18T11:26:05.597+0000] {processor.py:183} INFO - Processing /opt/airflow/dags/meteorisk_dag.py took 0.233 seconds
[2026-09-18T11:26:35.820+0000] {processor.py:161} INFO - Started process (PID=2175) to work on /opt/airflow/dags/meteorisk_dag.py
[2026-09-18T11:26:35.823+0000] {processor.py:830} INFO - Processing file /opt/airflow/dags/meteorisk_dag.py for tasks to queue
[2026-09-18T11:26:35.826+0000] {logging_mixin.py:188} INFO - [2026-09-18T11:26:35.825+0000] {dagbag.py:545} INFO - Filling up the DagBag from /opt/airflow/dags/meteorisk_dag.py
[2026-09-18T11:26:35.900+0000] {processor.py:840} INFO - DAG(s) 'meteorisk_pipeline' retrieved from /opt/airflow/dags/meteorisk_dag.py
[2026-09-18T11:26:35.963+0000] {logging_mixin.py:188} INFO - [2026-09-18T11:26:35.962+0000] {dag.py:3089} INFO - Sync 1 DAGs
[2026-09-18T11:26:35.991+0000] {logging_mixin.py:188} INFO - [2026-09-18T11:26:35.991+0000] {dag.py:3947} INFO - Setting next_dagrun for meteorisk_pipeline to 2026-09-18 00:00:00+00:00, run_after=2026-09-19 00:00:00+00:00
[2026-09-18T11:26:36.033+0000] {processor.py:183} INFO - Processing /opt/airflow/dags/meteorisk_dag.py took 0.222 seconds
[2026-09-18T11:27:06.276+0000] {processor.py:161} INFO - Started process (PID=2180) to work on /opt/airflow/dags/meteorisk_dag.py
[2026-09-18T11:27:06.279+0000] {processor.py:830} INFO - Processing file /opt/airflow/dags/meteorisk_dag.py for tasks to queue
[2026-09-18T11:27:06.283+0000] {logging_mixin.py:188} INFO - [2026-09-18T11:27:06.282+0000] {dagbag.py:545} INFO - Filling up the DagBag from /opt/airflow/dags/meteorisk_dag.py
[2026-09-18T11:27:06.332+0000] {processor.py:840} INFO - DAG(s) 'meteorisk_pipeline' retrieved from /opt/airflow/dags/meteorisk_dag.py
[2026-09-18T11:27:06.402+0000] {logging_mixin.py:188} INFO - [2026-09-18T11:27:06.402+0000] {dag.py:3089} INFO - Sync 1 DAGs
[2026-09-18T11:27:06.513+0000] {logging_mixin.py:188} INFO - [2026-09-18T11:27:06.513+0000] {dag.py:3947} INFO - Setting next_dagrun for meteorisk_pipeline to 2026-09-18 00:00:00+00:00, run_after=2026-09-19 00:00:00+00:00
[2026-09-18T11:27:06.553+0000] {processor.py:183} INFO - Processing /opt/airflow/dags/meteorisk_dag.py took 0.286 seconds
[2026-09-18T11:27:36.759+0000] {processor.py:161} INFO - Started process (PID=2185) to work on /opt/airflow/dags/meteorisk_dag.py
[2026-09-18T11:27:36.761+0000] {processor.py:830} INFO - Processing file /opt/airflow/dags/meteorisk_dag.py for tasks to queue
[2026-09-18T11:27:36.765+0000] {logging_mixin.py:188} INFO - [2026-09-18T11:27:36.764+0000] {dagbag.py:545} INFO - Filling up the DagBag from /opt/airflow/dags/meteorisk_dag.py
[2026-09-18T11:27:36.829+0000] {processor.py:840} INFO - DAG(s) 'meteorisk_pipeline' retrieved from /opt/airflow/dags/meteorisk_dag.py
[2026-09-18T11:27:36.887+0000] {logging_mixin.py:188} INFO - [2026-09-18T11:27:36.887+0000] {dag.py:3089} INFO - Sync 1 DAGs
[2026-09-18T11:27:36.920+0000] {logging_mixin.py:188} INFO - [2026-09-18T11:27:36.919+0000] {dag.py:3947} INFO - Setting next_dagrun for meteorisk_pipeline to 2026-09-18 00:00:00+00:00, run_after=2026-09-19 00:00:00+00:00
[2026-09-18T11:27:36.947+0000] {processor.py:183} INFO - Processing /opt/airflow/dags/meteorisk_dag.py took 0.196 seconds
[2026-09-18T11:28:07.267+0000] {processor.py:161} INFO - Started process (PID=2190) to work on /opt/airflow/dags/meteorisk_dag.py
[2026-09-18T11:28:07.269+0000] {processor.py:830} INFO - Processing file /opt/airflow/dags/meteorisk_dag.py for tasks to queue
[2026-09-18T11:28:07.272+0000] {logging_mixin.py:188} INFO - [2026-09-18T11:28:07.271+0000] {dagbag.py:545} INFO - Filling up the DagBag from /opt/airflow/dags/meteorisk_dag.py
[2026-09-18T11:28:07.313+0000] {processor.py:840} INFO - DAG(s) 'meteorisk_pipeline' retrieved from /opt/airflow/dags/meteorisk_dag.py
[2026-09-18T11:28:07.359+0000] {logging_mixin.py:188} INFO - [2026-09-18T11:28:07.359+0000] {dag.py:3089} INFO - Sync 1 DAGs
[2026-09-18T11:28:07.389+0000] {logging_mixin.py:188} INFO - [2026-09-18T11:28:07.388+0000] {dag.py:3947} INFO - Setting next_dagrun for meteorisk_pipeline to 2026-09-18 00:00:00+00:00, run_after=2026-09-19 00:00:00+00:00
[2026-09-18T11:28:07.641+0000] {processor.py:183} INFO - Processing /opt/airflow/dags/meteorisk_dag.py took 0.382 seconds
[2026-09-18T11:28:38.070+0000] {processor.py:161} INFO - Started process (PID=2195) to work on /opt/airflow/dags/meteorisk_dag.py
[2026-09-18T11:28:38.074+0000] {processor.py:830} INFO - Processing file /opt/airflow/dags/meteorisk_dag.py for tasks to queue
[2026-09-18T11:28:38.079+0000] {logging_mixin.py:188} INFO - [2026-09-18T11:28:38.078+0000] {dagbag.py:545} INFO - Filling up the DagBag from /opt/airflow/dags/meteorisk_dag.py
[2026-09-18T11:28:38.146+0000] {processor.py:840} INFO - DAG(s) 'meteorisk_pipeline' retrieved from /opt/airflow/dags/meteorisk_dag.py
[2026-09-18T11:28:38.206+0000] {logging_mixin.py:188} INFO - [2026-09-18T11:28:38.206+0000] {dag.py:3089} INFO - Sync 1 DAGs
[2026-09-18T11:28:38.243+0000] {logging_mixin.py:188} INFO - [2026-09-18T11:28:38.242+0000] {dag.py:3947} INFO - Setting next_dagrun for meteorisk_pipeline to 2026-09-18 00:00:00+00:00, run_after=2026-09-19 00:00:00+00:00
[2026-09-18T11:28:38.280+0000] {processor.py:183} INFO - Processing /opt/airflow/dags/meteorisk_dag.py took 0.224 seconds
[2026-09-18T11:29:08.482+0000] {processor.py:161} INFO - Started process (PID=2200) to work on /opt/airflow/dags/meteorisk_dag.py
[2026-09-18T11:29:08.485+0000] {processor.py:830} INFO - Processing file /opt/airflow/dags/meteorisk_dag.py for tasks to queue
[2026-09-18T11:29:08.489+0000] {logging_mixin.py:188} INFO - [2026-09-18T11:29:08.489+0000] {dagbag.py:545} INFO - Filling up the DagBag from /opt/airflow/dags/meteorisk_dag.py
[2026-09-18T11:29:08.539+0000] {processor.py:840} INFO - DAG(s) 'meteorisk_pipeline' retrieved from /opt/airflow/dags/meteorisk_dag.py
[2026-09-18T11:29:08.583+0000] {logging_mixin.py:188} INFO - [2026-09-18T11:29:08.583+0000] {dag.py:3089} INFO - Sync 1 DAGs
[2026-09-18T11:29:08.615+0000] {logging_mixin.py:188} INFO - [2026-09-18T11:29:08.615+0000] {dag.py:3947} INFO - Setting next_dagrun for meteorisk_pipeline to 2026-09-18 00:00:00+00:00, run_after=2026-09-19 00:00:00+00:00
[2026-09-18T11:29:08.664+0000] {processor.py:183} INFO - Processing /opt/airflow/dags/meteorisk_dag.py took 0.191 seconds
[2026-09-18T11:29:38.946+0000] {processor.py:161} INFO - Started process (PID=2205) to work on /opt/airflow/dags/meteorisk_dag.py
[2026-09-18T11:29:38.947+0000] {processor.py:830} INFO - Processing file /opt/airflow/dags/meteorisk_dag.py for tasks to queue
[2026-09-18T11:29:38.949+0000] {logging_mixin.py:188} INFO - [2026-09-18T11:29:38.949+0000] {dagbag.py:545} INFO - Filling up the DagBag from /opt/airflow/dags/meteorisk_dag.py
[2026-09-18T11:29:38.989+0000] {processor.py:840} INFO - DAG(s) 'meteorisk_pipeline' retrieved from /opt/airflow/dags/meteorisk_dag.py
[2026-09-18T11:29:39.038+0000] {logging_mixin.py:188} INFO - [2026-09-18T11:29:39.038+0000] {dag.py:3089} INFO - Sync 1 DAGs
[2026-09-18T11:29:39.065+0000] {logging_mixin.py:188} INFO - [2026-09-18T11:29:39.064+0000] {dag.py:3947} INFO - Setting next_dagrun for meteorisk_pipeline to 2026-09-18 00:00:00+00:00, run_after=2026-09-19 00:00:00+00:00
[2026-09-18T11:29:39.096+0000] {processor.py:183} INFO - Processing /opt/airflow/dags/meteorisk_dag.py took 0.161 seconds
[2026-09-18T11:30:09.375+0000] {processor.py:161} INFO - Started process (PID=2210) to work on /opt/airflow/dags/meteorisk_dag.py
[2026-09-18T11:30:09.377+0000] {processor.py:830} INFO - Processing file /opt/airflow/dags/meteorisk_dag.py for tasks to queue
[2026-09-18T11:30:09.380+0000] {logging_mixin.py:188} INFO - [2026-09-18T11:30:09.380+0000] {dagbag.py:545} INFO - Filling up the DagBag from /opt/airflow/dags/meteorisk_dag.py
[2026-09-18T11:30:09.427+0000] {processor.py:840} INFO - DAG(s) 'meteorisk_pipeline' retrieved from /opt/airflow/dags/meteorisk_dag.py
[2026-09-18T11:30:09.470+0000] {logging_mixin.py:188} INFO - [2026-09-18T11:30:09.470+0000] {dag.py:3089} INFO - Sync 1 DAGs
[2026-09-18T11:30:09.495+0000] {logging_mixin.py:188} INFO - [2026-09-18T11:30:09.495+0000] {dag.py:3947} INFO - Setting next_dagrun for meteorisk_pipeline to 2026-09-18 00:00:00+00:00, run_after=2026-09-19 00:00:00+00:00
[2026-09-18T11:30:09.534+0000] {processor.py:183} INFO - Processing /opt/airflow/dags/meteorisk_dag.py took 0.167 seconds
[2026-09-18T11:30:39.732+0000] {processor.py:161} INFO - Started process (PID=2215) to work on /opt/airflow/dags/meteorisk_dag.py
[2026-09-18T11:30:39.734+0000] {processor.py:830} INFO - Processing file /opt/airflow/dags/meteorisk_dag.py for tasks to queue
[2026-09-18T11:30:39.739+0000] {logging_mixin.py:188} INFO - [2026-09-18T11:30:39.738+0000] {dagbag.py:545} INFO - Filling up the DagBag from /opt/airflow/dags/meteorisk_dag.py
[2026-09-18T11:30:39.800+0000] {processor.py:840} INFO - DAG(s) 'meteorisk_pipeline' retrieved from /opt/airflow/dags/meteorisk_dag.py
[2026-09-18T11:30:39.855+0000] {logging_mixin.py:188} INFO - [2026-09-18T11:30:39.854+0000] {dag.py:3089} INFO - Sync 1 DAGs
[2026-09-18T11:30:39.880+0000] {logging_mixin.py:188} INFO - [2026-09-18T11:30:39.880+0000] {dag.py:3947} INFO - Setting next_dagrun for meteorisk_pipeline to 2026-09-18 00:00:00+00:00, run_after=2026-09-19 00:00:00+00:00
[2026-09-18T11:30:39.917+0000] {processor.py:183} INFO - Processing /opt/airflow/dags/meteorisk_dag.py took 0.196 seconds
[2026-09-18T11:31:10.140+0000] {processor.py:161} INFO - Started process (PID=2220) to work on /opt/airflow/dags/meteorisk_dag.py
[2026-09-18T11:31:10.141+0000] {processor.py:830} INFO - Processing file /opt/airflow/dags/meteorisk_dag.py for tasks to queue
[2026-09-18T11:31:10.144+0000] {logging_mixin.py:188} INFO - [2026-09-18T11:31:10.143+0000] {dagbag.py:545} INFO - Filling up the DagBag from /opt/airflow/dags/meteorisk_dag.py
[2026-09-18T11:31:10.202+0000] {processor.py:840} INFO - DAG(s) 'meteorisk_pipeline' retrieved from /opt/airflow/dags/meteorisk_dag.py
[2026-09-18T11:31:10.254+0000] {logging_mixin.py:188} INFO - [2026-09-18T11:31:10.254+0000] {dag.py:3089} INFO - Sync 1 DAGs
[2026-09-18T11:31:10.280+0000] {logging_mixin.py:188} INFO - [2026-09-18T11:31:10.280+0000] {dag.py:3947} INFO - Setting next_dagrun for meteorisk_pipeline to 2026-09-18 00:00:00+00:00, run_after=2026-09-19 00:00:00+00:00
[2026-09-18T11:31:10.319+0000] {processor.py:183} INFO - Processing /opt/airflow/dags/meteorisk_dag.py took 0.187 seconds
[2026-09-18T11:31:40.490+0000] {processor.py:161} INFO - Started process (PID=2225) to work on /opt/airflow/dags/meteorisk_dag.py
[2026-09-18T11:31:40.491+0000] {processor.py:830} INFO - Processing file /opt/airflow/dags/meteorisk_dag.py for tasks to queue
[2026-09-18T11:31:40.494+0000] {logging_mixin.py:188} INFO - [2026-09-18T11:31:40.493+0000] {dagbag.py:545} INFO - Filling up the DagBag from /opt/airflow/dags/meteorisk_dag.py
[2026-09-18T11:31:40.546+0000] {processor.py:840} INFO - DAG(s) 'meteorisk_pipeline' retrieved from /opt/airflow/dags/meteorisk_dag.py
[2026-09-18T11:31:40.589+0000] {logging_mixin.py:188} INFO - [2026-09-18T11:31:40.588+0000] {dag.py:3089} INFO - Sync 1 DAGs
[2026-09-18T11:31:40.614+0000] {logging_mixin.py:188} INFO - [2026-09-18T11:31:40.614+0000] {dag.py:3947} INFO - Setting next_dagrun for meteorisk_pipeline to 2026-09-18 00:00:00+00:00, run_after=2026-09-19 00:00:00+00:00
[2026-09-18T11:31:40.638+0000] {processor.py:183} INFO - Processing /opt/airflow/dags/meteorisk_dag.py took 0.155 seconds
[2026-09-18T11:32:10.883+0000] {processor.py:161} INFO - Started process (PID=2230) to work on /opt/airflow/dags/meteorisk_dag.py
[2026-09-18T11:32:10.886+0000] {processor.py:830} INFO - Processing file /opt/airflow/dags/meteorisk_dag.py for tasks to queue
[2026-09-18T11:32:10.891+0000] {logging_mixin.py:188} INFO - [2026-09-18T11:32:10.890+0000] {dagbag.py:545} INFO - Filling up the DagBag from /opt/airflow/dags/meteorisk_dag.py
[2026-09-18T11:32:10.940+0000] {processor.py:840} INFO - DAG(s) 'meteorisk_pipeline' retrieved from /opt/airflow/dags/meteorisk_dag.py
[2026-09-18T11:32:10.985+0000] {logging_mixin.py:188} INFO - [2026-09-18T11:32:10.984+0000] {dag.py:3089} INFO - Sync 1 DAGs
[2026-09-18T11:32:11.008+0000] {logging_mixin.py:188} INFO - [2026-09-18T11:32:11.008+0000] {dag.py:3947} INFO - Setting next_dagrun for meteorisk_pipeline to 2026-09-18 00:00:00+00:00, run_after=2026-09-19 00:00:00+00:00
[2026-09-18T11:32:11.035+0000] {processor.py:183} INFO - Processing /opt/airflow/dags/meteorisk_dag.py took 0.164 seconds
[2026-09-18T11:32:41.271+0000] {processor.py:161} INFO - Started process (PID=2235) to work on /opt/airflow/dags/meteorisk_dag.py
[2026-09-18T11:32:41.273+0000] {processor.py:830} INFO - Processing file /opt/airflow/dags/meteorisk_dag.py for tasks to queue
[2026-09-18T11:32:41.277+0000] {logging_mixin.py:188} INFO - [2026-09-18T11:32:41.277+0000] {dagbag.py:545} INFO - Filling up the DagBag from /opt/airflow/dags/meteorisk_dag.py
[2026-09-18T11:32:41.322+0000] {processor.py:840} INFO - DAG(s) 'meteorisk_pipeline' retrieved from /opt/airflow/dags/meteorisk_dag.py
[2026-09-18T11:32:41.363+0000] {logging_mixin.py:188} INFO - [2026-09-18T11:32:41.362+0000] {dag.py:3089} INFO - Sync 1 DAGs
[2026-09-18T11:32:41.395+0000] {logging_mixin.py:188} INFO - [2026-09-18T11:32:41.395+0000] {dag.py:3947} INFO - Setting next_dagrun for meteorisk_pipeline to 2026-09-18 00:00:00+00:00, run_after=2026-09-19 00:00:00+00:00
[2026-09-18T11:32:41.425+0000] {processor.py:183} INFO - Processing /opt/airflow/dags/meteorisk_dag.py took 0.164 seconds
[2026-09-18T11:33:11.696+0000] {processor.py:161} INFO - Started process (PID=2240) to work on /opt/airflow/dags/meteorisk_dag.py
[2026-09-18T11:33:11.698+0000] {processor.py:830} INFO - Processing file /opt/airflow/dags/meteorisk_dag.py for tasks to queue
[2026-09-18T11:33:11.702+0000] {logging_mixin.py:188} INFO - [2026-09-18T11:33:11.701+0000] {dagbag.py:545} INFO - Filling up the DagBag from /opt/airflow/dags/meteorisk_dag.py
[2026-09-18T11:33:11.773+0000] {processor.py:840} INFO - DAG(s) 'meteorisk_pipeline' retrieved from /opt/airflow/dags/meteorisk_dag.py
[2026-09-18T11:33:11.844+0000] {logging_mixin.py:188} INFO - [2026-09-18T11:33:11.844+0000] {dag.py:3089} INFO - Sync 1 DAGs
[2026-09-18T11:33:11.872+0000] {logging_mixin.py:188} INFO - [2026-09-18T11:33:11.871+0000] {dag.py:3947} INFO - Setting next_dagrun for meteorisk_pipeline to 2026-09-18 00:00:00+00:00, run_after=2026-09-19 00:00:00+00:00
[2026-09-18T11:33:11.896+0000] {processor.py:183} INFO - Processing /opt/airflow/dags/meteorisk_dag.py took 0.214 seconds
[2026-09-18T11:33:41.994+0000] {processor.py:161} INFO - Started process (PID=2245) to work on /opt/airflow/dags/meteorisk_dag.py
[2026-09-18T11:33:41.997+0000] {processor.py:830} INFO - Processing file /opt/airflow/dags/meteorisk_dag.py for tasks to queue
[2026-09-18T11:33:42.000+0000] {logging_mixin.py:188} INFO - [2026-09-18T11:33:41.999+0000] {dagbag.py:545} INFO - Filling up the DagBag from /opt/airflow/dags/meteorisk_dag.py
[2026-09-18T11:33:42.044+0000] {processor.py:840} INFO - DAG(s) 'meteorisk_pipeline' retrieved from /opt/airflow/dags/meteorisk_dag.py
[2026-09-18T11:33:42.083+0000] {logging_mixin.py:188} INFO - [2026-09-18T11:33:42.083+0000] {dag.py:3089} INFO - Sync 1 DAGs
[2026-09-18T11:33:42.107+0000] {logging_mixin.py:188} INFO - [2026-09-18T11:33:42.107+0000] {dag.py:3947} INFO - Setting next_dagrun for meteorisk_pipeline to 2026-09-18 00:00:00+00:00, run_after=2026-09-19 00:00:00+00:00
[2026-09-18T11:33:42.133+0000] {processor.py:183} INFO - Processing /opt/airflow/dags/meteorisk_dag.py took 0.149 seconds
[2026-09-18T11:34:12.278+0000] {processor.py:161} INFO - Started process (PID=2250) to work on /opt/airflow/dags/meteorisk_dag.py
[2026-09-18T11:34:12.280+0000] {processor.py:830} INFO - Processing file /opt/airflow/dags/meteorisk_dag.py for tasks to queue
[2026-09-18T11:34:12.283+0000] {logging_mixin.py:188} INFO - [2026-09-18T11:34:12.282+0000] {dagbag.py:545} INFO - Filling up the DagBag from /opt/airflow/dags/meteorisk_dag.py
[2026-09-18T11:34:12.323+0000] {processor.py:840} INFO - DAG(s) 'meteorisk_pipeline' retrieved from /opt/airflow/dags/meteorisk_dag.py
[2026-09-18T11:34:12.370+0000] {logging_mixin.py:188} INFO - [2026-09-18T11:34:12.370+0000] {dag.py:3089} INFO - Sync 1 DAGs
[2026-09-18T11:34:12.394+0000] {logging_mixin.py:188} INFO - [2026-09-18T11:34:12.394+0000] {dag.py:3947} INFO - Setting next_dagrun for meteorisk_pipeline to 2026-09-18 00:00:00+00:00, run_after=2026-09-19 00:00:00+00:00
[2026-09-18T11:34:12.419+0000] {processor.py:183} INFO - Processing /opt/airflow/dags/meteorisk_dag.py took 0.148 seconds
[2026-09-18T11:34:42.564+0000] {processor.py:161} INFO - Started process (PID=2255) to work on /opt/airflow/dags/meteorisk_dag.py
[2026-09-18T11:34:42.566+0000] {processor.py:830} INFO - Processing file /opt/airflow/dags/meteorisk_dag.py for tasks to queue
[2026-09-18T11:34:42.571+0000] {logging_mixin.py:188} INFO - [2026-09-18T11:34:42.571+0000] {dagbag.py:545} INFO - Filling up the DagBag from /opt/airflow/dags/meteorisk_dag.py
[2026-09-18T11:34:42.622+0000] {processor.py:840} INFO - DAG(s) 'meteorisk_pipeline' retrieved from /opt/airflow/dags/meteorisk_dag.py
[2026-09-18T11:34:42.665+0000] {logging_mixin.py:188} INFO - [2026-09-18T11:34:42.665+0000] {dag.py:3089} INFO - Sync 1 DAGs
[2026-09-18T11:34:42.690+0000] {logging_mixin.py:188} INFO - [2026-09-18T11:34:42.689+0000] {dag.py:3947} INFO - Setting next_dagrun for meteorisk_pipeline to 2026-09-18 00:00:00+00:00, run_after=2026-09-19 00:00:00+00:00
[2026-09-18T11:34:42.713+0000] {processor.py:183} INFO - Processing /opt/airflow/dags/meteorisk_dag.py took 0.155 seconds
[2026-09-18T11:35:12.977+0000] {processor.py:161} INFO - Started process (PID=2260) to work on /opt/airflow/dags/meteorisk_dag.py
[2026-09-18T11:35:12.979+0000] {processor.py:830} INFO - Processing file /opt/airflow/dags/meteorisk_dag.py for tasks to queue
[2026-09-18T11:35:12.982+0000] {logging_mixin.py:188} INFO - [2026-09-18T11:35:12.982+0000] {dagbag.py:545} INFO - Filling up the DagBag from /opt/airflow/dags/meteorisk_dag.py
[2026-09-18T11:35:13.026+0000] {processor.py:840} INFO - DAG(s) 'meteorisk_pipeline' retrieved from /opt/airflow/dags/meteorisk_dag.py
[2026-09-18T11:35:13.077+0000] {logging_mixin.py:188} INFO - [2026-09-18T11:35:13.077+0000] {dag.py:3089} INFO - Sync 1 DAGs
[2026-09-18T11:35:13.102+0000] {logging_mixin.py:188} INFO - [2026-09-18T11:35:13.102+0000] {dag.py:3947} INFO - Setting next_dagrun for meteorisk_pipeline to 2026-09-18 00:00:00+00:00, run_after=2026-09-19 00:00:00+00:00
[2026-09-18T11:35:13.132+0000] {processor.py:183} INFO - Processing /opt/airflow/dags/meteorisk_dag.py took 0.163 seconds
[2026-09-18T11:35:43.341+0000] {processor.py:161} INFO - Started process (PID=2265) to work on /opt/airflow/dags/meteorisk_dag.py
[2026-09-18T11:35:43.343+0000] {processor.py:830} INFO - Processing file /opt/airflow/dags/meteorisk_dag.py for tasks to queue
[2026-09-18T11:35:43.347+0000] {logging_mixin.py:188} INFO - [2026-09-18T11:35:43.347+0000] {dagbag.py:545} INFO - Filling up the DagBag from /opt/airflow/dags/meteorisk_dag.py
[2026-09-18T11:35:43.403+0000] {processor.py:840} INFO - DAG(s) 'meteorisk_pipeline' retrieved from /opt/airflow/dags/meteorisk_dag.py
[2026-09-18T11:35:43.441+0000] {logging_mixin.py:188} INFO - [2026-09-18T11:35:43.441+0000] {dag.py:3089} INFO - Sync 1 DAGs
[2026-09-18T11:35:43.482+0000] {logging_mixin.py:188} INFO - [2026-09-18T11:35:43.481+0000] {dag.py:3947} INFO - Setting next_dagrun for meteorisk_pipeline to 2026-09-18 00:00:00+00:00, run_after=2026-09-19 00:00:00+00:00
[2026-09-18T11:35:43.519+0000] {processor.py:183} INFO - Processing /opt/airflow/dags/meteorisk_dag.py took 0.192 seconds
[2026-09-18T11:36:13.721+0000] {processor.py:161} INFO - Started process (PID=2270) to work on /opt/airflow/dags/meteorisk_dag.py
[2026-09-18T11:36:13.723+0000] {processor.py:830} INFO - Processing file /opt/airflow/dags/meteorisk_dag.py for tasks to queue
[2026-09-18T11:36:13.728+0000] {logging_mixin.py:188} INFO - [2026-09-18T11:36:13.728+0000] {dagbag.py:545} INFO - Filling up the DagBag from /opt/airflow/dags/meteorisk_dag.py
[2026-09-18T11:36:13.794+0000] {processor.py:840} INFO - DAG(s) 'meteorisk_pipeline' retrieved from /opt/airflow/dags/meteorisk_dag.py
[2026-09-18T11:36:13.828+0000] {logging_mixin.py:188} INFO - [2026-09-18T11:36:13.828+0000] {dag.py:3089} INFO - Sync 1 DAGs
[2026-09-18T11:36:13.852+0000] {logging_mixin.py:188} INFO - [2026-09-18T11:36:13.852+0000] {dag.py:3947} INFO - Setting next_dagrun for meteorisk_pipeline to 2026-09-18 00:00:00+00:00, run_after=2026-09-19 00:00:00+00:00
[2026-09-18T11:36:13.878+0000] {processor.py:183} INFO - Processing /opt/airflow/dags/meteorisk_dag.py took 0.170 seconds
[2026-09-18T11:36:44.145+0000] {processor.py:161} INFO - Started process (PID=2275) to work on /opt/airflow/dags/meteorisk_dag.py
[2026-09-18T11:36:44.149+0000] {processor.py:830} INFO - Processing file /opt/airflow/dags/meteorisk_dag.py for tasks to queue
[2026-09-18T11:36:44.156+0000] {logging_mixin.py:188} INFO - [2026-09-18T11:36:44.155+0000] {dagbag.py:545} INFO - Filling up the DagBag from /opt/airflow/dags/meteorisk_dag.py
[2026-09-18T11:36:44.216+0000] {processor.py:840} INFO - DAG(s) 'meteorisk_pipeline' retrieved from /opt/airflow/dags/meteorisk_dag.py
[2026-09-18T11:36:44.275+0000] {logging_mixin.py:188} INFO - [2026-09-18T11:36:44.275+0000] {dag.py:3089} INFO - Sync 1 DAGs
[2026-09-18T11:36:44.314+0000] {logging_mixin.py:188} INFO - [2026-09-18T11:36:44.313+0000] {dag.py:3947} INFO - Setting next_dagrun for meteorisk_pipeline to 2026-09-18 00:00:00+00:00, run_after=2026-09-19 00:00:00+00:00
[2026-09-18T11:36:44.344+0000] {processor.py:183} INFO - Processing /opt/airflow/dags/meteorisk_dag.py took 0.215 seconds
[2026-09-18T11:37:14.530+0000] {processor.py:161} INFO - Started process (PID=2280) to work on /opt/airflow/dags/meteorisk_dag.py
[2026-09-18T11:37:14.532+0000] {processor.py:830} INFO - Processing file /opt/airflow/dags/meteorisk_dag.py for tasks to queue
[2026-09-18T11:37:14.536+0000] {logging_mixin.py:188} INFO - [2026-09-18T11:37:14.536+0000] {dagbag.py:545} INFO - Filling up the DagBag from /opt/airflow/dags/meteorisk_dag.py
[2026-09-18T11:37:14.605+0000] {processor.py:840} INFO - DAG(s) 'meteorisk_pipeline' retrieved from /opt/airflow/dags/meteorisk_dag.py
[2026-09-18T11:37:14.659+0000] {logging_mixin.py:188} INFO - [2026-09-18T11:37:14.659+0000] {dag.py:3089} INFO - Sync 1 DAGs
[2026-09-18T11:37:14.687+0000] {logging_mixin.py:188} INFO - [2026-09-18T11:37:14.687+0000] {dag.py:3947} INFO - Setting next_dagrun for meteorisk_pipeline to 2026-09-18 00:00:00+00:00, run_after=2026-09-19 00:00:00+00:00
[2026-09-18T11:37:14.721+0000] {processor.py:183} INFO - Processing /opt/airflow/dags/meteorisk_dag.py took 0.205 seconds
[2026-09-18T11:37:44.976+0000] {processor.py:161} INFO - Started process (PID=2285) to work on /opt/airflow/dags/meteorisk_dag.py
[2026-09-18T11:37:44.979+0000] {processor.py:830} INFO - Processing file /opt/airflow/dags/meteorisk_dag.py for tasks to queue
[2026-09-18T11:37:44.983+0000] {logging_mixin.py:188} INFO - [2026-09-18T11:37:44.983+0000] {dagbag.py:545} INFO - Filling up the DagBag from /opt/airflow/dags/meteorisk_dag.py
[2026-09-18T11:37:45.040+0000] {processor.py:840} INFO - DAG(s) 'meteorisk_pipeline' retrieved from /opt/airflow/dags/meteorisk_dag.py
[2026-09-18T11:37:45.090+0000] {logging_mixin.py:188} INFO - [2026-09-18T11:37:45.090+0000] {dag.py:3089} INFO - Sync 1 DAGs
[2026-09-18T11:37:45.116+0000] {logging_mixin.py:188} INFO - [2026-09-18T11:37:45.116+0000] {dag.py:3947} INFO - Setting next_dagrun for meteorisk_pipeline to 2026-09-18 00:00:00+00:00, run_after=2026-09-19 00:00:00+00:00
[2026-09-18T11:37:45.142+0000] {processor.py:183} INFO - Processing /opt/airflow/dags/meteorisk_dag.py took 0.177 seconds
[2026-09-18T11:38:15.336+0000] {processor.py:161} INFO - Started process (PID=2290) to work on /opt/airflow/dags/meteorisk_dag.py
[2026-09-18T11:38:15.339+0000] {processor.py:830} INFO - Processing file /opt/airflow/dags/meteorisk_dag.py for tasks to queue
[2026-09-18T11:38:15.344+0000] {logging_mixin.py:188} INFO - [2026-09-18T11:38:15.344+0000] {dagbag.py:545} INFO - Filling up the DagBag from /opt/airflow/dags/meteorisk_dag.py
[2026-09-18T11:38:15.400+0000] {processor.py:840} INFO - DAG(s) 'meteorisk_pipeline' retrieved from /opt/airflow/dags/meteorisk_dag.py
[2026-09-18T11:38:15.437+0000] {logging_mixin.py:188} INFO - [2026-09-18T11:38:15.437+0000] {dag.py:3089} INFO - Sync 1 DAGs
[2026-09-18T11:38:15.463+0000] {logging_mixin.py:188} INFO - [2026-09-18T11:38:15.463+0000] {dag.py:3947} INFO - Setting next_dagrun for meteorisk_pipeline to 2026-09-18 00:00:00+00:00, run_after=2026-09-19 00:00:00+00:00
[2026-09-18T11:38:15.489+0000] {processor.py:183} INFO - Processing /opt/airflow/dags/meteorisk_dag.py took 0.163 seconds
[2026-09-18T11:38:45.746+0000] {processor.py:161} INFO - Started process (PID=2295) to work on /opt/airflow/dags/meteorisk_dag.py
[2026-09-18T11:38:45.748+0000] {processor.py:830} INFO - Processing file /opt/airflow/dags/meteorisk_dag.py for tasks to queue
[2026-09-18T11:38:45.753+0000] {logging_mixin.py:188} INFO - [2026-09-18T11:38:45.753+0000] {dagbag.py:545} INFO - Filling up the DagBag from /opt/airflow/dags/meteorisk_dag.py
[2026-09-18T11:38:45.802+0000] {processor.py:840} INFO - DAG(s) 'meteorisk_pipeline' retrieved from /opt/airflow/dags/meteorisk_dag.py
[2026-09-18T11:38:45.837+0000] {logging_mixin.py:188} INFO - [2026-09-18T11:38:45.837+0000] {dag.py:3089} INFO - Sync 1 DAGs
[2026-09-18T11:38:45.867+0000] {logging_mixin.py:188} INFO - [2026-09-18T11:38:45.866+0000] {dag.py:3947} INFO - Setting next_dagrun for meteorisk_pipeline to 2026-09-18 00:00:00+00:00, run_after=2026-09-19 00:00:00+00:00
[2026-09-18T11:38:45.894+0000] {processor.py:183} INFO - Processing /opt/airflow/dags/meteorisk_dag.py took 0.155 seconds
[2026-09-18T11:39:16.168+0000] {processor.py:161} INFO - Started process (PID=2300) to work on /opt/airflow/dags/meteorisk_dag.py
[2026-09-18T11:39:16.170+0000] {processor.py:830} INFO - Processing file /opt/airflow/dags/meteorisk_dag.py for tasks to queue
[2026-09-18T11:39:16.174+0000] {logging_mixin.py:188} INFO - [2026-09-18T11:39:16.174+0000] {dagbag.py:545} INFO - Filling up the DagBag from /opt/airflow/dags/meteorisk_dag.py
[2026-09-18T11:39:16.226+0000] {processor.py:840} INFO - DAG(s) 'meteorisk_pipeline' retrieved from /opt/airflow/dags/meteorisk_dag.py
[2026-09-18T11:39:16.271+0000] {logging_mixin.py:188} INFO - [2026-09-18T11:39:16.271+0000] {dag.py:3089} INFO - Sync 1 DAGs
[2026-09-18T11:39:16.295+0000] {logging_mixin.py:188} INFO - [2026-09-18T11:39:16.295+0000] {dag.py:3947} INFO - Setting next_dagrun for meteorisk_pipeline to 2026-09-18 00:00:00+00:00, run_after=2026-09-19 00:00:00+00:00
[2026-09-18T11:39:16.321+0000] {processor.py:183} INFO - Processing /opt/airflow/dags/meteorisk_dag.py took 0.160 seconds
[2026-09-18T11:39:46.501+0000] {processor.py:161} INFO - Started process (PID=2305) to work on /opt/airflow/dags/meteorisk_dag.py
[2026-09-18T11:39:46.503+0000] {processor.py:830} INFO - Processing file /opt/airflow/dags/meteorisk_dag.py for tasks to queue
[2026-09-18T11:39:46.506+0000] {logging_mixin.py:188} INFO - [2026-09-18T11:39:46.505+0000] {dagbag.py:545} INFO - Filling up the DagBag from /opt/airflow/dags/meteorisk_dag.py
[2026-09-18T11:39:46.575+0000] {processor.py:840} INFO - DAG(s) 'meteorisk_pipeline' retrieved from /opt/airflow/dags/meteorisk_dag.py
[2026-09-18T11:39:46.610+0000] {logging_mixin.py:188} INFO - [2026-09-18T11:39:46.609+0000] {dag.py:3089} INFO - Sync 1 DAGs
[2026-09-18T11:39:46.633+0000] {logging_mixin.py:188} INFO - [2026-09-18T11:39:46.633+0000] {dag.py:3947} INFO - Setting next_dagrun for meteorisk_pipeline to 2026-09-18 00:00:00+00:00, run_after=2026-09-19 00:00:00+00:00
[2026-09-18T11:39:46.660+0000] {processor.py:183} INFO - Processing /opt/airflow/dags/meteorisk_dag.py took 0.170 seconds
[2026-09-18T11:40:16.944+0000] {processor.py:161} INFO - Started process (PID=2310) to work on /opt/airflow/dags/meteorisk_dag.py
[2026-09-18T11:40:16.947+0000] {processor.py:830} INFO - Processing file /opt/airflow/dags/meteorisk_dag.py for tasks to queue
[2026-09-18T11:40:16.950+0000] {logging_mixin.py:188} INFO - [2026-09-18T11:40:16.949+0000] {dagbag.py:545} INFO - Filling up the DagBag from /opt/airflow/dags/meteorisk_dag.py
[2026-09-18T11:40:17.014+0000] {processor.py:840} INFO - DAG(s) 'meteorisk_pipeline' retrieved from /opt/airflow/dags/meteorisk_dag.py
[2026-09-18T11:40:17.086+0000] {logging_mixin.py:188} INFO - [2026-09-18T11:40:17.086+0000] {dag.py:3089} INFO - Sync 1 DAGs
[2026-09-18T11:40:17.130+0000] {logging_mixin.py:188} INFO - [2026-09-18T11:40:17.129+0000] {dag.py:3947} INFO - Setting next_dagrun for meteorisk_pipeline to 2026-09-18 00:00:00+00:00, run_after=2026-09-19 00:00:00+00:00
[2026-09-18T11:40:17.183+0000] {processor.py:183} INFO - Processing /opt/airflow/dags/meteorisk_dag.py took 0.251 seconds
[2026-09-18T11:40:47.577+0000] {processor.py:161} INFO - Started process (PID=2315) to work on /opt/airflow/dags/meteorisk_dag.py
[2026-09-18T11:40:47.580+0000] {processor.py:830} INFO - Processing file /opt/airflow/dags/meteorisk_dag.py for tasks to queue
[2026-09-18T11:40:47.584+0000] {logging_mixin.py:188} INFO - [2026-09-18T11:40:47.584+0000] {dagbag.py:545} INFO - Filling up the DagBag from /opt/airflow/dags/meteorisk_dag.py
[2026-09-18T11:40:47.648+0000] {processor.py:840} INFO - DAG(s) 'meteorisk_pipeline' retrieved from /opt/airflow/dags/meteorisk_dag.py
[2026-09-18T11:40:47.737+0000] {logging_mixin.py:188} INFO - [2026-09-18T11:40:47.737+0000] {dag.py:3089} INFO - Sync 1 DAGs
[2026-09-18T11:40:47.796+0000] {logging_mixin.py:188} INFO - [2026-09-18T11:40:47.795+0000] {dag.py:3947} INFO - Setting next_dagrun for meteorisk_pipeline to 2026-09-18 00:00:00+00:00, run_after=2026-09-19 00:00:00+00:00
[2026-09-18T11:40:47.836+0000] {processor.py:183} INFO - Processing /opt/airflow/dags/meteorisk_dag.py took 0.272 seconds
[2026-09-18T11:41:18.209+0000] {processor.py:161} INFO - Started process (PID=2320) to work on /opt/airflow/dags/meteorisk_dag.py
[2026-09-18T11:41:18.213+0000] {processor.py:830} INFO - Processing file /opt/airflow/dags/meteorisk_dag.py for tasks to queue
[2026-09-18T11:41:18.218+0000] {logging_mixin.py:188} INFO - [2026-09-18T11:41:18.217+0000] {dagbag.py:545} INFO - Filling up the DagBag from /opt/airflow/dags/meteorisk_dag.py
[2026-09-18T11:41:18.309+0000] {processor.py:840} INFO - DAG(s) 'meteorisk_pipeline' retrieved from /opt/airflow/dags/meteorisk_dag.py
[2026-09-18T11:41:18.364+0000] {logging_mixin.py:188} INFO - [2026-09-18T11:41:18.364+0000] {dag.py:3089} INFO - Sync 1 DAGs
[2026-09-18T11:41:18.392+0000] {logging_mixin.py:188} INFO - [2026-09-18T11:41:18.392+0000] {dag.py:3947} INFO - Setting next_dagrun for meteorisk_pipeline to 2026-09-18 00:00:00+00:00, run_after=2026-09-19 00:00:00+00:00
[2026-09-18T11:41:18.442+0000] {processor.py:183} INFO - Processing /opt/airflow/dags/meteorisk_dag.py took 0.242 seconds
[2026-09-18T11:41:48.751+0000] {processor.py:161} INFO - Started process (PID=2325) to work on /opt/airflow/dags/meteorisk_dag.py
[2026-09-18T11:41:48.753+0000] {processor.py:830} INFO - Processing file /opt/airflow/dags/meteorisk_dag.py for tasks to queue
[2026-09-18T11:41:48.757+0000] {logging_mixin.py:188} INFO - [2026-09-18T11:41:48.755+0000] {dagbag.py:545} INFO - Filling up the DagBag from /opt/airflow/dags/meteorisk_dag.py
[2026-09-18T11:41:48.794+0000] {processor.py:840} INFO - DAG(s) 'meteorisk_pipeline' retrieved from /opt/airflow/dags/meteorisk_dag.py
[2026-09-18T11:41:48.832+0000] {logging_mixin.py:188} INFO - [2026-09-18T11:41:48.832+0000] {dag.py:3089} INFO - Sync 1 DAGs
[2026-09-18T11:41:48.858+0000] {logging_mixin.py:188} INFO - [2026-09-18T11:41:48.858+0000] {dag.py:3947} INFO - Setting next_dagrun for meteorisk_pipeline to 2026-09-18 00:00:00+00:00, run_after=2026-09-19 00:00:00+00:00
[2026-09-18T11:41:48.881+0000] {processor.py:183} INFO - Processing /opt/airflow/dags/meteorisk_dag.py took 0.140 seconds
[2026-09-18T11:42:19.052+0000] {processor.py:161} INFO - Started process (PID=2330) to work on /opt/airflow/dags/meteorisk_dag.py
[2026-09-18T11:42:19.055+0000] {processor.py:830} INFO - Processing file /opt/airflow/dags/meteorisk_dag.py for tasks to queue
[2026-09-18T11:42:19.059+0000] {logging_mixin.py:188} INFO - [2026-09-18T11:42:19.058+0000] {dagbag.py:545} INFO - Filling up the DagBag from /opt/airflow/dags/meteorisk_dag.py
[2026-09-18T11:42:19.117+0000] {processor.py:840} INFO - DAG(s) 'meteorisk_pipeline' retrieved from /opt/airflow/dags/meteorisk_dag.py
[2026-09-18T11:42:19.161+0000] {logging_mixin.py:188} INFO - [2026-09-18T11:42:19.161+0000] {dag.py:3089} INFO - Sync 1 DAGs
[2026-09-18T11:42:19.183+0000] {logging_mixin.py:188} INFO - [2026-09-18T11:42:19.183+0000] {dag.py:3947} INFO - Setting next_dagrun for meteorisk_pipeline to 2026-09-18 00:00:00+00:00, run_after=2026-09-19 00:00:00+00:00
[2026-09-18T11:42:19.241+0000] {processor.py:183} INFO - Processing /opt/airflow/dags/meteorisk_dag.py took 0.197 seconds
[2026-09-18T11:42:49.455+0000] {processor.py:161} INFO - Started process (PID=2335) to work on /opt/airflow/dags/meteorisk_dag.py
[2026-09-18T11:42:49.456+0000] {processor.py:830} INFO - Processing file /opt/airflow/dags/meteorisk_dag.py for tasks to queue
[2026-09-18T11:42:49.459+0000] {logging_mixin.py:188} INFO - [2026-09-18T11:42:49.458+0000] {dagbag.py:545} INFO - Filling up the DagBag from /opt/airflow/dags/meteorisk_dag.py
[2026-09-18T11:42:49.509+0000] {processor.py:840} INFO - DAG(s) 'meteorisk_pipeline' retrieved from /opt/airflow/dags/meteorisk_dag.py
[2026-09-18T11:42:49.650+0000] {logging_mixin.py:188} INFO - [2026-09-18T11:42:49.650+0000] {dag.py:3089} INFO - Sync 1 DAGs
[2026-09-18T11:42:49.679+0000] {logging_mixin.py:188} INFO - [2026-09-18T11:42:49.679+0000] {dag.py:3947} INFO - Setting next_dagrun for meteorisk_pipeline to 2026-09-18 00:00:00+00:00, run_after=2026-09-19 00:00:00+00:00
[2026-09-18T11:42:49.702+0000] {processor.py:183} INFO - Processing /opt/airflow/dags/meteorisk_dag.py took 0.259 seconds
[2026-09-18T11:43:19.974+0000] {processor.py:161} INFO - Started process (PID=2340) to work on /opt/airflow/dags/meteorisk_dag.py
[2026-09-18T11:43:19.975+0000] {processor.py:830} INFO - Processing file /opt/airflow/dags/meteorisk_dag.py for tasks to queue
[2026-09-18T11:43:19.978+0000] {logging_mixin.py:188} INFO - [2026-09-18T11:43:19.977+0000] {dagbag.py:545} INFO - Filling up the DagBag from /opt/airflow/dags/meteorisk_dag.py
[2026-09-18T11:43:20.010+0000] {processor.py:840} INFO - DAG(s) 'meteorisk_pipeline' retrieved from /opt/airflow/dags/meteorisk_dag.py
[2026-09-18T11:43:20.046+0000] {logging_mixin.py:188} INFO - [2026-09-18T11:43:20.046+0000] {dag.py:3089} INFO - Sync 1 DAGs
[2026-09-18T11:43:20.071+0000] {logging_mixin.py:188} INFO - [2026-09-18T11:43:20.071+0000] {dag.py:3947} INFO - Setting next_dagrun for meteorisk_pipeline to 2026-09-18 00:00:00+00:00, run_after=2026-09-19 00:00:00+00:00
[2026-09-18T11:43:20.096+0000] {processor.py:183} INFO - Processing /opt/airflow/dags/meteorisk_dag.py took 0.128 seconds
[2026-09-18T11:43:50.265+0000] {processor.py:161} INFO - Started process (PID=2345) to work on /opt/airflow/dags/meteorisk_dag.py
[2026-09-18T11:43:50.267+0000] {processor.py:830} INFO - Processing file /opt/airflow/dags/meteorisk_dag.py for tasks to queue
[2026-09-18T11:43:50.269+0000] {logging_mixin.py:188} INFO - [2026-09-18T11:43:50.268+0000] {dagbag.py:545} INFO - Filling up the DagBag from /opt/airflow/dags/meteorisk_dag.py
[2026-09-18T11:43:50.301+0000] {processor.py:840} INFO - DAG(s) 'meteorisk_pipeline' retrieved from /opt/airflow/dags/meteorisk_dag.py
[2026-09-18T11:43:50.337+0000] {logging_mixin.py:188} INFO - [2026-09-18T11:43:50.337+0000] {dag.py:3089} INFO - Sync 1 DAGs
[2026-09-18T11:43:50.363+0000] {logging_mixin.py:188} INFO - [2026-09-18T11:43:50.363+0000] {dag.py:3947} INFO - Setting next_dagrun for meteorisk_pipeline to 2026-09-18 00:00:00+00:00, run_after=2026-09-19 00:00:00+00:00
[2026-09-18T11:43:50.384+0000] {processor.py:183} INFO - Processing /opt/airflow/dags/meteorisk_dag.py took 0.125 seconds
[2026-09-18T11:44:20.807+0000] {processor.py:161} INFO - Started process (PID=2350) to work on /opt/airflow/dags/meteorisk_dag.py
[2026-09-18T11:44:20.811+0000] {processor.py:830} INFO - Processing file /opt/airflow/dags/meteorisk_dag.py for tasks to queue
[2026-09-18T11:44:20.814+0000] {logging_mixin.py:188} INFO - [2026-09-18T11:44:20.814+0000] {dagbag.py:545} INFO - Filling up the DagBag from /opt/airflow/dags/meteorisk_dag.py
[2026-09-18T11:44:20.867+0000] {processor.py:840} INFO - DAG(s) 'meteorisk_pipeline' retrieved from /opt/airflow/dags/meteorisk_dag.py
[2026-09-18T11:44:20.938+0000] {logging_mixin.py:188} INFO - [2026-09-18T11:44:20.937+0000] {dag.py:3089} INFO - Sync 1 DAGs
[2026-09-18T11:44:20.977+0000] {logging_mixin.py:188} INFO - [2026-09-18T11:44:20.977+0000] {dag.py:3947} INFO - Setting next_dagrun for meteorisk_pipeline to 2026-09-18 00:00:00+00:00, run_after=2026-09-19 00:00:00+00:00
[2026-09-18T11:44:21.026+0000] {processor.py:183} INFO - Processing /opt/airflow/dags/meteorisk_dag.py took 0.227 seconds
[2026-09-18T11:44:51.550+0000] {processor.py:161} INFO - Started process (PID=2355) to work on /opt/airflow/dags/meteorisk_dag.py
[2026-09-18T11:44:51.552+0000] {processor.py:830} INFO - Processing file /opt/airflow/dags/meteorisk_dag.py for tasks to queue
[2026-09-18T11:44:51.556+0000] {logging_mixin.py:188} INFO - [2026-09-18T11:44:51.556+0000] {dagbag.py:545} INFO - Filling up the DagBag from /opt/airflow/dags/meteorisk_dag.py
[2026-09-18T11:44:51.610+0000] {processor.py:840} INFO - DAG(s) 'meteorisk_pipeline' retrieved from /opt/airflow/dags/meteorisk_dag.py
[2026-09-18T11:44:51.661+0000] {logging_mixin.py:188} INFO - [2026-09-18T11:44:51.661+0000] {dag.py:3089} INFO - Sync 1 DAGs
[2026-09-18T11:44:51.685+0000] {logging_mixin.py:188} INFO - [2026-09-18T11:44:51.685+0000] {dag.py:3947} INFO - Setting next_dagrun for meteorisk_pipeline to 2026-09-18 00:00:00+00:00, run_after=2026-09-19 00:00:00+00:00
[2026-09-18T11:44:52.016+0000] {processor.py:183} INFO - Processing /opt/airflow/dags/meteorisk_dag.py took 0.481 seconds
[2026-09-18T11:45:22.303+0000] {processor.py:161} INFO - Started process (PID=2360) to work on /opt/airflow/dags/meteorisk_dag.py
[2026-09-18T11:45:22.305+0000] {processor.py:830} INFO - Processing file /opt/airflow/dags/meteorisk_dag.py for tasks to queue
[2026-09-18T11:45:22.309+0000] {logging_mixin.py:188} INFO - [2026-09-18T11:45:22.308+0000] {dagbag.py:545} INFO - Filling up the DagBag from /opt/airflow/dags/meteorisk_dag.py
[2026-09-18T11:45:22.349+0000] {processor.py:840} INFO - DAG(s) 'meteorisk_pipeline' retrieved from /opt/airflow/dags/meteorisk_dag.py
[2026-09-18T11:45:22.488+0000] {logging_mixin.py:188} INFO - [2026-09-18T11:45:22.488+0000] {dag.py:3089} INFO - Sync 1 DAGs
[2026-09-18T11:45:22.520+0000] {logging_mixin.py:188} INFO - [2026-09-18T11:45:22.519+0000] {dag.py:3947} INFO - Setting next_dagrun for meteorisk_pipeline to 2026-09-18 00:00:00+00:00, run_after=2026-09-19 00:00:00+00:00
[2026-09-18T11:45:22.553+0000] {processor.py:183} INFO - Processing /opt/airflow/dags/meteorisk_dag.py took 0.257 seconds
[2026-09-18T11:45:52.807+0000] {processor.py:161} INFO - Started process (PID=2365) to work on /opt/airflow/dags/meteorisk_dag.py
[2026-09-18T11:45:52.810+0000] {processor.py:830} INFO - Processing file /opt/airflow/dags/meteorisk_dag.py for tasks to queue
[2026-09-18T11:45:52.814+0000] {logging_mixin.py:188} INFO - [2026-09-18T11:45:52.814+0000] {dagbag.py:545} INFO - Filling up the DagBag from /opt/airflow/dags/meteorisk_dag.py
[2026-09-18T11:45:52.901+0000] {processor.py:840} INFO - DAG(s) 'meteorisk_pipeline' retrieved from /opt/airflow/dags/meteorisk_dag.py
[2026-09-18T11:45:52.949+0000] {logging_mixin.py:188} INFO - [2026-09-18T11:45:52.948+0000] {dag.py:3089} INFO - Sync 1 DAGs
[2026-09-18T11:45:52.972+0000] {logging_mixin.py:188} INFO - [2026-09-18T11:45:52.972+0000] {dag.py:3947} INFO - Setting next_dagrun for meteorisk_pipeline to 2026-09-18 00:00:00+00:00, run_after=2026-09-19 00:00:00+00:00
[2026-09-18T11:45:53.090+0000] {processor.py:183} INFO - Processing /opt/airflow/dags/meteorisk_dag.py took 0.295 seconds
[2026-09-18T11:46:23.443+0000] {processor.py:161} INFO - Started process (PID=2370) to work on /opt/airflow/dags/meteorisk_dag.py
[2026-09-18T11:46:23.444+0000] {processor.py:830} INFO - Processing file /opt/airflow/dags/meteorisk_dag.py for tasks to queue
[2026-09-18T11:46:23.447+0000] {logging_mixin.py:188} INFO - [2026-09-18T11:46:23.446+0000] {dagbag.py:545} INFO - Filling up the DagBag from /opt/airflow/dags/meteorisk_dag.py
[2026-09-18T11:46:23.476+0000] {processor.py:840} INFO - DAG(s) 'meteorisk_pipeline' retrieved from /opt/airflow/dags/meteorisk_dag.py
[2026-09-18T11:46:23.508+0000] {logging_mixin.py:188} INFO - [2026-09-18T11:46:23.508+0000] {dag.py:3089} INFO - Sync 1 DAGs
[2026-09-18T11:46:23.531+0000] {logging_mixin.py:188} INFO - [2026-09-18T11:46:23.531+0000] {dag.py:3947} INFO - Setting next_dagrun for meteorisk_pipeline to 2026-09-18 00:00:00+00:00, run_after=2026-09-19 00:00:00+00:00
[2026-09-18T11:46:23.635+0000] {processor.py:183} INFO - Processing /opt/airflow/dags/meteorisk_dag.py took 0.198 seconds
[2026-09-18T11:46:53.709+0000] {processor.py:161} INFO - Started process (PID=2375) to work on /opt/airflow/dags/meteorisk_dag.py
[2026-09-18T11:46:53.711+0000] {processor.py:830} INFO - Processing file /opt/airflow/dags/meteorisk_dag.py for tasks to queue
[2026-09-18T11:46:53.714+0000] {logging_mixin.py:188} INFO - [2026-09-18T11:46:53.714+0000] {dagbag.py:545} INFO - Filling up the DagBag from /opt/airflow/dags/meteorisk_dag.py
[2026-09-18T11:46:53.756+0000] {processor.py:840} INFO - DAG(s) 'meteorisk_pipeline' retrieved from /opt/airflow/dags/meteorisk_dag.py
[2026-09-18T11:46:53.833+0000] {logging_mixin.py:188} INFO - [2026-09-18T11:46:53.833+0000] {dag.py:3089} INFO - Sync 1 DAGs
[2026-09-18T11:46:53.871+0000] {logging_mixin.py:188} INFO - [2026-09-18T11:46:53.871+0000] {dag.py:3947} INFO - Setting next_dagrun for meteorisk_pipeline to 2026-09-18 00:00:00+00:00, run_after=2026-09-19 00:00:00+00:00
[2026-09-18T11:46:53.897+0000] {processor.py:183} INFO - Processing /opt/airflow/dags/meteorisk_dag.py took 0.196 seconds
[2026-09-18T11:47:24.186+0000] {processor.py:161} INFO - Started process (PID=2380) to work on /opt/airflow/dags/meteorisk_dag.py
[2026-09-18T11:47:24.188+0000] {processor.py:830} INFO - Processing file /opt/airflow/dags/meteorisk_dag.py for tasks to queue
[2026-09-18T11:47:24.190+0000] {logging_mixin.py:188} INFO - [2026-09-18T11:47:24.190+0000] {dagbag.py:545} INFO - Filling up the DagBag from /opt/airflow/dags/meteorisk_dag.py
[2026-09-18T11:47:24.224+0000] {processor.py:840} INFO - DAG(s) 'meteorisk_pipeline' retrieved from /opt/airflow/dags/meteorisk_dag.py
[2026-09-18T11:47:24.260+0000] {logging_mixin.py:188} INFO - [2026-09-18T11:47:24.260+0000] {dag.py:3089} INFO - Sync 1 DAGs
[2026-09-18T11:47:24.284+0000] {logging_mixin.py:188} INFO - [2026-09-18T11:47:24.283+0000] {dag.py:3947} INFO - Setting next_dagrun for meteorisk_pipeline to 2026-09-18 00:00:00+00:00, run_after=2026-09-19 00:00:00+00:00
[2026-09-18T11:47:24.305+0000] {processor.py:183} INFO - Processing /opt/airflow/dags/meteorisk_dag.py took 0.126 seconds
[2026-09-18T11:47:54.582+0000] {processor.py:161} INFO - Started process (PID=2385) to work on /opt/airflow/dags/meteorisk_dag.py
[2026-09-18T11:47:54.584+0000] {processor.py:830} INFO - Processing file /opt/airflow/dags/meteorisk_dag.py for tasks to queue
[2026-09-18T11:47:54.587+0000] {logging_mixin.py:188} INFO - [2026-09-18T11:47:54.586+0000] {dagbag.py:545} INFO - Filling up the DagBag from /opt/airflow/dags/meteorisk_dag.py
[2026-09-18T11:47:54.618+0000] {processor.py:840} INFO - DAG(s) 'meteorisk_pipeline' retrieved from /opt/airflow/dags/meteorisk_dag.py
[2026-09-18T11:47:54.665+0000] {logging_mixin.py:188} INFO - [2026-09-18T11:47:54.665+0000] {dag.py:3089} INFO - Sync 1 DAGs
[2026-09-18T11:47:54.692+0000] {logging_mixin.py:188} INFO - [2026-09-18T11:47:54.691+0000] {dag.py:3947} INFO - Setting next_dagrun for meteorisk_pipeline to 2026-09-18 00:00:00+00:00, run_after=2026-09-19 00:00:00+00:00
[2026-09-18T11:47:54.720+0000] {processor.py:183} INFO - Processing /opt/airflow/dags/meteorisk_dag.py took 0.145 seconds
[2026-09-18T11:48:24.909+0000] {processor.py:161} INFO - Started process (PID=2390) to work on /opt/airflow/dags/meteorisk_dag.py
[2026-09-18T11:48:24.913+0000] {processor.py:830} INFO - Processing file /opt/airflow/dags/meteorisk_dag.py for tasks to queue
[2026-09-18T11:48:24.918+0000] {logging_mixin.py:188} INFO - [2026-09-18T11:48:24.917+0000] {dagbag.py:545} INFO - Filling up the DagBag from /opt/airflow/dags/meteorisk_dag.py
[2026-09-18T11:48:24.987+0000] {processor.py:840} INFO - DAG(s) 'meteorisk_pipeline' retrieved from /opt/airflow/dags/meteorisk_dag.py
[2026-09-18T11:48:25.217+0000] {logging_mixin.py:188} INFO - [2026-09-18T11:48:25.216+0000] {dag.py:3089} INFO - Sync 1 DAGs
[2026-09-18T11:48:25.252+0000] {logging_mixin.py:188} INFO - [2026-09-18T11:48:25.251+0000] {dag.py:3947} INFO - Setting next_dagrun for meteorisk_pipeline to 2026-09-18 00:00:00+00:00, run_after=2026-09-19 00:00:00+00:00
[2026-09-18T11:48:25.322+0000] {processor.py:183} INFO - Processing /opt/airflow/dags/meteorisk_dag.py took 0.428 seconds
[2026-09-18T11:48:55.676+0000] {processor.py:161} INFO - Started process (PID=2395) to work on /opt/airflow/dags/meteorisk_dag.py
[2026-09-18T11:48:55.678+0000] {processor.py:830} INFO - Processing file /opt/airflow/dags/meteorisk_dag.py for tasks to queue
[2026-09-18T11:48:55.684+0000] {logging_mixin.py:188} INFO - [2026-09-18T11:48:55.683+0000] {dagbag.py:545} INFO - Filling up the DagBag from /opt/airflow/dags/meteorisk_dag.py
[2026-09-18T11:48:55.741+0000] {processor.py:840} INFO - DAG(s) 'meteorisk_pipeline' retrieved from /opt/airflow/dags/meteorisk_dag.py
[2026-09-18T11:48:55.828+0000] {logging_mixin.py:188} INFO - [2026-09-18T11:48:55.827+0000] {dag.py:3089} INFO - Sync 1 DAGs
[2026-09-18T11:48:55.866+0000] {logging_mixin.py:188} INFO - [2026-09-18T11:48:55.866+0000] {dag.py:3947} INFO - Setting next_dagrun for meteorisk_pipeline to 2026-09-18 00:00:00+00:00, run_after=2026-09-19 00:00:00+00:00
[2026-09-18T11:48:56.011+0000] {processor.py:183} INFO - Processing /opt/airflow/dags/meteorisk_dag.py took 0.347 seconds
[2026-09-18T11:49:26.369+0000] {processor.py:161} INFO - Started process (PID=2400) to work on /opt/airflow/dags/meteorisk_dag.py
[2026-09-18T11:49:26.374+0000] {processor.py:830} INFO - Processing file /opt/airflow/dags/meteorisk_dag.py for tasks to queue
[2026-09-18T11:49:26.382+0000] {logging_mixin.py:188} INFO - [2026-09-18T11:49:26.381+0000] {dagbag.py:545} INFO - Filling up the DagBag from /opt/airflow/dags/meteorisk_dag.py
[2026-09-18T11:49:26.452+0000] {processor.py:840} INFO - DAG(s) 'meteorisk_pipeline' retrieved from /opt/airflow/dags/meteorisk_dag.py
[2026-09-18T11:49:26.503+0000] {logging_mixin.py:188} INFO - [2026-09-18T11:49:26.503+0000] {dag.py:3089} INFO - Sync 1 DAGs
[2026-09-18T11:49:26.537+0000] {logging_mixin.py:188} INFO - [2026-09-18T11:49:26.536+0000] {dag.py:3947} INFO - Setting next_dagrun for meteorisk_pipeline to 2026-09-18 00:00:00+00:00, run_after=2026-09-19 00:00:00+00:00
[2026-09-18T11:49:26.564+0000] {processor.py:183} INFO - Processing /opt/airflow/dags/meteorisk_dag.py took 0.211 seconds
[2026-09-18T11:49:56.840+0000] {processor.py:161} INFO - Started process (PID=2405) to work on /opt/airflow/dags/meteorisk_dag.py
[2026-09-18T11:49:56.842+0000] {processor.py:830} INFO - Processing file /opt/airflow/dags/meteorisk_dag.py for tasks to queue
[2026-09-18T11:49:56.847+0000] {logging_mixin.py:188} INFO - [2026-09-18T11:49:56.847+0000] {dagbag.py:545} INFO - Filling up the DagBag from /opt/airflow/dags/meteorisk_dag.py
[2026-09-18T11:49:56.885+0000] {processor.py:840} INFO - DAG(s) 'meteorisk_pipeline' retrieved from /opt/airflow/dags/meteorisk_dag.py
[2026-09-18T11:49:56.926+0000] {logging_mixin.py:188} INFO - [2026-09-18T11:49:56.926+0000] {dag.py:3089} INFO - Sync 1 DAGs
[2026-09-18T11:49:56.951+0000] {logging_mixin.py:188} INFO - [2026-09-18T11:49:56.950+0000] {dag.py:3947} INFO - Setting next_dagrun for meteorisk_pipeline to 2026-09-18 00:00:00+00:00, run_after=2026-09-19 00:00:00+00:00
[2026-09-18T11:49:56.974+0000] {processor.py:183} INFO - Processing /opt/airflow/dags/meteorisk_dag.py took 0.143 seconds
[2026-09-18T11:50:27.087+0000] {processor.py:161} INFO - Started process (PID=2410) to work on /opt/airflow/dags/meteorisk_dag.py
[2026-09-18T11:50:27.090+0000] {processor.py:830} INFO - Processing file /opt/airflow/dags/meteorisk_dag.py for tasks to queue
[2026-09-18T11:50:27.095+0000] {logging_mixin.py:188} INFO - [2026-09-18T11:50:27.093+0000] {dagbag.py:545} INFO - Filling up the DagBag from /opt/airflow/dags/meteorisk_dag.py
[2026-09-18T11:50:27.149+0000] {processor.py:840} INFO - DAG(s) 'meteorisk_pipeline' retrieved from /opt/airflow/dags/meteorisk_dag.py
[2026-09-18T11:50:27.191+0000] {logging_mixin.py:188} INFO - [2026-09-18T11:50:27.191+0000] {dag.py:3089} INFO - Sync 1 DAGs
[2026-09-18T11:50:27.215+0000] {logging_mixin.py:188} INFO - [2026-09-18T11:50:27.215+0000] {dag.py:3947} INFO - Setting next_dagrun for meteorisk_pipeline to 2026-09-18 00:00:00+00:00, run_after=2026-09-19 00:00:00+00:00
[2026-09-18T11:50:27.238+0000] {processor.py:183} INFO - Processing /opt/airflow/dags/meteorisk_dag.py took 0.165 seconds
[2026-09-18T11:50:57.441+0000] {processor.py:161} INFO - Started process (PID=2415) to work on /opt/airflow/dags/meteorisk_dag.py
[2026-09-18T11:50:57.443+0000] {processor.py:830} INFO - Processing file /opt/airflow/dags/meteorisk_dag.py for tasks to queue
[2026-09-18T11:50:57.445+0000] {logging_mixin.py:188} INFO - [2026-09-18T11:50:57.445+0000] {dagbag.py:545} INFO - Filling up the DagBag from /opt/airflow/dags/meteorisk_dag.py
[2026-09-18T11:50:57.475+0000] {processor.py:840} INFO - DAG(s) 'meteorisk_pipeline' retrieved from /opt/airflow/dags/meteorisk_dag.py
[2026-09-18T11:50:57.507+0000] {logging_mixin.py:188} INFO - [2026-09-18T11:50:57.507+0000] {dag.py:3089} INFO - Sync 1 DAGs
[2026-09-18T11:50:57.531+0000] {logging_mixin.py:188} INFO - [2026-09-18T11:50:57.531+0000] {dag.py:3947} INFO - Setting next_dagrun for meteorisk_pipeline to 2026-09-18 00:00:00+00:00, run_after=2026-09-19 00:00:00+00:00
[2026-09-18T11:50:57.554+0000] {processor.py:183} INFO - Processing /opt/airflow/dags/meteorisk_dag.py took 0.119 seconds
[2026-09-18T11:51:27.869+0000] {processor.py:161} INFO - Started process (PID=2420) to work on /opt/airflow/dags/meteorisk_dag.py
[2026-09-18T11:51:27.872+0000] {processor.py:830} INFO - Processing file /opt/airflow/dags/meteorisk_dag.py for tasks to queue
[2026-09-18T11:51:27.876+0000] {logging_mixin.py:188} INFO - [2026-09-18T11:51:27.876+0000] {dagbag.py:545} INFO - Filling up the DagBag from /opt/airflow/dags/meteorisk_dag.py
[2026-09-18T11:51:27.944+0000] {processor.py:840} INFO - DAG(s) 'meteorisk_pipeline' retrieved from /opt/airflow/dags/meteorisk_dag.py
[2026-09-18T11:51:27.995+0000] {logging_mixin.py:188} INFO - [2026-09-18T11:51:27.995+0000] {dag.py:3089} INFO - Sync 1 DAGs
[2026-09-18T11:51:28.028+0000] {logging_mixin.py:188} INFO - [2026-09-18T11:51:28.028+0000] {dag.py:3947} INFO - Setting next_dagrun for meteorisk_pipeline to 2026-09-18 00:00:00+00:00, run_after=2026-09-19 00:00:00+00:00
[2026-09-18T11:51:28.327+0000] {processor.py:183} INFO - Processing /opt/airflow/dags/meteorisk_dag.py took 0.473 seconds
[2026-09-18T11:51:58.714+0000] {processor.py:161} INFO - Started process (PID=2425) to work on /opt/airflow/dags/meteorisk_dag.py
[2026-09-18T11:51:58.716+0000] {processor.py:830} INFO - Processing file /opt/airflow/dags/meteorisk_dag.py for tasks to queue
[2026-09-18T11:51:58.718+0000] {logging_mixin.py:188} INFO - [2026-09-18T11:51:58.717+0000] {dagbag.py:545} INFO - Filling up the DagBag from /opt/airflow/dags/meteorisk_dag.py
[2026-09-18T11:51:58.745+0000] {processor.py:840} INFO - DAG(s) 'meteorisk_pipeline' retrieved from /opt/airflow/dags/meteorisk_dag.py
[2026-09-18T11:51:58.781+0000] {logging_mixin.py:188} INFO - [2026-09-18T11:51:58.780+0000] {dag.py:3089} INFO - Sync 1 DAGs
[2026-09-18T11:51:58.812+0000] {logging_mixin.py:188} INFO - [2026-09-18T11:51:58.812+0000] {dag.py:3947} INFO - Setting next_dagrun for meteorisk_pipeline to 2026-09-18 00:00:00+00:00, run_after=2026-09-19 00:00:00+00:00
[2026-09-18T11:51:58.834+0000] {processor.py:183} INFO - Processing /opt/airflow/dags/meteorisk_dag.py took 0.127 seconds
[2026-09-18T11:52:28.944+0000] {processor.py:161} INFO - Started process (PID=2430) to work on /opt/airflow/dags/meteorisk_dag.py
[2026-09-18T11:52:28.946+0000] {processor.py:830} INFO - Processing file /opt/airflow/dags/meteorisk_dag.py for tasks to queue
[2026-09-18T11:52:28.948+0000] {logging_mixin.py:188} INFO - [2026-09-18T11:52:28.948+0000] {dagbag.py:545} INFO - Filling up the DagBag from /opt/airflow/dags/meteorisk_dag.py
[2026-09-18T11:52:28.976+0000] {processor.py:840} INFO - DAG(s) 'meteorisk_pipeline' retrieved from /opt/airflow/dags/meteorisk_dag.py
[2026-09-18T11:52:29.009+0000] {logging_mixin.py:188} INFO - [2026-09-18T11:52:29.008+0000] {dag.py:3089} INFO - Sync 1 DAGs
[2026-09-18T11:52:29.032+0000] {logging_mixin.py:188} INFO - [2026-09-18T11:52:29.032+0000] {dag.py:3947} INFO - Setting next_dagrun for meteorisk_pipeline to 2026-09-18 00:00:00+00:00, run_after=2026-09-19 00:00:00+00:00
[2026-09-18T11:52:29.117+0000] {processor.py:183} INFO - Processing /opt/airflow/dags/meteorisk_dag.py took 0.179 seconds
[2026-09-18T11:52:59.237+0000] {processor.py:161} INFO - Started process (PID=2435) to work on /opt/airflow/dags/meteorisk_dag.py
[2026-09-18T11:52:59.239+0000] {processor.py:830} INFO - Processing file /opt/airflow/dags/meteorisk_dag.py for tasks to queue
[2026-09-18T11:52:59.241+0000] {logging_mixin.py:188} INFO - [2026-09-18T11:52:59.241+0000] {dagbag.py:545} INFO - Filling up the DagBag from /opt/airflow/dags/meteorisk_dag.py
[2026-09-18T11:52:59.300+0000] {processor.py:840} INFO - DAG(s) 'meteorisk_pipeline' retrieved from /opt/airflow/dags/meteorisk_dag.py
[2026-09-18T11:52:59.344+0000] {logging_mixin.py:188} INFO - [2026-09-18T11:52:59.344+0000] {dag.py:3089} INFO - Sync 1 DAGs
[2026-09-18T11:52:59.372+0000] {logging_mixin.py:188} INFO - [2026-09-18T11:52:59.372+0000] {dag.py:3947} INFO - Setting next_dagrun for meteorisk_pipeline to 2026-09-18 00:00:00+00:00, run_after=2026-09-19 00:00:00+00:00
[2026-09-18T11:52:59.451+0000] {processor.py:183} INFO - Processing /opt/airflow/dags/meteorisk_dag.py took 0.224 seconds
[2026-09-18T11:53:29.673+0000] {processor.py:161} INFO - Started process (PID=2440) to work on /opt/airflow/dags/meteorisk_dag.py
[2026-09-18T11:53:29.675+0000] {processor.py:830} INFO - Processing file /opt/airflow/dags/meteorisk_dag.py for tasks to queue
[2026-09-18T11:53:29.680+0000] {logging_mixin.py:188} INFO - [2026-09-18T11:53:29.679+0000] {dagbag.py:545} INFO - Filling up the DagBag from /opt/airflow/dags/meteorisk_dag.py
[2026-09-18T11:53:29.720+0000] {processor.py:840} INFO - DAG(s) 'meteorisk_pipeline' retrieved from /opt/airflow/dags/meteorisk_dag.py
[2026-09-18T11:53:29.754+0000] {logging_mixin.py:188} INFO - [2026-09-18T11:53:29.754+0000] {dag.py:3089} INFO - Sync 1 DAGs
[2026-09-18T11:53:29.824+0000] {logging_mixin.py:188} INFO - [2026-09-18T11:53:29.823+0000] {dag.py:3947} INFO - Setting next_dagrun for meteorisk_pipeline to 2026-09-18 00:00:00+00:00, run_after=2026-09-19 00:00:00+00:00
[2026-09-18T11:53:29.862+0000] {processor.py:183} INFO - Processing /opt/airflow/dags/meteorisk_dag.py took 0.201 seconds
[2026-09-18T11:54:00.034+0000] {processor.py:161} INFO - Started process (PID=2445) to work on /opt/airflow/dags/meteorisk_dag.py
[2026-09-18T11:54:00.040+0000] {processor.py:830} INFO - Processing file /opt/airflow/dags/meteorisk_dag.py for tasks to queue
[2026-09-18T11:54:00.047+0000] {logging_mixin.py:188} INFO - [2026-09-18T11:54:00.046+0000] {dagbag.py:545} INFO - Filling up the DagBag from /opt/airflow/dags/meteorisk_dag.py
[2026-09-18T11:54:00.098+0000] {processor.py:840} INFO - DAG(s) 'meteorisk_pipeline' retrieved from /opt/airflow/dags/meteorisk_dag.py
[2026-09-18T11:54:00.247+0000] {logging_mixin.py:188} INFO - [2026-09-18T11:54:00.247+0000] {dag.py:3089} INFO - Sync 1 DAGs
[2026-09-18T11:54:00.288+0000] {logging_mixin.py:188} INFO - [2026-09-18T11:54:00.288+0000] {dag.py:3947} INFO - Setting next_dagrun for meteorisk_pipeline to 2026-09-18 00:00:00+00:00, run_after=2026-09-19 00:00:00+00:00
[2026-09-18T11:54:00.402+0000] {processor.py:183} INFO - Processing /opt/airflow/dags/meteorisk_dag.py took 0.386 seconds
[2026-09-18T11:54:30.709+0000] {processor.py:161} INFO - Started process (PID=2450) to work on /opt/airflow/dags/meteorisk_dag.py
[2026-09-18T11:54:30.711+0000] {processor.py:830} INFO - Processing file /opt/airflow/dags/meteorisk_dag.py for tasks to queue
[2026-09-18T11:54:30.714+0000] {logging_mixin.py:188} INFO - [2026-09-18T11:54:30.713+0000] {dagbag.py:545} INFO - Filling up the DagBag from /opt/airflow/dags/meteorisk_dag.py
[2026-09-18T11:54:30.778+0000] {processor.py:840} INFO - DAG(s) 'meteorisk_pipeline' retrieved from /opt/airflow/dags/meteorisk_dag.py
[2026-09-18T11:54:30.884+0000] {logging_mixin.py:188} INFO - [2026-09-18T11:54:30.884+0000] {dag.py:3089} INFO - Sync 1 DAGs
[2026-09-18T11:54:30.909+0000] {logging_mixin.py:188} INFO - [2026-09-18T11:54:30.909+0000] {dag.py:3947} INFO - Setting next_dagrun for meteorisk_pipeline to 2026-09-18 00:00:00+00:00, run_after=2026-09-19 00:00:00+00:00
[2026-09-18T11:54:30.935+0000] {processor.py:183} INFO - Processing /opt/airflow/dags/meteorisk_dag.py took 0.234 seconds
[2026-09-18T11:55:01.019+0000] {processor.py:161} INFO - Started process (PID=2455) to work on /opt/airflow/dags/meteorisk_dag.py
[2026-09-18T11:55:01.021+0000] {processor.py:830} INFO - Processing file /opt/airflow/dags/meteorisk_dag.py for tasks to queue
[2026-09-18T11:55:01.027+0000] {logging_mixin.py:188} INFO - [2026-09-18T11:55:01.026+0000] {dagbag.py:545} INFO - Filling up the DagBag from /opt/airflow/dags/meteorisk_dag.py
[2026-09-18T11:55:01.073+0000] {processor.py:840} INFO - DAG(s) 'meteorisk_pipeline' retrieved from /opt/airflow/dags/meteorisk_dag.py
[2026-09-18T11:55:01.126+0000] {logging_mixin.py:188} INFO - [2026-09-18T11:55:01.126+0000] {dag.py:3089} INFO - Sync 1 DAGs
[2026-09-18T11:55:01.153+0000] {logging_mixin.py:188} INFO - [2026-09-18T11:55:01.153+0000] {dag.py:3947} INFO - Setting next_dagrun for meteorisk_pipeline to 2026-09-18 00:00:00+00:00, run_after=2026-09-19 00:00:00+00:00
[2026-09-18T11:55:01.229+0000] {processor.py:183} INFO - Processing /opt/airflow/dags/meteorisk_dag.py took 0.222 seconds
[2026-09-18T11:55:31.537+0000] {processor.py:161} INFO - Started process (PID=2460) to work on /opt/airflow/dags/meteorisk_dag.py
[2026-09-18T11:55:31.539+0000] {processor.py:830} INFO - Processing file /opt/airflow/dags/meteorisk_dag.py for tasks to queue
[2026-09-18T11:55:31.543+0000] {logging_mixin.py:188} INFO - [2026-09-18T11:55:31.542+0000] {dagbag.py:545} INFO - Filling up the DagBag from /opt/airflow/dags/meteorisk_dag.py
[2026-09-18T11:55:31.600+0000] {processor.py:840} INFO - DAG(s) 'meteorisk_pipeline' retrieved from /opt/airflow/dags/meteorisk_dag.py
[2026-09-18T11:55:31.634+0000] {logging_mixin.py:188} INFO - [2026-09-18T11:55:31.634+0000] {dag.py:3089} INFO - Sync 1 DAGs
[2026-09-18T11:55:31.662+0000] {logging_mixin.py:188} INFO - [2026-09-18T11:55:31.661+0000] {dag.py:3947} INFO - Setting next_dagrun for meteorisk_pipeline to 2026-09-18 00:00:00+00:00, run_after=2026-09-19 00:00:00+00:00
[2026-09-18T11:55:31.705+0000] {processor.py:183} INFO - Processing /opt/airflow/dags/meteorisk_dag.py took 0.177 seconds
[2026-09-18T11:56:01.855+0000] {processor.py:161} INFO - Started process (PID=2465) to work on /opt/airflow/dags/meteorisk_dag.py
[2026-09-18T11:56:01.859+0000] {processor.py:830} INFO - Processing file /opt/airflow/dags/meteorisk_dag.py for tasks to queue
[2026-09-18T11:56:01.864+0000] {logging_mixin.py:188} INFO - [2026-09-18T11:56:01.863+0000] {dagbag.py:545} INFO - Filling up the DagBag from /opt/airflow/dags/meteorisk_dag.py
[2026-09-18T11:56:01.922+0000] {processor.py:840} INFO - DAG(s) 'meteorisk_pipeline' retrieved from /opt/airflow/dags/meteorisk_dag.py
[2026-09-18T11:56:01.966+0000] {logging_mixin.py:188} INFO - [2026-09-18T11:56:01.966+0000] {dag.py:3089} INFO - Sync 1 DAGs
[2026-09-18T11:56:01.994+0000] {logging_mixin.py:188} INFO - [2026-09-18T11:56:01.994+0000] {dag.py:3947} INFO - Setting next_dagrun for meteorisk_pipeline to 2026-09-18 00:00:00+00:00, run_after=2026-09-19 00:00:00+00:00
[2026-09-18T11:56:02.039+0000] {processor.py:183} INFO - Processing /opt/airflow/dags/meteorisk_dag.py took 0.198 seconds
[2026-09-18T11:56:32.245+0000] {processor.py:161} INFO - Started process (PID=2470) to work on /opt/airflow/dags/meteorisk_dag.py
[2026-09-18T11:56:32.247+0000] {processor.py:830} INFO - Processing file /opt/airflow/dags/meteorisk_dag.py for tasks to queue
[2026-09-18T11:56:32.249+0000] {logging_mixin.py:188} INFO - [2026-09-18T11:56:32.248+0000] {dagbag.py:545} INFO - Filling up the DagBag from /opt/airflow/dags/meteorisk_dag.py
[2026-09-18T11:56:32.280+0000] {processor.py:840} INFO - DAG(s) 'meteorisk_pipeline' retrieved from /opt/airflow/dags/meteorisk_dag.py
[2026-09-18T11:56:32.316+0000] {logging_mixin.py:188} INFO - [2026-09-18T11:56:32.316+0000] {dag.py:3089} INFO - Sync 1 DAGs
[2026-09-18T11:56:32.341+0000] {logging_mixin.py:188} INFO - [2026-09-18T11:56:32.340+0000] {dag.py:3947} INFO - Setting next_dagrun for meteorisk_pipeline to 2026-09-18 00:00:00+00:00, run_after=2026-09-19 00:00:00+00:00
[2026-09-18T11:56:32.363+0000] {processor.py:183} INFO - Processing /opt/airflow/dags/meteorisk_dag.py took 0.123 seconds
[2026-09-18T11:57:02.658+0000] {processor.py:161} INFO - Started process (PID=2475) to work on /opt/airflow/dags/meteorisk_dag.py
[2026-09-18T11:57:02.661+0000] {processor.py:830} INFO - Processing file /opt/airflow/dags/meteorisk_dag.py for tasks to queue
[2026-09-18T11:57:02.666+0000] {logging_mixin.py:188} INFO - [2026-09-18T11:57:02.665+0000] {dagbag.py:545} INFO - Filling up the DagBag from /opt/airflow/dags/meteorisk_dag.py
[2026-09-18T11:57:02.716+0000] {processor.py:840} INFO - DAG(s) 'meteorisk_pipeline' retrieved from /opt/airflow/dags/meteorisk_dag.py
[2026-09-18T11:57:02.759+0000] {logging_mixin.py:188} INFO - [2026-09-18T11:57:02.759+0000] {dag.py:3089} INFO - Sync 1 DAGs
[2026-09-18T11:57:02.800+0000] {logging_mixin.py:188} INFO - [2026-09-18T11:57:02.799+0000] {dag.py:3947} INFO - Setting next_dagrun for meteorisk_pipeline to 2026-09-18 00:00:00+00:00, run_after=2026-09-19 00:00:00+00:00
[2026-09-18T11:57:02.828+0000] {processor.py:183} INFO - Processing /opt/airflow/dags/meteorisk_dag.py took 0.186 seconds
[2026-09-18T11:57:33.007+0000] {processor.py:161} INFO - Started process (PID=2480) to work on /opt/airflow/dags/meteorisk_dag.py
[2026-09-18T11:57:33.011+0000] {processor.py:830} INFO - Processing file /opt/airflow/dags/meteorisk_dag.py for tasks to queue
[2026-09-18T11:57:33.016+0000] {logging_mixin.py:188} INFO - [2026-09-18T11:57:33.016+0000] {dagbag.py:545} INFO - Filling up the DagBag from /opt/airflow/dags/meteorisk_dag.py
[2026-09-18T11:57:33.061+0000] {processor.py:840} INFO - DAG(s) 'meteorisk_pipeline' retrieved from /opt/airflow/dags/meteorisk_dag.py
[2026-09-18T11:57:33.097+0000] {logging_mixin.py:188} INFO - [2026-09-18T11:57:33.096+0000] {dag.py:3089} INFO - Sync 1 DAGs
[2026-09-18T11:57:33.122+0000] {logging_mixin.py:188} INFO - [2026-09-18T11:57:33.122+0000] {dag.py:3947} INFO - Setting next_dagrun for meteorisk_pipeline to 2026-09-18 00:00:00+00:00, run_after=2026-09-19 00:00:00+00:00
[2026-09-18T11:57:33.145+0000] {processor.py:183} INFO - Processing /opt/airflow/dags/meteorisk_dag.py took 0.148 seconds
[2026-09-18T11:58:03.441+0000] {processor.py:161} INFO - Started process (PID=2485) to work on /opt/airflow/dags/meteorisk_dag.py
[2026-09-18T11:58:03.443+0000] {processor.py:830} INFO - Processing file /opt/airflow/dags/meteorisk_dag.py for tasks to queue
[2026-09-18T11:58:03.445+0000] {logging_mixin.py:188} INFO - [2026-09-18T11:58:03.445+0000] {dagbag.py:545} INFO - Filling up the DagBag from /opt/airflow/dags/meteorisk_dag.py
[2026-09-18T11:58:03.484+0000] {processor.py:840} INFO - DAG(s) 'meteorisk_pipeline' retrieved from /opt/airflow/dags/meteorisk_dag.py
[2026-09-18T11:58:03.518+0000] {logging_mixin.py:188} INFO - [2026-09-18T11:58:03.518+0000] {dag.py:3089} INFO - Sync 1 DAGs
[2026-09-18T11:58:03.543+0000] {logging_mixin.py:188} INFO - [2026-09-18T11:58:03.542+0000] {dag.py:3947} INFO - Setting next_dagrun for meteorisk_pipeline to 2026-09-18 00:00:00+00:00, run_after=2026-09-19 00:00:00+00:00
[2026-09-18T11:58:03.565+0000] {processor.py:183} INFO - Processing /opt/airflow/dags/meteorisk_dag.py took 0.134 seconds
[2026-09-18T11:58:33.781+0000] {processor.py:161} INFO - Started process (PID=2490) to work on /opt/airflow/dags/meteorisk_dag.py
[2026-09-18T11:58:33.782+0000] {processor.py:830} INFO - Processing file /opt/airflow/dags/meteorisk_dag.py for tasks to queue
[2026-09-18T11:58:33.785+0000] {logging_mixin.py:188} INFO - [2026-09-18T11:58:33.785+0000] {dagbag.py:545} INFO - Filling up the DagBag from /opt/airflow/dags/meteorisk_dag.py
[2026-09-18T11:58:33.817+0000] {processor.py:840} INFO - DAG(s) 'meteorisk_pipeline' retrieved from /opt/airflow/dags/meteorisk_dag.py
[2026-09-18T11:58:33.905+0000] {logging_mixin.py:188} INFO - [2026-09-18T11:58:33.905+0000] {dag.py:3089} INFO - Sync 1 DAGs
[2026-09-18T11:58:33.935+0000] {logging_mixin.py:188} INFO - [2026-09-18T11:58:33.935+0000] {dag.py:3947} INFO - Setting next_dagrun for meteorisk_pipeline to 2026-09-18 00:00:00+00:00, run_after=2026-09-19 00:00:00+00:00
[2026-09-18T11:58:33.985+0000] {processor.py:183} INFO - Processing /opt/airflow/dags/meteorisk_dag.py took 0.211 seconds
[2026-09-18T11:59:04.082+0000] {processor.py:161} INFO - Started process (PID=2495) to work on /opt/airflow/dags/meteorisk_dag.py
[2026-09-18T11:59:04.085+0000] {processor.py:830} INFO - Processing file /opt/airflow/dags/meteorisk_dag.py for tasks to queue
[2026-09-18T11:59:04.091+0000] {logging_mixin.py:188} INFO - [2026-09-18T11:59:04.090+0000] {dagbag.py:545} INFO - Filling up the DagBag from /opt/airflow/dags/meteorisk_dag.py
[2026-09-18T11:59:04.152+0000] {processor.py:840} INFO - DAG(s) 'meteorisk_pipeline' retrieved from /opt/airflow/dags/meteorisk_dag.py
[2026-09-18T11:59:04.207+0000] {logging_mixin.py:188} INFO - [2026-09-18T11:59:04.206+0000] {dag.py:3089} INFO - Sync 1 DAGs
[2026-09-18T11:59:04.238+0000] {logging_mixin.py:188} INFO - [2026-09-18T11:59:04.238+0000] {dag.py:3947} INFO - Setting next_dagrun for meteorisk_pipeline to 2026-09-18 00:00:00+00:00, run_after=2026-09-19 00:00:00+00:00
[2026-09-18T11:59:04.269+0000] {processor.py:183} INFO - Processing /opt/airflow/dags/meteorisk_dag.py took 0.195 seconds
[2026-09-18T11:59:34.581+0000] {processor.py:161} INFO - Started process (PID=2500) to work on /opt/airflow/dags/meteorisk_dag.py
[2026-09-18T11:59:34.584+0000] {processor.py:830} INFO - Processing file /opt/airflow/dags/meteorisk_dag.py for tasks to queue
[2026-09-18T11:59:34.587+0000] {logging_mixin.py:188} INFO - [2026-09-18T11:59:34.587+0000] {dagbag.py:545} INFO - Filling up the DagBag from /opt/airflow/dags/meteorisk_dag.py
[2026-09-18T11:59:34.636+0000] {processor.py:840} INFO - DAG(s) 'meteorisk_pipeline' retrieved from /opt/airflow/dags/meteorisk_dag.py
[2026-09-18T11:59:34.678+0000] {logging_mixin.py:188} INFO - [2026-09-18T11:59:34.678+0000] {dag.py:3089} INFO - Sync 1 DAGs
[2026-09-18T11:59:34.703+0000] {logging_mixin.py:188} INFO - [2026-09-18T11:59:34.703+0000] {dag.py:3947} INFO - Setting next_dagrun for meteorisk_pipeline to 2026-09-18 00:00:00+00:00, run_after=2026-09-19 00:00:00+00:00
[2026-09-18T11:59:34.727+0000] {processor.py:183} INFO - Processing /opt/airflow/dags/meteorisk_dag.py took 0.158 seconds
[2026-09-18T12:00:04.954+0000] {processor.py:161} INFO - Started process (PID=2505) to work on /opt/airflow/dags/meteorisk_dag.py
[2026-09-18T12:00:04.957+0000] {processor.py:830} INFO - Processing file /opt/airflow/dags/meteorisk_dag.py for tasks to queue
[2026-09-18T12:00:04.962+0000] {logging_mixin.py:188} INFO - [2026-09-18T12:00:04.961+0000] {dagbag.py:545} INFO - Filling up the DagBag from /opt/airflow/dags/meteorisk_dag.py
[2026-09-18T12:00:05.014+0000] {processor.py:840} INFO - DAG(s) 'meteorisk_pipeline' retrieved from /opt/airflow/dags/meteorisk_dag.py
[2026-09-18T12:00:05.084+0000] {logging_mixin.py:188} INFO - [2026-09-18T12:00:05.084+0000] {dag.py:3089} INFO - Sync 1 DAGs
[2026-09-18T12:00:05.126+0000] {logging_mixin.py:188} INFO - [2026-09-18T12:00:05.125+0000] {dag.py:3947} INFO - Setting next_dagrun for meteorisk_pipeline to 2026-09-18 00:00:00+00:00, run_after=2026-09-19 00:00:00+00:00
[2026-09-18T12:00:05.183+0000] {processor.py:183} INFO - Processing /opt/airflow/dags/meteorisk_dag.py took 0.241 seconds
[2026-09-18T12:00:35.289+0000] {processor.py:161} INFO - Started process (PID=2510) to work on /opt/airflow/dags/meteorisk_dag.py
[2026-09-18T12:00:35.291+0000] {processor.py:830} INFO - Processing file /opt/airflow/dags/meteorisk_dag.py for tasks to queue
[2026-09-18T12:00:35.295+0000] {logging_mixin.py:188} INFO - [2026-09-18T12:00:35.294+0000] {dagbag.py:545} INFO - Filling up the DagBag from /opt/airflow/dags/meteorisk_dag.py
[2026-09-18T12:00:35.348+0000] {processor.py:840} INFO - DAG(s) 'meteorisk_pipeline' retrieved from /opt/airflow/dags/meteorisk_dag.py
[2026-09-18T12:00:35.394+0000] {logging_mixin.py:188} INFO - [2026-09-18T12:00:35.394+0000] {dag.py:3089} INFO - Sync 1 DAGs
[2026-09-18T12:00:35.425+0000] {logging_mixin.py:188} INFO - [2026-09-18T12:00:35.425+0000] {dag.py:3947} INFO - Setting next_dagrun for meteorisk_pipeline to 2026-09-18 00:00:00+00:00, run_after=2026-09-19 00:00:00+00:00
[2026-09-18T12:00:35.460+0000] {processor.py:183} INFO - Processing /opt/airflow/dags/meteorisk_dag.py took 0.180 seconds
[2026-09-18T12:01:05.802+0000] {processor.py:161} INFO - Started process (PID=2515) to work on /opt/airflow/dags/meteorisk_dag.py
[2026-09-18T12:01:05.868+0000] {processor.py:830} INFO - Processing file /opt/airflow/dags/meteorisk_dag.py for tasks to queue
[2026-09-18T12:01:05.873+0000] {logging_mixin.py:188} INFO - [2026-09-18T12:01:05.872+0000] {dagbag.py:545} INFO - Filling up the DagBag from /opt/airflow/dags/meteorisk_dag.py
[2026-09-18T12:01:05.926+0000] {processor.py:840} INFO - DAG(s) 'meteorisk_pipeline' retrieved from /opt/airflow/dags/meteorisk_dag.py
[2026-09-18T12:01:05.994+0000] {logging_mixin.py:188} INFO - [2026-09-18T12:01:05.993+0000] {dag.py:3089} INFO - Sync 1 DAGs
[2026-09-18T12:01:06.042+0000] {logging_mixin.py:188} INFO - [2026-09-18T12:01:06.042+0000] {dag.py:3947} INFO - Setting next_dagrun for meteorisk_pipeline to 2026-09-18 00:00:00+00:00, run_after=2026-09-19 00:00:00+00:00
[2026-09-18T12:01:06.079+0000] {processor.py:183} INFO - Processing /opt/airflow/dags/meteorisk_dag.py took 0.290 seconds
[2026-09-18T12:01:36.374+0000] {processor.py:161} INFO - Started process (PID=2520) to work on /opt/airflow/dags/meteorisk_dag.py
[2026-09-18T12:01:36.376+0000] {processor.py:830} INFO - Processing file /opt/airflow/dags/meteorisk_dag.py for tasks to queue
[2026-09-18T12:01:36.379+0000] {logging_mixin.py:188} INFO - [2026-09-18T12:01:36.379+0000] {dagbag.py:545} INFO - Filling up the DagBag from /opt/airflow/dags/meteorisk_dag.py
[2026-09-18T12:01:36.409+0000] {processor.py:840} INFO - DAG(s) 'meteorisk_pipeline' retrieved from /opt/airflow/dags/meteorisk_dag.py
[2026-09-18T12:01:36.449+0000] {logging_mixin.py:188} INFO - [2026-09-18T12:01:36.448+0000] {dag.py:3089} INFO - Sync 1 DAGs
[2026-09-18T12:01:36.476+0000] {logging_mixin.py:188} INFO - [2026-09-18T12:01:36.476+0000] {dag.py:3947} INFO - Setting next_dagrun for meteorisk_pipeline to 2026-09-18 00:00:00+00:00, run_after=2026-09-19 00:00:00+00:00
[2026-09-18T12:01:36.499+0000] {processor.py:183} INFO - Processing /opt/airflow/dags/meteorisk_dag.py took 0.132 seconds
[2026-09-18T12:02:06.667+0000] {processor.py:161} INFO - Started process (PID=2525) to work on /opt/airflow/dags/meteorisk_dag.py
[2026-09-18T12:02:06.669+0000] {processor.py:830} INFO - Processing file /opt/airflow/dags/meteorisk_dag.py for tasks to queue
[2026-09-18T12:02:06.673+0000] {logging_mixin.py:188} INFO - [2026-09-18T12:02:06.672+0000] {dagbag.py:545} INFO - Filling up the DagBag from /opt/airflow/dags/meteorisk_dag.py
[2026-09-18T12:02:06.712+0000] {processor.py:840} INFO - DAG(s) 'meteorisk_pipeline' retrieved from /opt/airflow/dags/meteorisk_dag.py
[2026-09-18T12:02:06.749+0000] {logging_mixin.py:188} INFO - [2026-09-18T12:02:06.749+0000] {dag.py:3089} INFO - Sync 1 DAGs
[2026-09-18T12:02:06.774+0000] {logging_mixin.py:188} INFO - [2026-09-18T12:02:06.773+0000] {dag.py:3947} INFO - Setting next_dagrun for meteorisk_pipeline to 2026-09-18 00:00:00+00:00, run_after=2026-09-19 00:00:00+00:00
[2026-09-18T12:02:06.868+0000] {processor.py:183} INFO - Processing /opt/airflow/dags/meteorisk_dag.py took 0.209 seconds
[2026-09-18T12:02:37.000+0000] {processor.py:161} INFO - Started process (PID=2530) to work on /opt/airflow/dags/meteorisk_dag.py
[2026-09-18T12:02:37.001+0000] {processor.py:830} INFO - Processing file /opt/airflow/dags/meteorisk_dag.py for tasks to queue
[2026-09-18T12:02:37.007+0000] {logging_mixin.py:188} INFO - [2026-09-18T12:02:37.006+0000] {dagbag.py:545} INFO - Filling up the DagBag from /opt/airflow/dags/meteorisk_dag.py
[2026-09-18T12:02:37.061+0000] {processor.py:840} INFO - DAG(s) 'meteorisk_pipeline' retrieved from /opt/airflow/dags/meteorisk_dag.py
[2026-09-18T12:02:37.105+0000] {logging_mixin.py:188} INFO - [2026-09-18T12:02:37.104+0000] {dag.py:3089} INFO - Sync 1 DAGs
[2026-09-18T12:02:37.142+0000] {logging_mixin.py:188} INFO - [2026-09-18T12:02:37.142+0000] {dag.py:3947} INFO - Setting next_dagrun for meteorisk_pipeline to 2026-09-18 00:00:00+00:00, run_after=2026-09-19 00:00:00+00:00
[2026-09-18T12:02:37.169+0000] {processor.py:183} INFO - Processing /opt/airflow/dags/meteorisk_dag.py took 0.177 seconds
[2026-09-18T12:03:07.251+0000] {processor.py:161} INFO - Started process (PID=2535) to work on /opt/airflow/dags/meteorisk_dag.py
[2026-09-18T12:03:07.253+0000] {processor.py:830} INFO - Processing file /opt/airflow/dags/meteorisk_dag.py for tasks to queue
[2026-09-18T12:03:07.257+0000] {logging_mixin.py:188} INFO - [2026-09-18T12:03:07.257+0000] {dagbag.py:545} INFO - Filling up the DagBag from /opt/airflow/dags/meteorisk_dag.py
[2026-09-18T12:03:07.285+0000] {processor.py:840} INFO - DAG(s) 'meteorisk_pipeline' retrieved from /opt/airflow/dags/meteorisk_dag.py
[2026-09-18T12:03:07.325+0000] {logging_mixin.py:188} INFO - [2026-09-18T12:03:07.324+0000] {dag.py:3089} INFO - Sync 1 DAGs
[2026-09-18T12:03:07.356+0000] {logging_mixin.py:188} INFO - [2026-09-18T12:03:07.356+0000] {dag.py:3947} INFO - Setting next_dagrun for meteorisk_pipeline to 2026-09-18 00:00:00+00:00, run_after=2026-09-19 00:00:00+00:00
[2026-09-18T12:03:07.386+0000] {processor.py:183} INFO - Processing /opt/airflow/dags/meteorisk_dag.py took 0.142 seconds
[2026-09-18T12:03:37.538+0000] {processor.py:161} INFO - Started process (PID=2540) to work on /opt/airflow/dags/meteorisk_dag.py
[2026-09-18T12:03:37.541+0000] {processor.py:830} INFO - Processing file /opt/airflow/dags/meteorisk_dag.py for tasks to queue
[2026-09-18T12:03:37.547+0000] {logging_mixin.py:188} INFO - [2026-09-18T12:03:37.546+0000] {dagbag.py:545} INFO - Filling up the DagBag from /opt/airflow/dags/meteorisk_dag.py
[2026-09-18T12:03:37.600+0000] {processor.py:840} INFO - DAG(s) 'meteorisk_pipeline' retrieved from /opt/airflow/dags/meteorisk_dag.py
[2026-09-18T12:03:37.661+0000] {logging_mixin.py:188} INFO - [2026-09-18T12:03:37.661+0000] {dag.py:3089} INFO - Sync 1 DAGs
[2026-09-18T12:03:37.722+0000] {logging_mixin.py:188} INFO - [2026-09-18T12:03:37.721+0000] {dag.py:3947} INFO - Setting next_dagrun for meteorisk_pipeline to 2026-09-18 00:00:00+00:00, run_after=2026-09-19 00:00:00+00:00
[2026-09-18T12:03:37.760+0000] {processor.py:183} INFO - Processing /opt/airflow/dags/meteorisk_dag.py took 0.237 seconds
[2026-09-18T12:04:08.243+0000] {processor.py:161} INFO - Started process (PID=2546) to work on /opt/airflow/dags/meteorisk_dag.py
[2026-09-18T12:04:08.246+0000] {processor.py:830} INFO - Processing file /opt/airflow/dags/meteorisk_dag.py for tasks to queue
[2026-09-18T12:04:08.266+0000] {logging_mixin.py:188} INFO - [2026-09-18T12:04:08.265+0000] {dagbag.py:545} INFO - Filling up the DagBag from /opt/airflow/dags/meteorisk_dag.py
[2026-09-18T12:04:08.620+0000] {processor.py:840} INFO - DAG(s) 'meteorisk_pipeline' retrieved from /opt/airflow/dags/meteorisk_dag.py
[2026-09-18T12:04:08.700+0000] {logging_mixin.py:188} INFO - [2026-09-18T12:04:08.699+0000] {dag.py:3089} INFO - Sync 1 DAGs
[2026-09-18T12:04:08.758+0000] {logging_mixin.py:188} INFO - [2026-09-18T12:04:08.757+0000] {dag.py:3947} INFO - Setting next_dagrun for meteorisk_pipeline to 2026-09-18 00:00:00+00:00, run_after=2026-09-19 00:00:00+00:00
[2026-09-18T12:04:08.800+0000] {processor.py:183} INFO - Processing /opt/airflow/dags/meteorisk_dag.py took 0.658 seconds
[2026-09-18T12:04:39.165+0000] {processor.py:161} INFO - Started process (PID=2551) to work on /opt/airflow/dags/meteorisk_dag.py
[2026-09-18T12:04:39.167+0000] {processor.py:830} INFO - Processing file /opt/airflow/dags/meteorisk_dag.py for tasks to queue
[2026-09-18T12:04:39.172+0000] {logging_mixin.py:188} INFO - [2026-09-18T12:04:39.172+0000] {dagbag.py:545} INFO - Filling up the DagBag from /opt/airflow/dags/meteorisk_dag.py
[2026-09-18T12:04:39.257+0000] {processor.py:840} INFO - DAG(s) 'meteorisk_pipeline' retrieved from /opt/airflow/dags/meteorisk_dag.py
[2026-09-18T12:04:39.322+0000] {logging_mixin.py:188} INFO - [2026-09-18T12:04:39.322+0000] {dag.py:3089} INFO - Sync 1 DAGs
[2026-09-18T12:04:39.362+0000] {logging_mixin.py:188} INFO - [2026-09-18T12:04:39.361+0000] {dag.py:3947} INFO - Setting next_dagrun for meteorisk_pipeline to 2026-09-18 00:00:00+00:00, run_after=2026-09-19 00:00:00+00:00
[2026-09-18T12:04:39.397+0000] {processor.py:183} INFO - Processing /opt/airflow/dags/meteorisk_dag.py took 0.247 seconds
[2026-09-18T12:05:09.596+0000] {processor.py:161} INFO - Started process (PID=2556) to work on /opt/airflow/dags/meteorisk_dag.py
[2026-09-18T12:05:09.599+0000] {processor.py:830} INFO - Processing file /opt/airflow/dags/meteorisk_dag.py for tasks to queue
[2026-09-18T12:05:09.603+0000] {logging_mixin.py:188} INFO - [2026-09-18T12:05:09.602+0000] {dagbag.py:545} INFO - Filling up the DagBag from /opt/airflow/dags/meteorisk_dag.py
[2026-09-18T12:05:09.658+0000] {processor.py:840} INFO - DAG(s) 'meteorisk_pipeline' retrieved from /opt/airflow/dags/meteorisk_dag.py
[2026-09-18T12:05:09.739+0000] {logging_mixin.py:188} INFO - [2026-09-18T12:05:09.738+0000] {dag.py:3089} INFO - Sync 1 DAGs
[2026-09-18T12:05:09.786+0000] {logging_mixin.py:188} INFO - [2026-09-18T12:05:09.785+0000] {dag.py:3947} INFO - Setting next_dagrun for meteorisk_pipeline to 2026-09-18 00:00:00+00:00, run_after=2026-09-19 00:00:00+00:00
[2026-09-18T12:05:10.296+0000] {processor.py:183} INFO - Processing /opt/airflow/dags/meteorisk_dag.py took 0.712 seconds
[2026-09-18T12:05:40.606+0000] {processor.py:161} INFO - Started process (PID=2561) to work on /opt/airflow/dags/meteorisk_dag.py
[2026-09-18T12:05:40.607+0000] {processor.py:830} INFO - Processing file /opt/airflow/dags/meteorisk_dag.py for tasks to queue
[2026-09-18T12:05:40.609+0000] {logging_mixin.py:188} INFO - [2026-09-18T12:05:40.609+0000] {dagbag.py:545} INFO - Filling up the DagBag from /opt/airflow/dags/meteorisk_dag.py
[2026-09-18T12:05:40.641+0000] {processor.py:840} INFO - DAG(s) 'meteorisk_pipeline' retrieved from /opt/airflow/dags/meteorisk_dag.py
[2026-09-18T12:05:40.689+0000] {logging_mixin.py:188} INFO - [2026-09-18T12:05:40.689+0000] {dag.py:3089} INFO - Sync 1 DAGs
[2026-09-18T12:05:40.719+0000] {logging_mixin.py:188} INFO - [2026-09-18T12:05:40.719+0000] {dag.py:3947} INFO - Setting next_dagrun for meteorisk_pipeline to 2026-09-18 00:00:00+00:00, run_after=2026-09-19 00:00:00+00:00
[2026-09-18T12:05:40.781+0000] {processor.py:183} INFO - Processing /opt/airflow/dags/meteorisk_dag.py took 0.182 seconds
[2026-09-18T12:06:10.868+0000] {processor.py:161} INFO - Started process (PID=2566) to work on /opt/airflow/dags/meteorisk_dag.py
[2026-09-18T12:06:10.870+0000] {processor.py:830} INFO - Processing file /opt/airflow/dags/meteorisk_dag.py for tasks to queue
[2026-09-18T12:06:10.873+0000] {logging_mixin.py:188} INFO - [2026-09-18T12:06:10.872+0000] {dagbag.py:545} INFO - Filling up the DagBag from /opt/airflow/dags/meteorisk_dag.py
[2026-09-18T12:06:10.915+0000] {processor.py:840} INFO - DAG(s) 'meteorisk_pipeline' retrieved from /opt/airflow/dags/meteorisk_dag.py
[2026-09-18T12:06:10.973+0000] {logging_mixin.py:188} INFO - [2026-09-18T12:06:10.973+0000] {dag.py:3089} INFO - Sync 1 DAGs
[2026-09-18T12:06:11.000+0000] {logging_mixin.py:188} INFO - [2026-09-18T12:06:11.000+0000] {dag.py:3947} INFO - Setting next_dagrun for meteorisk_pipeline to 2026-09-18 00:00:00+00:00, run_after=2026-09-19 00:00:00+00:00
[2026-09-18T12:06:11.024+0000] {processor.py:183} INFO - Processing /opt/airflow/dags/meteorisk_dag.py took 0.164 seconds
[2026-09-18T12:06:41.363+0000] {processor.py:161} INFO - Started process (PID=2571) to work on /opt/airflow/dags/meteorisk_dag.py
[2026-09-18T12:06:41.365+0000] {processor.py:830} INFO - Processing file /opt/airflow/dags/meteorisk_dag.py for tasks to queue
[2026-09-18T12:06:41.369+0000] {logging_mixin.py:188} INFO - [2026-09-18T12:06:41.368+0000] {dagbag.py:545} INFO - Filling up the DagBag from /opt/airflow/dags/meteorisk_dag.py
[2026-09-18T12:06:41.418+0000] {processor.py:840} INFO - DAG(s) 'meteorisk_pipeline' retrieved from /opt/airflow/dags/meteorisk_dag.py
[2026-09-18T12:06:41.462+0000] {logging_mixin.py:188} INFO - [2026-09-18T12:06:41.462+0000] {dag.py:3089} INFO - Sync 1 DAGs
[2026-09-18T12:06:41.489+0000] {logging_mixin.py:188} INFO - [2026-09-18T12:06:41.488+0000] {dag.py:3947} INFO - Setting next_dagrun for meteorisk_pipeline to 2026-09-18 00:00:00+00:00, run_after=2026-09-19 00:00:00+00:00
[2026-09-18T12:06:41.528+0000] {processor.py:183} INFO - Processing /opt/airflow/dags/meteorisk_dag.py took 0.176 seconds
[2026-09-18T12:07:11.626+0000] {processor.py:161} INFO - Started process (PID=2576) to work on /opt/airflow/dags/meteorisk_dag.py
[2026-09-18T12:07:11.629+0000] {processor.py:830} INFO - Processing file /opt/airflow/dags/meteorisk_dag.py for tasks to queue
[2026-09-18T12:07:11.631+0000] {logging_mixin.py:188} INFO - [2026-09-18T12:07:11.631+0000] {dagbag.py:545} INFO - Filling up the DagBag from /opt/airflow/dags/meteorisk_dag.py
[2026-09-18T12:07:11.664+0000] {processor.py:840} INFO - DAG(s) 'meteorisk_pipeline' retrieved from /opt/airflow/dags/meteorisk_dag.py
[2026-09-18T12:07:11.700+0000] {logging_mixin.py:188} INFO - [2026-09-18T12:07:11.699+0000] {dag.py:3089} INFO - Sync 1 DAGs
[2026-09-18T12:07:11.766+0000] {logging_mixin.py:188} INFO - [2026-09-18T12:07:11.765+0000] {dag.py:3947} INFO - Setting next_dagrun for meteorisk_pipeline to 2026-09-18 00:00:00+00:00, run_after=2026-09-19 00:00:00+00:00
[2026-09-18T12:07:11.827+0000] {processor.py:183} INFO - Processing /opt/airflow/dags/meteorisk_dag.py took 0.208 seconds
[2026-09-18T12:07:42.153+0000] {processor.py:161} INFO - Started process (PID=2581) to work on /opt/airflow/dags/meteorisk_dag.py
[2026-09-18T12:07:42.156+0000] {processor.py:830} INFO - Processing file /opt/airflow/dags/meteorisk_dag.py for tasks to queue
[2026-09-18T12:07:42.161+0000] {logging_mixin.py:188} INFO - [2026-09-18T12:07:42.159+0000] {dagbag.py:545} INFO - Filling up the DagBag from /opt/airflow/dags/meteorisk_dag.py
[2026-09-18T12:07:42.230+0000] {processor.py:840} INFO - DAG(s) 'meteorisk_pipeline' retrieved from /opt/airflow/dags/meteorisk_dag.py
[2026-09-18T12:07:42.291+0000] {logging_mixin.py:188} INFO - [2026-09-18T12:07:42.290+0000] {dag.py:3089} INFO - Sync 1 DAGs
[2026-09-18T12:07:42.319+0000] {logging_mixin.py:188} INFO - [2026-09-18T12:07:42.319+0000] {dag.py:3947} INFO - Setting next_dagrun for meteorisk_pipeline to 2026-09-18 00:00:00+00:00, run_after=2026-09-19 00:00:00+00:00
[2026-09-18T12:07:42.365+0000] {processor.py:183} INFO - Processing /opt/airflow/dags/meteorisk_dag.py took 0.224 seconds
[2026-09-18T12:08:12.723+0000] {processor.py:161} INFO - Started process (PID=2586) to work on /opt/airflow/dags/meteorisk_dag.py
[2026-09-18T12:08:12.726+0000] {processor.py:830} INFO - Processing file /opt/airflow/dags/meteorisk_dag.py for tasks to queue
[2026-09-18T12:08:12.731+0000] {logging_mixin.py:188} INFO - [2026-09-18T12:08:12.730+0000] {dagbag.py:545} INFO - Filling up the DagBag from /opt/airflow/dags/meteorisk_dag.py
[2026-09-18T12:08:12.774+0000] {processor.py:840} INFO - DAG(s) 'meteorisk_pipeline' retrieved from /opt/airflow/dags/meteorisk_dag.py
[2026-09-18T12:08:12.815+0000] {logging_mixin.py:188} INFO - [2026-09-18T12:08:12.815+0000] {dag.py:3089} INFO - Sync 1 DAGs
[2026-09-18T12:08:12.839+0000] {logging_mixin.py:188} INFO - [2026-09-18T12:08:12.839+0000] {dag.py:3947} INFO - Setting next_dagrun for meteorisk_pipeline to 2026-09-18 00:00:00+00:00, run_after=2026-09-19 00:00:00+00:00
[2026-09-18T12:08:12.880+0000] {processor.py:183} INFO - Processing /opt/airflow/dags/meteorisk_dag.py took 0.168 seconds
[2026-09-18T12:08:43.050+0000] {processor.py:161} INFO - Started process (PID=2591) to work on /opt/airflow/dags/meteorisk_dag.py
[2026-09-18T12:08:43.054+0000] {processor.py:830} INFO - Processing file /opt/airflow/dags/meteorisk_dag.py for tasks to queue
[2026-09-18T12:08:43.059+0000] {logging_mixin.py:188} INFO - [2026-09-18T12:08:43.058+0000] {dagbag.py:545} INFO - Filling up the DagBag from /opt/airflow/dags/meteorisk_dag.py
[2026-09-18T12:08:43.124+0000] {processor.py:840} INFO - DAG(s) 'meteorisk_pipeline' retrieved from /opt/airflow/dags/meteorisk_dag.py
[2026-09-18T12:08:43.164+0000] {logging_mixin.py:188} INFO - [2026-09-18T12:08:43.164+0000] {dag.py:3089} INFO - Sync 1 DAGs
[2026-09-18T12:08:43.193+0000] {logging_mixin.py:188} INFO - [2026-09-18T12:08:43.193+0000] {dag.py:3947} INFO - Setting next_dagrun for meteorisk_pipeline to 2026-09-18 00:00:00+00:00, run_after=2026-09-19 00:00:00+00:00
[2026-09-18T12:08:43.299+0000] {processor.py:183} INFO - Processing /opt/airflow/dags/meteorisk_dag.py took 0.262 seconds
[2026-09-18T12:09:13.831+0000] {processor.py:161} INFO - Started process (PID=2596) to work on /opt/airflow/dags/meteorisk_dag.py
[2026-09-18T12:09:13.835+0000] {processor.py:830} INFO - Processing file /opt/airflow/dags/meteorisk_dag.py for tasks to queue
[2026-09-18T12:09:13.841+0000] {logging_mixin.py:188} INFO - [2026-09-18T12:09:13.840+0000] {dagbag.py:545} INFO - Filling up the DagBag from /opt/airflow/dags/meteorisk_dag.py
[2026-09-18T12:09:13.890+0000] {processor.py:840} INFO - DAG(s) 'meteorisk_pipeline' retrieved from /opt/airflow/dags/meteorisk_dag.py
[2026-09-18T12:09:13.945+0000] {logging_mixin.py:188} INFO - [2026-09-18T12:09:13.945+0000] {dag.py:3089} INFO - Sync 1 DAGs
[2026-09-18T12:09:14.031+0000] {logging_mixin.py:188} INFO - [2026-09-18T12:09:14.031+0000] {dag.py:3947} INFO - Setting next_dagrun for meteorisk_pipeline to 2026-09-18 00:00:00+00:00, run_after=2026-09-19 00:00:00+00:00
[2026-09-18T12:09:14.096+0000] {processor.py:183} INFO - Processing /opt/airflow/dags/meteorisk_dag.py took 0.278 seconds
[2026-09-18T12:09:44.407+0000] {processor.py:161} INFO - Started process (PID=2601) to work on /opt/airflow/dags/meteorisk_dag.py
[2026-09-18T12:09:44.409+0000] {processor.py:830} INFO - Processing file /opt/airflow/dags/meteorisk_dag.py for tasks to queue
[2026-09-18T12:09:44.413+0000] {logging_mixin.py:188} INFO - [2026-09-18T12:09:44.412+0000] {dagbag.py:545} INFO - Filling up the DagBag from /opt/airflow/dags/meteorisk_dag.py
[2026-09-18T12:09:44.464+0000] {processor.py:840} INFO - DAG(s) 'meteorisk_pipeline' retrieved from /opt/airflow/dags/meteorisk_dag.py
[2026-09-18T12:09:44.525+0000] {logging_mixin.py:188} INFO - [2026-09-18T12:09:44.525+0000] {dag.py:3089} INFO - Sync 1 DAGs
[2026-09-18T12:09:44.588+0000] {logging_mixin.py:188} INFO - [2026-09-18T12:09:44.588+0000] {dag.py:3947} INFO - Setting next_dagrun for meteorisk_pipeline to 2026-09-18 00:00:00+00:00, run_after=2026-09-19 00:00:00+00:00
[2026-09-18T12:09:44.700+0000] {processor.py:183} INFO - Processing /opt/airflow/dags/meteorisk_dag.py took 0.302 seconds
[2026-09-18T12:10:15.124+0000] {processor.py:161} INFO - Started process (PID=2606) to work on /opt/airflow/dags/meteorisk_dag.py
[2026-09-18T12:10:15.129+0000] {processor.py:830} INFO - Processing file /opt/airflow/dags/meteorisk_dag.py for tasks to queue
[2026-09-18T12:10:15.139+0000] {logging_mixin.py:188} INFO - [2026-09-18T12:10:15.137+0000] {dagbag.py:545} INFO - Filling up the DagBag from /opt/airflow/dags/meteorisk_dag.py
[2026-09-18T12:10:15.192+0000] {processor.py:840} INFO - DAG(s) 'meteorisk_pipeline' retrieved from /opt/airflow/dags/meteorisk_dag.py
[2026-09-18T12:10:15.241+0000] {logging_mixin.py:188} INFO - [2026-09-18T12:10:15.241+0000] {dag.py:3089} INFO - Sync 1 DAGs
[2026-09-18T12:10:15.267+0000] {logging_mixin.py:188} INFO - [2026-09-18T12:10:15.267+0000] {dag.py:3947} INFO - Setting next_dagrun for meteorisk_pipeline to 2026-09-18 00:00:00+00:00, run_after=2026-09-19 00:00:00+00:00
[2026-09-18T12:10:15.805+0000] {processor.py:183} INFO - Processing /opt/airflow/dags/meteorisk_dag.py took 0.704 seconds
[2026-09-18T12:10:45.931+0000] {processor.py:161} INFO - Started process (PID=2611) to work on /opt/airflow/dags/meteorisk_dag.py
[2026-09-18T12:10:45.934+0000] {processor.py:830} INFO - Processing file /opt/airflow/dags/meteorisk_dag.py for tasks to queue
[2026-09-18T12:10:45.938+0000] {logging_mixin.py:188} INFO - [2026-09-18T12:10:45.938+0000] {dagbag.py:545} INFO - Filling up the DagBag from /opt/airflow/dags/meteorisk_dag.py
[2026-09-18T12:10:45.990+0000] {processor.py:840} INFO - DAG(s) 'meteorisk_pipeline' retrieved from /opt/airflow/dags/meteorisk_dag.py
[2026-09-18T12:10:46.038+0000] {logging_mixin.py:188} INFO - [2026-09-18T12:10:46.038+0000] {dag.py:3089} INFO - Sync 1 DAGs
[2026-09-18T12:10:46.062+0000] {logging_mixin.py:188} INFO - [2026-09-18T12:10:46.061+0000] {dag.py:3947} INFO - Setting next_dagrun for meteorisk_pipeline to 2026-09-18 00:00:00+00:00, run_after=2026-09-19 00:00:00+00:00
[2026-09-18T12:10:46.112+0000] {processor.py:183} INFO - Processing /opt/airflow/dags/meteorisk_dag.py took 0.191 seconds
[2026-09-18T12:11:16.365+0000] {processor.py:161} INFO - Started process (PID=2616) to work on /opt/airflow/dags/meteorisk_dag.py
[2026-09-18T12:11:16.368+0000] {processor.py:830} INFO - Processing file /opt/airflow/dags/meteorisk_dag.py for tasks to queue
[2026-09-18T12:11:16.371+0000] {logging_mixin.py:188} INFO - [2026-09-18T12:11:16.371+0000] {dagbag.py:545} INFO - Filling up the DagBag from /opt/airflow/dags/meteorisk_dag.py
[2026-09-18T12:11:16.421+0000] {processor.py:840} INFO - DAG(s) 'meteorisk_pipeline' retrieved from /opt/airflow/dags/meteorisk_dag.py
[2026-09-18T12:11:16.492+0000] {logging_mixin.py:188} INFO - [2026-09-18T12:11:16.491+0000] {dag.py:3089} INFO - Sync 1 DAGs
[2026-09-18T12:11:16.520+0000] {logging_mixin.py:188} INFO - [2026-09-18T12:11:16.520+0000] {dag.py:3947} INFO - Setting next_dagrun for meteorisk_pipeline to 2026-09-18 00:00:00+00:00, run_after=2026-09-19 00:00:00+00:00
[2026-09-18T12:11:16.547+0000] {processor.py:183} INFO - Processing /opt/airflow/dags/meteorisk_dag.py took 0.196 seconds
[2026-09-18T12:11:47.095+0000] {processor.py:161} INFO - Started process (PID=2621) to work on /opt/airflow/dags/meteorisk_dag.py
[2026-09-18T12:11:47.097+0000] {processor.py:830} INFO - Processing file /opt/airflow/dags/meteorisk_dag.py for tasks to queue
[2026-09-18T12:11:47.099+0000] {logging_mixin.py:188} INFO - [2026-09-18T12:11:47.098+0000] {dagbag.py:545} INFO - Filling up the DagBag from /opt/airflow/dags/meteorisk_dag.py
[2026-09-18T12:11:47.134+0000] {processor.py:840} INFO - DAG(s) 'meteorisk_pipeline' retrieved from /opt/airflow/dags/meteorisk_dag.py
[2026-09-18T12:11:47.183+0000] {logging_mixin.py:188} INFO - [2026-09-18T12:11:47.182+0000] {dag.py:3089} INFO - Sync 1 DAGs
[2026-09-18T12:11:47.217+0000] {logging_mixin.py:188} INFO - [2026-09-18T12:11:47.216+0000] {dag.py:3947} INFO - Setting next_dagrun for meteorisk_pipeline to 2026-09-18 00:00:00+00:00, run_after=2026-09-19 00:00:00+00:00
[2026-09-18T12:11:47.255+0000] {processor.py:183} INFO - Processing /opt/airflow/dags/meteorisk_dag.py took 0.166 seconds
[2026-09-18T12:12:17.391+0000] {processor.py:161} INFO - Started process (PID=2626) to work on /opt/airflow/dags/meteorisk_dag.py
[2026-09-18T12:12:17.393+0000] {processor.py:830} INFO - Processing file /opt/airflow/dags/meteorisk_dag.py for tasks to queue
[2026-09-18T12:12:17.397+0000] {logging_mixin.py:188} INFO - [2026-09-18T12:12:17.396+0000] {dagbag.py:545} INFO - Filling up the DagBag from /opt/airflow/dags/meteorisk_dag.py
[2026-09-18T12:12:17.459+0000] {processor.py:840} INFO - DAG(s) 'meteorisk_pipeline' retrieved from /opt/airflow/dags/meteorisk_dag.py
[2026-09-18T12:12:17.505+0000] {logging_mixin.py:188} INFO - [2026-09-18T12:12:17.505+0000] {dag.py:3089} INFO - Sync 1 DAGs
[2026-09-18T12:12:17.532+0000] {logging_mixin.py:188} INFO - [2026-09-18T12:12:17.532+0000] {dag.py:3947} INFO - Setting next_dagrun for meteorisk_pipeline to 2026-09-18 00:00:00+00:00, run_after=2026-09-19 00:00:00+00:00
[2026-09-18T12:12:17.680+0000] {processor.py:183} INFO - Processing /opt/airflow/dags/meteorisk_dag.py took 0.302 seconds
[2026-09-18T12:12:47.906+0000] {processor.py:161} INFO - Started process (PID=2631) to work on /opt/airflow/dags/meteorisk_dag.py
[2026-09-18T12:12:47.911+0000] {processor.py:830} INFO - Processing file /opt/airflow/dags/meteorisk_dag.py for tasks to queue
[2026-09-18T12:12:47.917+0000] {logging_mixin.py:188} INFO - [2026-09-18T12:12:47.916+0000] {dagbag.py:545} INFO - Filling up the DagBag from /opt/airflow/dags/meteorisk_dag.py
[2026-09-18T12:12:47.969+0000] {processor.py:840} INFO - DAG(s) 'meteorisk_pipeline' retrieved from /opt/airflow/dags/meteorisk_dag.py
[2026-09-18T12:12:48.029+0000] {logging_mixin.py:188} INFO - [2026-09-18T12:12:48.029+0000] {dag.py:3089} INFO - Sync 1 DAGs
[2026-09-18T12:12:48.066+0000] {logging_mixin.py:188} INFO - [2026-09-18T12:12:48.066+0000] {dag.py:3947} INFO - Setting next_dagrun for meteorisk_pipeline to 2026-09-18 00:00:00+00:00, run_after=2026-09-19 00:00:00+00:00
[2026-09-18T12:12:48.119+0000] {processor.py:183} INFO - Processing /opt/airflow/dags/meteorisk_dag.py took 0.230 seconds
[2026-09-18T12:13:18.361+0000] {processor.py:161} INFO - Started process (PID=2636) to work on /opt/airflow/dags/meteorisk_dag.py
[2026-09-18T12:13:18.364+0000] {processor.py:830} INFO - Processing file /opt/airflow/dags/meteorisk_dag.py for tasks to queue
[2026-09-18T12:13:18.369+0000] {logging_mixin.py:188} INFO - [2026-09-18T12:13:18.368+0000] {dagbag.py:545} INFO - Filling up the DagBag from /opt/airflow/dags/meteorisk_dag.py
[2026-09-18T12:13:18.422+0000] {processor.py:840} INFO - DAG(s) 'meteorisk_pipeline' retrieved from /opt/airflow/dags/meteorisk_dag.py
[2026-09-18T12:13:18.489+0000] {logging_mixin.py:188} INFO - [2026-09-18T12:13:18.489+0000] {dag.py:3089} INFO - Sync 1 DAGs
[2026-09-18T12:13:18.523+0000] {logging_mixin.py:188} INFO - [2026-09-18T12:13:18.523+0000] {dag.py:3947} INFO - Setting next_dagrun for meteorisk_pipeline to 2026-09-18 00:00:00+00:00, run_after=2026-09-19 00:00:00+00:00
[2026-09-18T12:13:18.551+0000] {processor.py:183} INFO - Processing /opt/airflow/dags/meteorisk_dag.py took 0.201 seconds
[2026-09-18T12:13:48.766+0000] {processor.py:161} INFO - Started process (PID=2641) to work on /opt/airflow/dags/meteorisk_dag.py
[2026-09-18T12:13:48.768+0000] {processor.py:830} INFO - Processing file /opt/airflow/dags/meteorisk_dag.py for tasks to queue
[2026-09-18T12:13:48.772+0000] {logging_mixin.py:188} INFO - [2026-09-18T12:13:48.772+0000] {dagbag.py:545} INFO - Filling up the DagBag from /opt/airflow/dags/meteorisk_dag.py
[2026-09-18T12:13:48.830+0000] {processor.py:840} INFO - DAG(s) 'meteorisk_pipeline' retrieved from /opt/airflow/dags/meteorisk_dag.py
[2026-09-18T12:13:48.867+0000] {logging_mixin.py:188} INFO - [2026-09-18T12:13:48.867+0000] {dag.py:3089} INFO - Sync 1 DAGs
[2026-09-18T12:13:48.893+0000] {logging_mixin.py:188} INFO - [2026-09-18T12:13:48.892+0000] {dag.py:3947} INFO - Setting next_dagrun for meteorisk_pipeline to 2026-09-18 00:00:00+00:00, run_after=2026-09-19 00:00:00+00:00
[2026-09-18T12:13:48.930+0000] {processor.py:183} INFO - Processing /opt/airflow/dags/meteorisk_dag.py took 0.173 seconds
[2026-09-18T12:14:19.228+0000] {processor.py:161} INFO - Started process (PID=2646) to work on /opt/airflow/dags/meteorisk_dag.py
[2026-09-18T12:14:19.231+0000] {processor.py:830} INFO - Processing file /opt/airflow/dags/meteorisk_dag.py for tasks to queue
[2026-09-18T12:14:19.238+0000] {logging_mixin.py:188} INFO - [2026-09-18T12:14:19.237+0000] {dagbag.py:545} INFO - Filling up the DagBag from /opt/airflow/dags/meteorisk_dag.py
[2026-09-18T12:14:19.276+0000] {processor.py:840} INFO - DAG(s) 'meteorisk_pipeline' retrieved from /opt/airflow/dags/meteorisk_dag.py
[2026-09-18T12:14:19.322+0000] {logging_mixin.py:188} INFO - [2026-09-18T12:14:19.321+0000] {dag.py:3089} INFO - Sync 1 DAGs
[2026-09-18T12:14:19.355+0000] {logging_mixin.py:188} INFO - [2026-09-18T12:14:19.355+0000] {dag.py:3947} INFO - Setting next_dagrun for meteorisk_pipeline to 2026-09-18 00:00:00+00:00, run_after=2026-09-19 00:00:00+00:00
[2026-09-18T12:14:19.400+0000] {processor.py:183} INFO - Processing /opt/airflow/dags/meteorisk_dag.py took 0.179 seconds
[2026-09-18T12:14:49.575+0000] {processor.py:161} INFO - Started process (PID=2651) to work on /opt/airflow/dags/meteorisk_dag.py
[2026-09-18T12:14:49.580+0000] {processor.py:830} INFO - Processing file /opt/airflow/dags/meteorisk_dag.py for tasks to queue
[2026-09-18T12:14:49.583+0000] {logging_mixin.py:188} INFO - [2026-09-18T12:14:49.582+0000] {dagbag.py:545} INFO - Filling up the DagBag from /opt/airflow/dags/meteorisk_dag.py
[2026-09-18T12:14:49.654+0000] {processor.py:840} INFO - DAG(s) 'meteorisk_pipeline' retrieved from /opt/airflow/dags/meteorisk_dag.py
[2026-09-18T12:14:49.709+0000] {logging_mixin.py:188} INFO - [2026-09-18T12:14:49.709+0000] {dag.py:3089} INFO - Sync 1 DAGs
[2026-09-18T12:14:49.734+0000] {logging_mixin.py:188} INFO - [2026-09-18T12:14:49.733+0000] {dag.py:3947} INFO - Setting next_dagrun for meteorisk_pipeline to 2026-09-18 00:00:00+00:00, run_after=2026-09-19 00:00:00+00:00
[2026-09-18T12:14:49.757+0000] {processor.py:183} INFO - Processing /opt/airflow/dags/meteorisk_dag.py took 0.199 seconds
[2026-09-18T12:15:19.972+0000] {processor.py:161} INFO - Started process (PID=2656) to work on /opt/airflow/dags/meteorisk_dag.py
[2026-09-18T12:15:19.974+0000] {processor.py:830} INFO - Processing file /opt/airflow/dags/meteorisk_dag.py for tasks to queue
[2026-09-18T12:15:19.977+0000] {logging_mixin.py:188} INFO - [2026-09-18T12:15:19.977+0000] {dagbag.py:545} INFO - Filling up the DagBag from /opt/airflow/dags/meteorisk_dag.py
[2026-09-18T12:15:20.013+0000] {processor.py:840} INFO - DAG(s) 'meteorisk_pipeline' retrieved from /opt/airflow/dags/meteorisk_dag.py
[2026-09-18T12:15:20.047+0000] {logging_mixin.py:188} INFO - [2026-09-18T12:15:20.047+0000] {dag.py:3089} INFO - Sync 1 DAGs
[2026-09-18T12:15:20.070+0000] {logging_mixin.py:188} INFO - [2026-09-18T12:15:20.070+0000] {dag.py:3947} INFO - Setting next_dagrun for meteorisk_pipeline to 2026-09-18 00:00:00+00:00, run_after=2026-09-19 00:00:00+00:00
[2026-09-18T12:15:20.097+0000] {processor.py:183} INFO - Processing /opt/airflow/dags/meteorisk_dag.py took 0.131 seconds
[2026-09-18T12:15:50.424+0000] {processor.py:161} INFO - Started process (PID=2661) to work on /opt/airflow/dags/meteorisk_dag.py
[2026-09-18T12:15:50.427+0000] {processor.py:830} INFO - Processing file /opt/airflow/dags/meteorisk_dag.py for tasks to queue
[2026-09-18T12:15:50.430+0000] {logging_mixin.py:188} INFO - [2026-09-18T12:15:50.430+0000] {dagbag.py:545} INFO - Filling up the DagBag from /opt/airflow/dags/meteorisk_dag.py
[2026-09-18T12:15:50.492+0000] {processor.py:840} INFO - DAG(s) 'meteorisk_pipeline' retrieved from /opt/airflow/dags/meteorisk_dag.py
[2026-09-18T12:15:50.550+0000] {logging_mixin.py:188} INFO - [2026-09-18T12:15:50.550+0000] {dag.py:3089} INFO - Sync 1 DAGs
[2026-09-18T12:15:50.576+0000] {logging_mixin.py:188} INFO - [2026-09-18T12:15:50.576+0000] {dag.py:3947} INFO - Setting next_dagrun for meteorisk_pipeline to 2026-09-18 00:00:00+00:00, run_after=2026-09-19 00:00:00+00:00
[2026-09-18T12:15:50.686+0000] {processor.py:183} INFO - Processing /opt/airflow/dags/meteorisk_dag.py took 0.271 seconds
[2026-09-18T12:16:21.062+0000] {processor.py:161} INFO - Started process (PID=2666) to work on /opt/airflow/dags/meteorisk_dag.py
[2026-09-18T12:16:21.064+0000] {processor.py:830} INFO - Processing file /opt/airflow/dags/meteorisk_dag.py for tasks to queue
[2026-09-18T12:16:21.070+0000] {logging_mixin.py:188} INFO - [2026-09-18T12:16:21.069+0000] {dagbag.py:545} INFO - Filling up the DagBag from /opt/airflow/dags/meteorisk_dag.py
[2026-09-18T12:16:21.128+0000] {processor.py:840} INFO - DAG(s) 'meteorisk_pipeline' retrieved from /opt/airflow/dags/meteorisk_dag.py
[2026-09-18T12:16:21.164+0000] {logging_mixin.py:188} INFO - [2026-09-18T12:16:21.164+0000] {dag.py:3089} INFO - Sync 1 DAGs
[2026-09-18T12:16:21.211+0000] {logging_mixin.py:188} INFO - [2026-09-18T12:16:21.210+0000] {dag.py:3947} INFO - Setting next_dagrun for meteorisk_pipeline to 2026-09-18 00:00:00+00:00, run_after=2026-09-19 00:00:00+00:00
[2026-09-18T12:16:21.286+0000] {processor.py:183} INFO - Processing /opt/airflow/dags/meteorisk_dag.py took 0.239 seconds
[2026-09-18T12:16:51.664+0000] {processor.py:161} INFO - Started process (PID=2671) to work on /opt/airflow/dags/meteorisk_dag.py
[2026-09-18T12:16:51.667+0000] {processor.py:830} INFO - Processing file /opt/airflow/dags/meteorisk_dag.py for tasks to queue
[2026-09-18T12:16:51.671+0000] {logging_mixin.py:188} INFO - [2026-09-18T12:16:51.670+0000] {dagbag.py:545} INFO - Filling up the DagBag from /opt/airflow/dags/meteorisk_dag.py
[2026-09-18T12:16:51.729+0000] {processor.py:840} INFO - DAG(s) 'meteorisk_pipeline' retrieved from /opt/airflow/dags/meteorisk_dag.py
[2026-09-18T12:16:51.785+0000] {logging_mixin.py:188} INFO - [2026-09-18T12:16:51.784+0000] {dag.py:3089} INFO - Sync 1 DAGs
[2026-09-18T12:16:51.824+0000] {logging_mixin.py:188} INFO - [2026-09-18T12:16:51.824+0000] {dag.py:3947} INFO - Setting next_dagrun for meteorisk_pipeline to 2026-09-18 00:00:00+00:00, run_after=2026-09-19 00:00:00+00:00
[2026-09-18T12:16:51.854+0000] {processor.py:183} INFO - Processing /opt/airflow/dags/meteorisk_dag.py took 0.202 seconds
[2026-09-18T12:17:21.989+0000] {processor.py:161} INFO - Started process (PID=2676) to work on /opt/airflow/dags/meteorisk_dag.py
[2026-09-18T12:17:21.991+0000] {processor.py:830} INFO - Processing file /opt/airflow/dags/meteorisk_dag.py for tasks to queue
[2026-09-18T12:17:21.999+0000] {logging_mixin.py:188} INFO - [2026-09-18T12:17:21.997+0000] {dagbag.py:545} INFO - Filling up the DagBag from /opt/airflow/dags/meteorisk_dag.py
[2026-09-18T12:17:22.056+0000] {processor.py:840} INFO - DAG(s) 'meteorisk_pipeline' retrieved from /opt/airflow/dags/meteorisk_dag.py
[2026-09-18T12:17:22.129+0000] {logging_mixin.py:188} INFO - [2026-09-18T12:17:22.128+0000] {dag.py:3089} INFO - Sync 1 DAGs
[2026-09-18T12:17:22.183+0000] {logging_mixin.py:188} INFO - [2026-09-18T12:17:22.183+0000] {dag.py:3947} INFO - Setting next_dagrun for meteorisk_pipeline to 2026-09-18 00:00:00+00:00, run_after=2026-09-19 00:00:00+00:00
[2026-09-18T12:17:22.265+0000] {processor.py:183} INFO - Processing /opt/airflow/dags/meteorisk_dag.py took 0.288 seconds
[2026-09-18T12:17:52.510+0000] {processor.py:161} INFO - Started process (PID=2681) to work on /opt/airflow/dags/meteorisk_dag.py
[2026-09-18T12:17:52.513+0000] {processor.py:830} INFO - Processing file /opt/airflow/dags/meteorisk_dag.py for tasks to queue
[2026-09-18T12:17:52.518+0000] {logging_mixin.py:188} INFO - [2026-09-18T12:17:52.518+0000] {dagbag.py:545} INFO - Filling up the DagBag from /opt/airflow/dags/meteorisk_dag.py
[2026-09-18T12:17:52.576+0000] {processor.py:840} INFO - DAG(s) 'meteorisk_pipeline' retrieved from /opt/airflow/dags/meteorisk_dag.py
[2026-09-18T12:17:52.616+0000] {logging_mixin.py:188} INFO - [2026-09-18T12:17:52.616+0000] {dag.py:3089} INFO - Sync 1 DAGs
[2026-09-18T12:17:52.643+0000] {logging_mixin.py:188} INFO - [2026-09-18T12:17:52.643+0000] {dag.py:3947} INFO - Setting next_dagrun for meteorisk_pipeline to 2026-09-18 00:00:00+00:00, run_after=2026-09-19 00:00:00+00:00
[2026-09-18T12:17:52.710+0000] {processor.py:183} INFO - Processing /opt/airflow/dags/meteorisk_dag.py took 0.216 seconds
[2026-09-18T12:18:22.910+0000] {processor.py:161} INFO - Started process (PID=2686) to work on /opt/airflow/dags/meteorisk_dag.py
[2026-09-18T12:18:22.912+0000] {processor.py:830} INFO - Processing file /opt/airflow/dags/meteorisk_dag.py for tasks to queue
[2026-09-18T12:18:22.914+0000] {logging_mixin.py:188} INFO - [2026-09-18T12:18:22.914+0000] {dagbag.py:545} INFO - Filling up the DagBag from /opt/airflow/dags/meteorisk_dag.py
[2026-09-18T12:18:22.975+0000] {processor.py:840} INFO - DAG(s) 'meteorisk_pipeline' retrieved from /opt/airflow/dags/meteorisk_dag.py
[2026-09-18T12:18:23.030+0000] {logging_mixin.py:188} INFO - [2026-09-18T12:18:23.029+0000] {dag.py:3089} INFO - Sync 1 DAGs
[2026-09-18T12:18:23.060+0000] {logging_mixin.py:188} INFO - [2026-09-18T12:18:23.060+0000] {dag.py:3947} INFO - Setting next_dagrun for meteorisk_pipeline to 2026-09-18 00:00:00+00:00, run_after=2026-09-19 00:00:00+00:00
[2026-09-18T12:18:23.093+0000] {processor.py:183} INFO - Processing /opt/airflow/dags/meteorisk_dag.py took 0.191 seconds
[2026-09-18T12:18:53.370+0000] {processor.py:161} INFO - Started process (PID=2691) to work on /opt/airflow/dags/meteorisk_dag.py
[2026-09-18T12:18:53.371+0000] {processor.py:830} INFO - Processing file /opt/airflow/dags/meteorisk_dag.py for tasks to queue
[2026-09-18T12:18:53.373+0000] {logging_mixin.py:188} INFO - [2026-09-18T12:18:53.373+0000] {dagbag.py:545} INFO - Filling up the DagBag from /opt/airflow/dags/meteorisk_dag.py
[2026-09-18T12:18:53.408+0000] {processor.py:840} INFO - DAG(s) 'meteorisk_pipeline' retrieved from /opt/airflow/dags/meteorisk_dag.py
[2026-09-18T12:18:53.446+0000] {logging_mixin.py:188} INFO - [2026-09-18T12:18:53.446+0000] {dag.py:3089} INFO - Sync 1 DAGs
[2026-09-18T12:18:53.474+0000] {logging_mixin.py:188} INFO - [2026-09-18T12:18:53.474+0000] {dag.py:3947} INFO - Setting next_dagrun for meteorisk_pipeline to 2026-09-18 00:00:00+00:00, run_after=2026-09-19 00:00:00+00:00
[2026-09-18T12:18:53.496+0000] {processor.py:183} INFO - Processing /opt/airflow/dags/meteorisk_dag.py took 0.132 seconds
[2026-09-18T12:19:23.812+0000] {processor.py:161} INFO - Started process (PID=2696) to work on /opt/airflow/dags/meteorisk_dag.py
[2026-09-18T12:19:23.814+0000] {processor.py:830} INFO - Processing file /opt/airflow/dags/meteorisk_dag.py for tasks to queue
[2026-09-18T12:19:23.818+0000] {logging_mixin.py:188} INFO - [2026-09-18T12:19:23.818+0000] {dagbag.py:545} INFO - Filling up the DagBag from /opt/airflow/dags/meteorisk_dag.py
[2026-09-18T12:19:23.873+0000] {processor.py:840} INFO - DAG(s) 'meteorisk_pipeline' retrieved from /opt/airflow/dags/meteorisk_dag.py
[2026-09-18T12:19:23.917+0000] {logging_mixin.py:188} INFO - [2026-09-18T12:19:23.917+0000] {dag.py:3089} INFO - Sync 1 DAGs
[2026-09-18T12:19:23.945+0000] {logging_mixin.py:188} INFO - [2026-09-18T12:19:23.944+0000] {dag.py:3947} INFO - Setting next_dagrun for meteorisk_pipeline to 2026-09-18 00:00:00+00:00, run_after=2026-09-19 00:00:00+00:00
[2026-09-18T12:19:23.968+0000] {processor.py:183} INFO - Processing /opt/airflow/dags/meteorisk_dag.py took 0.163 seconds
[2026-09-18T12:19:54.173+0000] {processor.py:161} INFO - Started process (PID=2701) to work on /opt/airflow/dags/meteorisk_dag.py
[2026-09-18T12:19:54.177+0000] {processor.py:830} INFO - Processing file /opt/airflow/dags/meteorisk_dag.py for tasks to queue
[2026-09-18T12:19:54.185+0000] {logging_mixin.py:188} INFO - [2026-09-18T12:19:54.184+0000] {dagbag.py:545} INFO - Filling up the DagBag from /opt/airflow/dags/meteorisk_dag.py
[2026-09-18T12:19:54.260+0000] {processor.py:840} INFO - DAG(s) 'meteorisk_pipeline' retrieved from /opt/airflow/dags/meteorisk_dag.py
[2026-09-18T12:19:54.309+0000] {logging_mixin.py:188} INFO - [2026-09-18T12:19:54.308+0000] {dag.py:3089} INFO - Sync 1 DAGs
[2026-09-18T12:19:54.338+0000] {logging_mixin.py:188} INFO - [2026-09-18T12:19:54.338+0000] {dag.py:3947} INFO - Setting next_dagrun for meteorisk_pipeline to 2026-09-18 00:00:00+00:00, run_after=2026-09-19 00:00:00+00:00
[2026-09-18T12:19:54.368+0000] {processor.py:183} INFO - Processing /opt/airflow/dags/meteorisk_dag.py took 0.207 seconds
[2026-09-18T12:20:24.617+0000] {processor.py:161} INFO - Started process (PID=2706) to work on /opt/airflow/dags/meteorisk_dag.py
[2026-09-18T12:20:24.620+0000] {processor.py:830} INFO - Processing file /opt/airflow/dags/meteorisk_dag.py for tasks to queue
[2026-09-18T12:20:24.624+0000] {logging_mixin.py:188} INFO - [2026-09-18T12:20:24.623+0000] {dagbag.py:545} INFO - Filling up the DagBag from /opt/airflow/dags/meteorisk_dag.py
[2026-09-18T12:20:24.670+0000] {processor.py:840} INFO - DAG(s) 'meteorisk_pipeline' retrieved from /opt/airflow/dags/meteorisk_dag.py
[2026-09-18T12:20:24.712+0000] {logging_mixin.py:188} INFO - [2026-09-18T12:20:24.712+0000] {dag.py:3089} INFO - Sync 1 DAGs
[2026-09-18T12:20:24.744+0000] {logging_mixin.py:188} INFO - [2026-09-18T12:20:24.744+0000] {dag.py:3947} INFO - Setting next_dagrun for meteorisk_pipeline to 2026-09-18 00:00:00+00:00, run_after=2026-09-19 00:00:00+00:00
[2026-09-18T12:20:24.772+0000] {processor.py:183} INFO - Processing /opt/airflow/dags/meteorisk_dag.py took 0.169 seconds
[2026-09-18T12:20:55.069+0000] {processor.py:161} INFO - Started process (PID=2711) to work on /opt/airflow/dags/meteorisk_dag.py
[2026-09-18T12:20:55.072+0000] {processor.py:830} INFO - Processing file /opt/airflow/dags/meteorisk_dag.py for tasks to queue
[2026-09-18T12:20:55.075+0000] {logging_mixin.py:188} INFO - [2026-09-18T12:20:55.074+0000] {dagbag.py:545} INFO - Filling up the DagBag from /opt/airflow/dags/meteorisk_dag.py
[2026-09-18T12:20:55.140+0000] {processor.py:840} INFO - DAG(s) 'meteorisk_pipeline' retrieved from /opt/airflow/dags/meteorisk_dag.py
[2026-09-18T12:20:55.210+0000] {logging_mixin.py:188} INFO - [2026-09-18T12:20:55.209+0000] {dag.py:3089} INFO - Sync 1 DAGs
[2026-09-18T12:20:55.242+0000] {logging_mixin.py:188} INFO - [2026-09-18T12:20:55.242+0000] {dag.py:3947} INFO - Setting next_dagrun for meteorisk_pipeline to 2026-09-18 00:00:00+00:00, run_after=2026-09-19 00:00:00+00:00
[2026-09-18T12:20:55.295+0000] {processor.py:183} INFO - Processing /opt/airflow/dags/meteorisk_dag.py took 0.241 seconds
[2026-09-18T12:21:25.463+0000] {processor.py:161} INFO - Started process (PID=2716) to work on /opt/airflow/dags/meteorisk_dag.py
[2026-09-18T12:21:25.466+0000] {processor.py:830} INFO - Processing file /opt/airflow/dags/meteorisk_dag.py for tasks to queue
[2026-09-18T12:21:25.470+0000] {logging_mixin.py:188} INFO - [2026-09-18T12:21:25.469+0000] {dagbag.py:545} INFO - Filling up the DagBag from /opt/airflow/dags/meteorisk_dag.py
[2026-09-18T12:21:25.519+0000] {processor.py:840} INFO - DAG(s) 'meteorisk_pipeline' retrieved from /opt/airflow/dags/meteorisk_dag.py
[2026-09-18T12:21:25.577+0000] {logging_mixin.py:188} INFO - [2026-09-18T12:21:25.576+0000] {dag.py:3089} INFO - Sync 1 DAGs
[2026-09-18T12:21:25.625+0000] {logging_mixin.py:188} INFO - [2026-09-18T12:21:25.624+0000] {dag.py:3947} INFO - Setting next_dagrun for meteorisk_pipeline to 2026-09-18 00:00:00+00:00, run_after=2026-09-19 00:00:00+00:00
[2026-09-18T12:21:25.663+0000] {processor.py:183} INFO - Processing /opt/airflow/dags/meteorisk_dag.py took 0.219 seconds
[2026-09-18T12:21:56.009+0000] {processor.py:161} INFO - Started process (PID=2721) to work on /opt/airflow/dags/meteorisk_dag.py
[2026-09-18T12:21:56.011+0000] {processor.py:830} INFO - Processing file /opt/airflow/dags/meteorisk_dag.py for tasks to queue
[2026-09-18T12:21:56.018+0000] {logging_mixin.py:188} INFO - [2026-09-18T12:21:56.017+0000] {dagbag.py:545} INFO - Filling up the DagBag from /opt/airflow/dags/meteorisk_dag.py
[2026-09-18T12:21:56.068+0000] {processor.py:840} INFO - DAG(s) 'meteorisk_pipeline' retrieved from /opt/airflow/dags/meteorisk_dag.py
[2026-09-18T12:21:56.108+0000] {logging_mixin.py:188} INFO - [2026-09-18T12:21:56.108+0000] {dag.py:3089} INFO - Sync 1 DAGs
[2026-09-18T12:21:56.129+0000] {logging_mixin.py:188} INFO - [2026-09-18T12:21:56.129+0000] {dag.py:3947} INFO - Setting next_dagrun for meteorisk_pipeline to 2026-09-18 00:00:00+00:00, run_after=2026-09-19 00:00:00+00:00
[2026-09-18T12:21:56.171+0000] {processor.py:183} INFO - Processing /opt/airflow/dags/meteorisk_dag.py took 0.176 seconds
[2026-09-18T12:22:26.303+0000] {processor.py:161} INFO - Started process (PID=2726) to work on /opt/airflow/dags/meteorisk_dag.py
[2026-09-18T12:22:26.306+0000] {processor.py:830} INFO - Processing file /opt/airflow/dags/meteorisk_dag.py for tasks to queue
[2026-09-18T12:22:26.310+0000] {logging_mixin.py:188} INFO - [2026-09-18T12:22:26.309+0000] {dagbag.py:545} INFO - Filling up the DagBag from /opt/airflow/dags/meteorisk_dag.py
[2026-09-18T12:22:26.376+0000] {processor.py:840} INFO - DAG(s) 'meteorisk_pipeline' retrieved from /opt/airflow/dags/meteorisk_dag.py
[2026-09-18T12:22:26.438+0000] {logging_mixin.py:188} INFO - [2026-09-18T12:22:26.438+0000] {dag.py:3089} INFO - Sync 1 DAGs
[2026-09-18T12:22:26.468+0000] {logging_mixin.py:188} INFO - [2026-09-18T12:22:26.468+0000] {dag.py:3947} INFO - Setting next_dagrun for meteorisk_pipeline to 2026-09-18 00:00:00+00:00, run_after=2026-09-19 00:00:00+00:00
[2026-09-18T12:22:26.495+0000] {processor.py:183} INFO - Processing /opt/airflow/dags/meteorisk_dag.py took 0.199 seconds
[2026-09-18T12:22:56.779+0000] {processor.py:161} INFO - Started process (PID=2731) to work on /opt/airflow/dags/meteorisk_dag.py
[2026-09-18T12:22:56.782+0000] {processor.py:830} INFO - Processing file /opt/airflow/dags/meteorisk_dag.py for tasks to queue
[2026-09-18T12:22:56.785+0000] {logging_mixin.py:188} INFO - [2026-09-18T12:22:56.785+0000] {dagbag.py:545} INFO - Filling up the DagBag from /opt/airflow/dags/meteorisk_dag.py
[2026-09-18T12:22:56.852+0000] {processor.py:840} INFO - DAG(s) 'meteorisk_pipeline' retrieved from /opt/airflow/dags/meteorisk_dag.py
[2026-09-18T12:22:56.901+0000] {logging_mixin.py:188} INFO - [2026-09-18T12:22:56.901+0000] {dag.py:3089} INFO - Sync 1 DAGs
[2026-09-18T12:22:56.939+0000] {logging_mixin.py:188} INFO - [2026-09-18T12:22:56.939+0000] {dag.py:3947} INFO - Setting next_dagrun for meteorisk_pipeline to 2026-09-18 00:00:00+00:00, run_after=2026-09-19 00:00:00+00:00
[2026-09-18T12:22:56.986+0000] {processor.py:183} INFO - Processing /opt/airflow/dags/meteorisk_dag.py took 0.219 seconds
[2026-09-18T12:23:27.125+0000] {processor.py:161} INFO - Started process (PID=2736) to work on /opt/airflow/dags/meteorisk_dag.py
[2026-09-18T12:23:27.128+0000] {processor.py:830} INFO - Processing file /opt/airflow/dags/meteorisk_dag.py for tasks to queue
[2026-09-18T12:23:27.133+0000] {logging_mixin.py:188} INFO - [2026-09-18T12:23:27.133+0000] {dagbag.py:545} INFO - Filling up the DagBag from /opt/airflow/dags/meteorisk_dag.py
[2026-09-18T12:23:27.193+0000] {processor.py:840} INFO - DAG(s) 'meteorisk_pipeline' retrieved from /opt/airflow/dags/meteorisk_dag.py
[2026-09-18T12:23:27.269+0000] {logging_mixin.py:188} INFO - [2026-09-18T12:23:27.268+0000] {dag.py:3089} INFO - Sync 1 DAGs
[2026-09-18T12:23:27.324+0000] {logging_mixin.py:188} INFO - [2026-09-18T12:23:27.323+0000] {dag.py:3947} INFO - Setting next_dagrun for meteorisk_pipeline to 2026-09-18 00:00:00+00:00, run_after=2026-09-19 00:00:00+00:00
[2026-09-18T12:23:27.413+0000] {processor.py:183} INFO - Processing /opt/airflow/dags/meteorisk_dag.py took 0.299 seconds
[2026-09-18T12:23:57.705+0000] {processor.py:161} INFO - Started process (PID=2741) to work on /opt/airflow/dags/meteorisk_dag.py
[2026-09-18T12:23:57.710+0000] {processor.py:830} INFO - Processing file /opt/airflow/dags/meteorisk_dag.py for tasks to queue
[2026-09-18T12:23:57.714+0000] {logging_mixin.py:188} INFO - [2026-09-18T12:23:57.714+0000] {dagbag.py:545} INFO - Filling up the DagBag from /opt/airflow/dags/meteorisk_dag.py
[2026-09-18T12:23:57.783+0000] {processor.py:840} INFO - DAG(s) 'meteorisk_pipeline' retrieved from /opt/airflow/dags/meteorisk_dag.py
[2026-09-18T12:23:57.858+0000] {logging_mixin.py:188} INFO - [2026-09-18T12:23:57.857+0000] {dag.py:3089} INFO - Sync 1 DAGs
[2026-09-18T12:23:57.914+0000] {logging_mixin.py:188} INFO - [2026-09-18T12:23:57.914+0000] {dag.py:3947} INFO - Setting next_dagrun for meteorisk_pipeline to 2026-09-18 00:00:00+00:00, run_after=2026-09-19 00:00:00+00:00
[2026-09-18T12:23:57.947+0000] {processor.py:183} INFO - Processing /opt/airflow/dags/meteorisk_dag.py took 0.255 seconds
[2026-09-18T12:24:28.181+0000] {processor.py:161} INFO - Started process (PID=2746) to work on /opt/airflow/dags/meteorisk_dag.py
[2026-09-18T12:24:28.184+0000] {processor.py:830} INFO - Processing file /opt/airflow/dags/meteorisk_dag.py for tasks to queue
[2026-09-18T12:24:28.189+0000] {logging_mixin.py:188} INFO - [2026-09-18T12:24:28.188+0000] {dagbag.py:545} INFO - Filling up the DagBag from /opt/airflow/dags/meteorisk_dag.py
[2026-09-18T12:24:28.253+0000] {processor.py:840} INFO - DAG(s) 'meteorisk_pipeline' retrieved from /opt/airflow/dags/meteorisk_dag.py
[2026-09-18T12:24:28.296+0000] {logging_mixin.py:188} INFO - [2026-09-18T12:24:28.295+0000] {dag.py:3089} INFO - Sync 1 DAGs
[2026-09-18T12:24:28.321+0000] {logging_mixin.py:188} INFO - [2026-09-18T12:24:28.321+0000] {dag.py:3947} INFO - Setting next_dagrun for meteorisk_pipeline to 2026-09-18 00:00:00+00:00, run_after=2026-09-19 00:00:00+00:00
[2026-09-18T12:24:28.347+0000] {processor.py:183} INFO - Processing /opt/airflow/dags/meteorisk_dag.py took 0.179 seconds
[2026-09-18T12:24:58.648+0000] {processor.py:161} INFO - Started process (PID=2751) to work on /opt/airflow/dags/meteorisk_dag.py
[2026-09-18T12:24:58.654+0000] {processor.py:830} INFO - Processing file /opt/airflow/dags/meteorisk_dag.py for tasks to queue
[2026-09-18T12:24:58.658+0000] {logging_mixin.py:188} INFO - [2026-09-18T12:24:58.658+0000] {dagbag.py:545} INFO - Filling up the DagBag from /opt/airflow/dags/meteorisk_dag.py
[2026-09-18T12:24:58.715+0000] {processor.py:840} INFO - DAG(s) 'meteorisk_pipeline' retrieved from /opt/airflow/dags/meteorisk_dag.py
[2026-09-18T12:24:58.759+0000] {logging_mixin.py:188} INFO - [2026-09-18T12:24:58.759+0000] {dag.py:3089} INFO - Sync 1 DAGs
[2026-09-18T12:24:58.785+0000] {logging_mixin.py:188} INFO - [2026-09-18T12:24:58.784+0000] {dag.py:3947} INFO - Setting next_dagrun for meteorisk_pipeline to 2026-09-18 00:00:00+00:00, run_after=2026-09-19 00:00:00+00:00
[2026-09-18T12:24:58.811+0000] {processor.py:183} INFO - Processing /opt/airflow/dags/meteorisk_dag.py took 0.177 seconds
[2026-09-18T12:25:28.962+0000] {processor.py:161} INFO - Started process (PID=2756) to work on /opt/airflow/dags/meteorisk_dag.py
[2026-09-18T12:25:28.964+0000] {processor.py:830} INFO - Processing file /opt/airflow/dags/meteorisk_dag.py for tasks to queue
[2026-09-18T12:25:28.969+0000] {logging_mixin.py:188} INFO - [2026-09-18T12:25:28.968+0000] {dagbag.py:545} INFO - Filling up the DagBag from /opt/airflow/dags/meteorisk_dag.py
[2026-09-18T12:25:29.022+0000] {processor.py:840} INFO - DAG(s) 'meteorisk_pipeline' retrieved from /opt/airflow/dags/meteorisk_dag.py
[2026-09-18T12:25:29.079+0000] {logging_mixin.py:188} INFO - [2026-09-18T12:25:29.079+0000] {dag.py:3089} INFO - Sync 1 DAGs
[2026-09-18T12:25:29.104+0000] {logging_mixin.py:188} INFO - [2026-09-18T12:25:29.104+0000] {dag.py:3947} INFO - Setting next_dagrun for meteorisk_pipeline to 2026-09-18 00:00:00+00:00, run_after=2026-09-19 00:00:00+00:00
[2026-09-18T12:25:29.132+0000] {processor.py:183} INFO - Processing /opt/airflow/dags/meteorisk_dag.py took 0.179 seconds
[2026-09-18T12:25:59.402+0000] {processor.py:161} INFO - Started process (PID=2761) to work on /opt/airflow/dags/meteorisk_dag.py
[2026-09-18T12:25:59.403+0000] {processor.py:830} INFO - Processing file /opt/airflow/dags/meteorisk_dag.py for tasks to queue
[2026-09-18T12:25:59.406+0000] {logging_mixin.py:188} INFO - [2026-09-18T12:25:59.406+0000] {dagbag.py:545} INFO - Filling up the DagBag from /opt/airflow/dags/meteorisk_dag.py
[2026-09-18T12:25:59.456+0000] {processor.py:840} INFO - DAG(s) 'meteorisk_pipeline' retrieved from /opt/airflow/dags/meteorisk_dag.py
[2026-09-18T12:25:59.499+0000] {logging_mixin.py:188} INFO - [2026-09-18T12:25:59.499+0000] {dag.py:3089} INFO - Sync 1 DAGs
[2026-09-18T12:25:59.524+0000] {logging_mixin.py:188} INFO - [2026-09-18T12:25:59.524+0000] {dag.py:3947} INFO - Setting next_dagrun for meteorisk_pipeline to 2026-09-18 00:00:00+00:00, run_after=2026-09-19 00:00:00+00:00
[2026-09-18T12:25:59.548+0000] {processor.py:183} INFO - Processing /opt/airflow/dags/meteorisk_dag.py took 0.153 seconds
[2026-09-18T12:26:29.800+0000] {processor.py:161} INFO - Started process (PID=2766) to work on /opt/airflow/dags/meteorisk_dag.py
[2026-09-18T12:26:29.803+0000] {processor.py:830} INFO - Processing file /opt/airflow/dags/meteorisk_dag.py for tasks to queue
[2026-09-18T12:26:29.810+0000] {logging_mixin.py:188} INFO - [2026-09-18T12:26:29.809+0000] {dagbag.py:545} INFO - Filling up the DagBag from /opt/airflow/dags/meteorisk_dag.py
[2026-09-18T12:26:29.852+0000] {processor.py:840} INFO - DAG(s) 'meteorisk_pipeline' retrieved from /opt/airflow/dags/meteorisk_dag.py
[2026-09-18T12:26:29.914+0000] {logging_mixin.py:188} INFO - [2026-09-18T12:26:29.913+0000] {dag.py:3089} INFO - Sync 1 DAGs
[2026-09-18T12:26:29.943+0000] {logging_mixin.py:188} INFO - [2026-09-18T12:26:29.943+0000] {dag.py:3947} INFO - Setting next_dagrun for meteorisk_pipeline to 2026-09-18 00:00:00+00:00, run_after=2026-09-19 00:00:00+00:00
[2026-09-18T12:26:29.964+0000] {processor.py:183} INFO - Processing /opt/airflow/dags/meteorisk_dag.py took 0.179 seconds
[2026-09-18T12:27:00.198+0000] {processor.py:161} INFO - Started process (PID=2771) to work on /opt/airflow/dags/meteorisk_dag.py
[2026-09-18T12:27:00.200+0000] {processor.py:830} INFO - Processing file /opt/airflow/dags/meteorisk_dag.py for tasks to queue
[2026-09-18T12:27:00.202+0000] {logging_mixin.py:188} INFO - [2026-09-18T12:27:00.202+0000] {dagbag.py:545} INFO - Filling up the DagBag from /opt/airflow/dags/meteorisk_dag.py
[2026-09-18T12:27:00.271+0000] {processor.py:840} INFO - DAG(s) 'meteorisk_pipeline' retrieved from /opt/airflow/dags/meteorisk_dag.py
[2026-09-18T12:27:00.343+0000] {logging_mixin.py:188} INFO - [2026-09-18T12:27:00.342+0000] {dag.py:3089} INFO - Sync 1 DAGs
[2026-09-18T12:27:00.379+0000] {logging_mixin.py:188} INFO - [2026-09-18T12:27:00.379+0000] {dag.py:3947} INFO - Setting next_dagrun for meteorisk_pipeline to 2026-09-18 00:00:00+00:00, run_after=2026-09-19 00:00:00+00:00
[2026-09-18T12:27:00.420+0000] {processor.py:183} INFO - Processing /opt/airflow/dags/meteorisk_dag.py took 0.231 seconds
[2026-09-18T12:27:30.604+0000] {processor.py:161} INFO - Started process (PID=2776) to work on /opt/airflow/dags/meteorisk_dag.py
[2026-09-18T12:27:30.606+0000] {processor.py:830} INFO - Processing file /opt/airflow/dags/meteorisk_dag.py for tasks to queue
[2026-09-18T12:27:30.610+0000] {logging_mixin.py:188} INFO - [2026-09-18T12:27:30.610+0000] {dagbag.py:545} INFO - Filling up the DagBag from /opt/airflow/dags/meteorisk_dag.py
[2026-09-18T12:27:30.685+0000] {processor.py:840} INFO - DAG(s) 'meteorisk_pipeline' retrieved from /opt/airflow/dags/meteorisk_dag.py
[2026-09-18T12:27:30.744+0000] {logging_mixin.py:188} INFO - [2026-09-18T12:27:30.744+0000] {dag.py:3089} INFO - Sync 1 DAGs
[2026-09-18T12:27:30.779+0000] {logging_mixin.py:188} INFO - [2026-09-18T12:27:30.779+0000] {dag.py:3947} INFO - Setting next_dagrun for meteorisk_pipeline to 2026-09-18 00:00:00+00:00, run_after=2026-09-19 00:00:00+00:00
[2026-09-18T12:27:30.814+0000] {processor.py:183} INFO - Processing /opt/airflow/dags/meteorisk_dag.py took 0.224 seconds
[2026-09-18T12:28:01.136+0000] {processor.py:161} INFO - Started process (PID=2781) to work on /opt/airflow/dags/meteorisk_dag.py
[2026-09-18T12:28:01.139+0000] {processor.py:830} INFO - Processing file /opt/airflow/dags/meteorisk_dag.py for tasks to queue
[2026-09-18T12:28:01.143+0000] {logging_mixin.py:188} INFO - [2026-09-18T12:28:01.143+0000] {dagbag.py:545} INFO - Filling up the DagBag from /opt/airflow/dags/meteorisk_dag.py
[2026-09-18T12:28:01.180+0000] {processor.py:840} INFO - DAG(s) 'meteorisk_pipeline' retrieved from /opt/airflow/dags/meteorisk_dag.py
[2026-09-18T12:28:01.218+0000] {logging_mixin.py:188} INFO - [2026-09-18T12:28:01.217+0000] {dag.py:3089} INFO - Sync 1 DAGs
[2026-09-18T12:28:01.241+0000] {logging_mixin.py:188} INFO - [2026-09-18T12:28:01.241+0000] {dag.py:3947} INFO - Setting next_dagrun for meteorisk_pipeline to 2026-09-18 00:00:00+00:00, run_after=2026-09-19 00:00:00+00:00
[2026-09-18T12:28:01.265+0000] {processor.py:183} INFO - Processing /opt/airflow/dags/meteorisk_dag.py took 0.145 seconds
[2026-09-18T12:28:31.489+0000] {processor.py:161} INFO - Started process (PID=2786) to work on /opt/airflow/dags/meteorisk_dag.py
[2026-09-18T12:28:31.491+0000] {processor.py:830} INFO - Processing file /opt/airflow/dags/meteorisk_dag.py for tasks to queue
[2026-09-18T12:28:31.494+0000] {logging_mixin.py:188} INFO - [2026-09-18T12:28:31.493+0000] {dagbag.py:545} INFO - Filling up the DagBag from /opt/airflow/dags/meteorisk_dag.py
[2026-09-18T12:28:31.534+0000] {processor.py:840} INFO - DAG(s) 'meteorisk_pipeline' retrieved from /opt/airflow/dags/meteorisk_dag.py
[2026-09-18T12:28:31.573+0000] {logging_mixin.py:188} INFO - [2026-09-18T12:28:31.572+0000] {dag.py:3089} INFO - Sync 1 DAGs
[2026-09-18T12:28:31.597+0000] {logging_mixin.py:188} INFO - [2026-09-18T12:28:31.597+0000] {dag.py:3947} INFO - Setting next_dagrun for meteorisk_pipeline to 2026-09-18 00:00:00+00:00, run_after=2026-09-19 00:00:00+00:00
[2026-09-18T12:28:31.623+0000] {processor.py:183} INFO - Processing /opt/airflow/dags/meteorisk_dag.py took 0.141 seconds
[2026-09-18T12:29:01.930+0000] {processor.py:161} INFO - Started process (PID=2791) to work on /opt/airflow/dags/meteorisk_dag.py
[2026-09-18T12:29:01.931+0000] {processor.py:830} INFO - Processing file /opt/airflow/dags/meteorisk_dag.py for tasks to queue
[2026-09-18T12:29:01.934+0000] {logging_mixin.py:188} INFO - [2026-09-18T12:29:01.934+0000] {dagbag.py:545} INFO - Filling up the DagBag from /opt/airflow/dags/meteorisk_dag.py
[2026-09-18T12:29:01.981+0000] {processor.py:840} INFO - DAG(s) 'meteorisk_pipeline' retrieved from /opt/airflow/dags/meteorisk_dag.py
[2026-09-18T12:29:02.024+0000] {logging_mixin.py:188} INFO - [2026-09-18T12:29:02.024+0000] {dag.py:3089} INFO - Sync 1 DAGs
[2026-09-18T12:29:02.060+0000] {logging_mixin.py:188} INFO - [2026-09-18T12:29:02.059+0000] {dag.py:3947} INFO - Setting next_dagrun for meteorisk_pipeline to 2026-09-18 00:00:00+00:00, run_after=2026-09-19 00:00:00+00:00
[2026-09-18T12:29:02.173+0000] {processor.py:183} INFO - Processing /opt/airflow/dags/meteorisk_dag.py took 0.251 seconds
[2026-09-18T12:29:32.391+0000] {processor.py:161} INFO - Started process (PID=2796) to work on /opt/airflow/dags/meteorisk_dag.py
[2026-09-18T12:29:32.393+0000] {processor.py:830} INFO - Processing file /opt/airflow/dags/meteorisk_dag.py for tasks to queue
[2026-09-18T12:29:32.397+0000] {logging_mixin.py:188} INFO - [2026-09-18T12:29:32.396+0000] {dagbag.py:545} INFO - Filling up the DagBag from /opt/airflow/dags/meteorisk_dag.py
[2026-09-18T12:29:32.459+0000] {processor.py:840} INFO - DAG(s) 'meteorisk_pipeline' retrieved from /opt/airflow/dags/meteorisk_dag.py
[2026-09-18T12:29:32.512+0000] {logging_mixin.py:188} INFO - [2026-09-18T12:29:32.511+0000] {dag.py:3089} INFO - Sync 1 DAGs
[2026-09-18T12:29:32.537+0000] {logging_mixin.py:188} INFO - [2026-09-18T12:29:32.537+0000] {dag.py:3947} INFO - Setting next_dagrun for meteorisk_pipeline to 2026-09-18 00:00:00+00:00, run_after=2026-09-19 00:00:00+00:00
[2026-09-18T12:29:32.559+0000] {processor.py:183} INFO - Processing /opt/airflow/dags/meteorisk_dag.py took 0.177 seconds
[2026-09-18T12:30:02.789+0000] {processor.py:161} INFO - Started process (PID=2801) to work on /opt/airflow/dags/meteorisk_dag.py
[2026-09-18T12:30:02.790+0000] {processor.py:830} INFO - Processing file /opt/airflow/dags/meteorisk_dag.py for tasks to queue
[2026-09-18T12:30:02.794+0000] {logging_mixin.py:188} INFO - [2026-09-18T12:30:02.794+0000] {dagbag.py:545} INFO - Filling up the DagBag from /opt/airflow/dags/meteorisk_dag.py
[2026-09-18T12:30:02.834+0000] {processor.py:840} INFO - DAG(s) 'meteorisk_pipeline' retrieved from /opt/airflow/dags/meteorisk_dag.py
[2026-09-18T12:30:02.875+0000] {logging_mixin.py:188} INFO - [2026-09-18T12:30:02.875+0000] {dag.py:3089} INFO - Sync 1 DAGs
[2026-09-18T12:30:02.899+0000] {logging_mixin.py:188} INFO - [2026-09-18T12:30:02.899+0000] {dag.py:3947} INFO - Setting next_dagrun for meteorisk_pipeline to 2026-09-18 00:00:00+00:00, run_after=2026-09-19 00:00:00+00:00
[2026-09-18T12:30:02.922+0000] {processor.py:183} INFO - Processing /opt/airflow/dags/meteorisk_dag.py took 0.140 seconds
[2026-09-18T12:30:33.164+0000] {processor.py:161} INFO - Started process (PID=2806) to work on /opt/airflow/dags/meteorisk_dag.py
[2026-09-18T12:30:33.167+0000] {processor.py:830} INFO - Processing file /opt/airflow/dags/meteorisk_dag.py for tasks to queue
[2026-09-18T12:30:33.173+0000] {logging_mixin.py:188} INFO - [2026-09-18T12:30:33.172+0000] {dagbag.py:545} INFO - Filling up the DagBag from /opt/airflow/dags/meteorisk_dag.py
[2026-09-18T12:30:33.216+0000] {processor.py:840} INFO - DAG(s) 'meteorisk_pipeline' retrieved from /opt/airflow/dags/meteorisk_dag.py
[2026-09-18T12:30:33.250+0000] {logging_mixin.py:188} INFO - [2026-09-18T12:30:33.249+0000] {dag.py:3089} INFO - Sync 1 DAGs
[2026-09-18T12:30:33.276+0000] {logging_mixin.py:188} INFO - [2026-09-18T12:30:33.276+0000] {dag.py:3947} INFO - Setting next_dagrun for meteorisk_pipeline to 2026-09-18 00:00:00+00:00, run_after=2026-09-19 00:00:00+00:00
[2026-09-18T12:30:33.299+0000] {processor.py:183} INFO - Processing /opt/airflow/dags/meteorisk_dag.py took 0.145 seconds
[2026-09-18T12:31:03.528+0000] {processor.py:161} INFO - Started process (PID=2811) to work on /opt/airflow/dags/meteorisk_dag.py
[2026-09-18T12:31:03.530+0000] {processor.py:830} INFO - Processing file /opt/airflow/dags/meteorisk_dag.py for tasks to queue
[2026-09-18T12:31:03.533+0000] {logging_mixin.py:188} INFO - [2026-09-18T12:31:03.532+0000] {dagbag.py:545} INFO - Filling up the DagBag from /opt/airflow/dags/meteorisk_dag.py
[2026-09-18T12:31:03.579+0000] {processor.py:840} INFO - DAG(s) 'meteorisk_pipeline' retrieved from /opt/airflow/dags/meteorisk_dag.py
[2026-09-18T12:31:03.615+0000] {logging_mixin.py:188} INFO - [2026-09-18T12:31:03.614+0000] {dag.py:3089} INFO - Sync 1 DAGs
[2026-09-18T12:31:03.639+0000] {logging_mixin.py:188} INFO - [2026-09-18T12:31:03.639+0000] {dag.py:3947} INFO - Setting next_dagrun for meteorisk_pipeline to 2026-09-18 00:00:00+00:00, run_after=2026-09-19 00:00:00+00:00
[2026-09-18T12:31:03.669+0000] {processor.py:183} INFO - Processing /opt/airflow/dags/meteorisk_dag.py took 0.159 seconds
[2026-09-18T12:31:33.915+0000] {processor.py:161} INFO - Started process (PID=2816) to work on /opt/airflow/dags/meteorisk_dag.py
[2026-09-18T12:31:33.919+0000] {processor.py:830} INFO - Processing file /opt/airflow/dags/meteorisk_dag.py for tasks to queue
[2026-09-18T12:31:33.926+0000] {logging_mixin.py:188} INFO - [2026-09-18T12:31:33.925+0000] {dagbag.py:545} INFO - Filling up the DagBag from /opt/airflow/dags/meteorisk_dag.py
[2026-09-18T12:31:33.989+0000] {processor.py:840} INFO - DAG(s) 'meteorisk_pipeline' retrieved from /opt/airflow/dags/meteorisk_dag.py
[2026-09-18T12:31:34.054+0000] {logging_mixin.py:188} INFO - [2026-09-18T12:31:34.054+0000] {dag.py:3089} INFO - Sync 1 DAGs
[2026-09-18T12:31:34.087+0000] {logging_mixin.py:188} INFO - [2026-09-18T12:31:34.087+0000] {dag.py:3947} INFO - Setting next_dagrun for meteorisk_pipeline to 2026-09-18 00:00:00+00:00, run_after=2026-09-19 00:00:00+00:00
[2026-09-18T12:31:34.112+0000] {processor.py:183} INFO - Processing /opt/airflow/dags/meteorisk_dag.py took 0.215 seconds
[2026-09-18T12:32:04.300+0000] {processor.py:161} INFO - Started process (PID=2821) to work on /opt/airflow/dags/meteorisk_dag.py
[2026-09-18T12:32:04.305+0000] {processor.py:830} INFO - Processing file /opt/airflow/dags/meteorisk_dag.py for tasks to queue
[2026-09-18T12:32:04.315+0000] {logging_mixin.py:188} INFO - [2026-09-18T12:32:04.313+0000] {dagbag.py:545} INFO - Filling up the DagBag from /opt/airflow/dags/meteorisk_dag.py
[2026-09-18T12:32:04.415+0000] {processor.py:840} INFO - DAG(s) 'meteorisk_pipeline' retrieved from /opt/airflow/dags/meteorisk_dag.py
[2026-09-18T12:32:04.492+0000] {logging_mixin.py:188} INFO - [2026-09-18T12:32:04.492+0000] {dag.py:3089} INFO - Sync 1 DAGs
[2026-09-18T12:32:04.528+0000] {logging_mixin.py:188} INFO - [2026-09-18T12:32:04.528+0000] {dag.py:3947} INFO - Setting next_dagrun for meteorisk_pipeline to 2026-09-18 00:00:00+00:00, run_after=2026-09-19 00:00:00+00:00
[2026-09-18T12:32:04.572+0000] {processor.py:183} INFO - Processing /opt/airflow/dags/meteorisk_dag.py took 0.285 seconds
[2026-09-18T12:32:34.814+0000] {processor.py:161} INFO - Started process (PID=2826) to work on /opt/airflow/dags/meteorisk_dag.py
[2026-09-18T12:32:34.816+0000] {processor.py:830} INFO - Processing file /opt/airflow/dags/meteorisk_dag.py for tasks to queue
[2026-09-18T12:32:34.820+0000] {logging_mixin.py:188} INFO - [2026-09-18T12:32:34.819+0000] {dagbag.py:545} INFO - Filling up the DagBag from /opt/airflow/dags/meteorisk_dag.py
[2026-09-18T12:32:34.917+0000] {processor.py:840} INFO - DAG(s) 'meteorisk_pipeline' retrieved from /opt/airflow/dags/meteorisk_dag.py
[2026-09-18T12:32:34.956+0000] {logging_mixin.py:188} INFO - [2026-09-18T12:32:34.956+0000] {dag.py:3089} INFO - Sync 1 DAGs
[2026-09-18T12:32:34.979+0000] {logging_mixin.py:188} INFO - [2026-09-18T12:32:34.979+0000] {dag.py:3947} INFO - Setting next_dagrun for meteorisk_pipeline to 2026-09-18 00:00:00+00:00, run_after=2026-09-19 00:00:00+00:00
[2026-09-18T12:32:35.004+0000] {processor.py:183} INFO - Processing /opt/airflow/dags/meteorisk_dag.py took 0.204 seconds
[2026-09-18T12:33:05.245+0000] {processor.py:161} INFO - Started process (PID=2831) to work on /opt/airflow/dags/meteorisk_dag.py
[2026-09-18T12:33:05.248+0000] {processor.py:830} INFO - Processing file /opt/airflow/dags/meteorisk_dag.py for tasks to queue
[2026-09-18T12:33:05.252+0000] {logging_mixin.py:188} INFO - [2026-09-18T12:33:05.252+0000] {dagbag.py:545} INFO - Filling up the DagBag from /opt/airflow/dags/meteorisk_dag.py
[2026-09-18T12:33:05.297+0000] {processor.py:840} INFO - DAG(s) 'meteorisk_pipeline' retrieved from /opt/airflow/dags/meteorisk_dag.py
[2026-09-18T12:33:05.350+0000] {logging_mixin.py:188} INFO - [2026-09-18T12:33:05.350+0000] {dag.py:3089} INFO - Sync 1 DAGs
[2026-09-18T12:33:05.383+0000] {logging_mixin.py:188} INFO - [2026-09-18T12:33:05.382+0000] {dag.py:3947} INFO - Setting next_dagrun for meteorisk_pipeline to 2026-09-18 00:00:00+00:00, run_after=2026-09-19 00:00:00+00:00
[2026-09-18T12:33:05.415+0000] {processor.py:183} INFO - Processing /opt/airflow/dags/meteorisk_dag.py took 0.183 seconds
[2026-09-18T12:33:35.640+0000] {processor.py:161} INFO - Started process (PID=2836) to work on /opt/airflow/dags/meteorisk_dag.py
[2026-09-18T12:33:35.644+0000] {processor.py:830} INFO - Processing file /opt/airflow/dags/meteorisk_dag.py for tasks to queue
[2026-09-18T12:33:35.648+0000] {logging_mixin.py:188} INFO - [2026-09-18T12:33:35.648+0000] {dagbag.py:545} INFO - Filling up the DagBag from /opt/airflow/dags/meteorisk_dag.py
[2026-09-18T12:33:35.692+0000] {processor.py:840} INFO - DAG(s) 'meteorisk_pipeline' retrieved from /opt/airflow/dags/meteorisk_dag.py
[2026-09-18T12:33:35.736+0000] {logging_mixin.py:188} INFO - [2026-09-18T12:33:35.736+0000] {dag.py:3089} INFO - Sync 1 DAGs
[2026-09-18T12:33:35.778+0000] {logging_mixin.py:188} INFO - [2026-09-18T12:33:35.777+0000] {dag.py:3947} INFO - Setting next_dagrun for meteorisk_pipeline to 2026-09-18 00:00:00+00:00, run_after=2026-09-19 00:00:00+00:00
[2026-09-18T12:33:35.820+0000] {processor.py:183} INFO - Processing /opt/airflow/dags/meteorisk_dag.py took 0.193 seconds
[2026-09-18T12:34:05.998+0000] {processor.py:161} INFO - Started process (PID=2841) to work on /opt/airflow/dags/meteorisk_dag.py
[2026-09-18T12:34:06.000+0000] {processor.py:830} INFO - Processing file /opt/airflow/dags/meteorisk_dag.py for tasks to queue
[2026-09-18T12:34:06.005+0000] {logging_mixin.py:188} INFO - [2026-09-18T12:34:06.004+0000] {dagbag.py:545} INFO - Filling up the DagBag from /opt/airflow/dags/meteorisk_dag.py
[2026-09-18T12:34:06.053+0000] {processor.py:840} INFO - DAG(s) 'meteorisk_pipeline' retrieved from /opt/airflow/dags/meteorisk_dag.py
[2026-09-18T12:34:06.089+0000] {logging_mixin.py:188} INFO - [2026-09-18T12:34:06.089+0000] {dag.py:3089} INFO - Sync 1 DAGs
[2026-09-18T12:34:06.112+0000] {logging_mixin.py:188} INFO - [2026-09-18T12:34:06.112+0000] {dag.py:3947} INFO - Setting next_dagrun for meteorisk_pipeline to 2026-09-18 00:00:00+00:00, run_after=2026-09-19 00:00:00+00:00
[2026-09-18T12:34:06.153+0000] {processor.py:183} INFO - Processing /opt/airflow/dags/meteorisk_dag.py took 0.163 seconds
[2026-09-18T12:34:36.495+0000] {processor.py:161} INFO - Started process (PID=2846) to work on /opt/airflow/dags/meteorisk_dag.py
[2026-09-18T12:34:36.498+0000] {processor.py:830} INFO - Processing file /opt/airflow/dags/meteorisk_dag.py for tasks to queue
[2026-09-18T12:34:36.502+0000] {logging_mixin.py:188} INFO - [2026-09-18T12:34:36.501+0000] {dagbag.py:545} INFO - Filling up the DagBag from /opt/airflow/dags/meteorisk_dag.py
[2026-09-18T12:34:36.552+0000] {processor.py:840} INFO - DAG(s) 'meteorisk_pipeline' retrieved from /opt/airflow/dags/meteorisk_dag.py
[2026-09-18T12:34:36.608+0000] {logging_mixin.py:188} INFO - [2026-09-18T12:34:36.607+0000] {dag.py:3089} INFO - Sync 1 DAGs
[2026-09-18T12:34:36.651+0000] {logging_mixin.py:188} INFO - [2026-09-18T12:34:36.650+0000] {dag.py:3947} INFO - Setting next_dagrun for meteorisk_pipeline to 2026-09-18 00:00:00+00:00, run_after=2026-09-19 00:00:00+00:00
[2026-09-18T12:34:36.698+0000] {processor.py:183} INFO - Processing /opt/airflow/dags/meteorisk_dag.py took 0.213 seconds
[2026-09-18T12:35:07.060+0000] {processor.py:161} INFO - Started process (PID=2851) to work on /opt/airflow/dags/meteorisk_dag.py
[2026-09-18T12:35:07.061+0000] {processor.py:830} INFO - Processing file /opt/airflow/dags/meteorisk_dag.py for tasks to queue
[2026-09-18T12:35:07.064+0000] {logging_mixin.py:188} INFO - [2026-09-18T12:35:07.064+0000] {dagbag.py:545} INFO - Filling up the DagBag from /opt/airflow/dags/meteorisk_dag.py
[2026-09-18T12:35:07.102+0000] {processor.py:840} INFO - DAG(s) 'meteorisk_pipeline' retrieved from /opt/airflow/dags/meteorisk_dag.py
[2026-09-18T12:35:07.141+0000] {logging_mixin.py:188} INFO - [2026-09-18T12:35:07.141+0000] {dag.py:3089} INFO - Sync 1 DAGs
[2026-09-18T12:35:07.164+0000] {logging_mixin.py:188} INFO - [2026-09-18T12:35:07.164+0000] {dag.py:3947} INFO - Setting next_dagrun for meteorisk_pipeline to 2026-09-18 00:00:00+00:00, run_after=2026-09-19 00:00:00+00:00
[2026-09-18T12:35:07.185+0000] {processor.py:183} INFO - Processing /opt/airflow/dags/meteorisk_dag.py took 0.133 seconds
[2026-09-18T12:35:37.399+0000] {processor.py:161} INFO - Started process (PID=2856) to work on /opt/airflow/dags/meteorisk_dag.py
[2026-09-18T12:35:37.409+0000] {processor.py:830} INFO - Processing file /opt/airflow/dags/meteorisk_dag.py for tasks to queue
[2026-09-18T12:35:37.416+0000] {logging_mixin.py:188} INFO - [2026-09-18T12:35:37.416+0000] {dagbag.py:545} INFO - Filling up the DagBag from /opt/airflow/dags/meteorisk_dag.py
[2026-09-18T12:35:37.494+0000] {processor.py:840} INFO - DAG(s) 'meteorisk_pipeline' retrieved from /opt/airflow/dags/meteorisk_dag.py
[2026-09-18T12:35:37.549+0000] {logging_mixin.py:188} INFO - [2026-09-18T12:35:37.548+0000] {dag.py:3089} INFO - Sync 1 DAGs
[2026-09-18T12:35:37.576+0000] {logging_mixin.py:188} INFO - [2026-09-18T12:35:37.576+0000] {dag.py:3947} INFO - Setting next_dagrun for meteorisk_pipeline to 2026-09-18 00:00:00+00:00, run_after=2026-09-19 00:00:00+00:00
[2026-09-18T12:35:37.619+0000] {processor.py:183} INFO - Processing /opt/airflow/dags/meteorisk_dag.py took 0.239 seconds
[2026-09-18T12:36:07.851+0000] {processor.py:161} INFO - Started process (PID=2861) to work on /opt/airflow/dags/meteorisk_dag.py
[2026-09-18T12:36:07.853+0000] {processor.py:830} INFO - Processing file /opt/airflow/dags/meteorisk_dag.py for tasks to queue
[2026-09-18T12:36:07.859+0000] {logging_mixin.py:188} INFO - [2026-09-18T12:36:07.858+0000] {dagbag.py:545} INFO - Filling up the DagBag from /opt/airflow/dags/meteorisk_dag.py
[2026-09-18T12:36:07.926+0000] {processor.py:840} INFO - DAG(s) 'meteorisk_pipeline' retrieved from /opt/airflow/dags/meteorisk_dag.py
[2026-09-18T12:36:07.971+0000] {logging_mixin.py:188} INFO - [2026-09-18T12:36:07.971+0000] {dag.py:3089} INFO - Sync 1 DAGs
[2026-09-18T12:36:08.003+0000] {logging_mixin.py:188} INFO - [2026-09-18T12:36:08.002+0000] {dag.py:3947} INFO - Setting next_dagrun for meteorisk_pipeline to 2026-09-18 00:00:00+00:00, run_after=2026-09-19 00:00:00+00:00
[2026-09-18T12:36:08.037+0000] {processor.py:183} INFO - Processing /opt/airflow/dags/meteorisk_dag.py took 0.197 seconds
[2026-09-18T12:36:38.308+0000] {processor.py:161} INFO - Started process (PID=2866) to work on /opt/airflow/dags/meteorisk_dag.py
[2026-09-18T12:36:38.311+0000] {processor.py:830} INFO - Processing file /opt/airflow/dags/meteorisk_dag.py for tasks to queue
[2026-09-18T12:36:38.318+0000] {logging_mixin.py:188} INFO - [2026-09-18T12:36:38.317+0000] {dagbag.py:545} INFO - Filling up the DagBag from /opt/airflow/dags/meteorisk_dag.py
[2026-09-18T12:36:38.374+0000] {processor.py:840} INFO - DAG(s) 'meteorisk_pipeline' retrieved from /opt/airflow/dags/meteorisk_dag.py
[2026-09-18T12:36:38.415+0000] {logging_mixin.py:188} INFO - [2026-09-18T12:36:38.415+0000] {dag.py:3089} INFO - Sync 1 DAGs
[2026-09-18T12:36:38.443+0000] {logging_mixin.py:188} INFO - [2026-09-18T12:36:38.443+0000] {dag.py:3947} INFO - Setting next_dagrun for meteorisk_pipeline to 2026-09-18 00:00:00+00:00, run_after=2026-09-19 00:00:00+00:00
[2026-09-18T12:36:38.468+0000] {processor.py:183} INFO - Processing /opt/airflow/dags/meteorisk_dag.py took 0.168 seconds
[2026-09-18T12:37:08.721+0000] {processor.py:161} INFO - Started process (PID=2871) to work on /opt/airflow/dags/meteorisk_dag.py
[2026-09-18T12:37:08.723+0000] {processor.py:830} INFO - Processing file /opt/airflow/dags/meteorisk_dag.py for tasks to queue
[2026-09-18T12:37:08.728+0000] {logging_mixin.py:188} INFO - [2026-09-18T12:37:08.727+0000] {dagbag.py:545} INFO - Filling up the DagBag from /opt/airflow/dags/meteorisk_dag.py
[2026-09-18T12:37:08.793+0000] {processor.py:840} INFO - DAG(s) 'meteorisk_pipeline' retrieved from /opt/airflow/dags/meteorisk_dag.py
[2026-09-18T12:37:08.827+0000] {logging_mixin.py:188} INFO - [2026-09-18T12:37:08.827+0000] {dag.py:3089} INFO - Sync 1 DAGs
[2026-09-18T12:37:08.854+0000] {logging_mixin.py:188} INFO - [2026-09-18T12:37:08.853+0000] {dag.py:3947} INFO - Setting next_dagrun for meteorisk_pipeline to 2026-09-18 00:00:00+00:00, run_after=2026-09-19 00:00:00+00:00
[2026-09-18T12:37:08.897+0000] {processor.py:183} INFO - Processing /opt/airflow/dags/meteorisk_dag.py took 0.189 seconds
[2026-09-18T12:37:39.143+0000] {processor.py:161} INFO - Started process (PID=2876) to work on /opt/airflow/dags/meteorisk_dag.py
[2026-09-18T12:37:39.144+0000] {processor.py:830} INFO - Processing file /opt/airflow/dags/meteorisk_dag.py for tasks to queue
[2026-09-18T12:37:39.149+0000] {logging_mixin.py:188} INFO - [2026-09-18T12:37:39.149+0000] {dagbag.py:545} INFO - Filling up the DagBag from /opt/airflow/dags/meteorisk_dag.py
[2026-09-18T12:37:39.186+0000] {processor.py:840} INFO - DAG(s) 'meteorisk_pipeline' retrieved from /opt/airflow/dags/meteorisk_dag.py
[2026-09-18T12:37:39.235+0000] {logging_mixin.py:188} INFO - [2026-09-18T12:37:39.235+0000] {dag.py:3089} INFO - Sync 1 DAGs
[2026-09-18T12:37:39.270+0000] {logging_mixin.py:188} INFO - [2026-09-18T12:37:39.270+0000] {dag.py:3947} INFO - Setting next_dagrun for meteorisk_pipeline to 2026-09-18 00:00:00+00:00, run_after=2026-09-19 00:00:00+00:00
[2026-09-18T12:37:39.308+0000] {processor.py:183} INFO - Processing /opt/airflow/dags/meteorisk_dag.py took 0.172 seconds
[2026-09-18T12:38:09.445+0000] {processor.py:161} INFO - Started process (PID=2881) to work on /opt/airflow/dags/meteorisk_dag.py
[2026-09-18T12:38:09.447+0000] {processor.py:830} INFO - Processing file /opt/airflow/dags/meteorisk_dag.py for tasks to queue
[2026-09-18T12:38:09.450+0000] {logging_mixin.py:188} INFO - [2026-09-18T12:38:09.449+0000] {dagbag.py:545} INFO - Filling up the DagBag from /opt/airflow/dags/meteorisk_dag.py
[2026-09-18T12:38:09.487+0000] {processor.py:840} INFO - DAG(s) 'meteorisk_pipeline' retrieved from /opt/airflow/dags/meteorisk_dag.py
[2026-09-18T12:38:09.525+0000] {logging_mixin.py:188} INFO - [2026-09-18T12:38:09.525+0000] {dag.py:3089} INFO - Sync 1 DAGs
[2026-09-18T12:38:09.551+0000] {logging_mixin.py:188} INFO - [2026-09-18T12:38:09.551+0000] {dag.py:3947} INFO - Setting next_dagrun for meteorisk_pipeline to 2026-09-18 00:00:00+00:00, run_after=2026-09-19 00:00:00+00:00
[2026-09-18T12:38:09.586+0000] {processor.py:183} INFO - Processing /opt/airflow/dags/meteorisk_dag.py took 0.147 seconds
[2026-09-18T12:38:39.864+0000] {processor.py:161} INFO - Started process (PID=2886) to work on /opt/airflow/dags/meteorisk_dag.py
[2026-09-18T12:38:39.868+0000] {processor.py:830} INFO - Processing file /opt/airflow/dags/meteorisk_dag.py for tasks to queue
[2026-09-18T12:38:39.870+0000] {logging_mixin.py:188} INFO - [2026-09-18T12:38:39.870+0000] {dagbag.py:545} INFO - Filling up the DagBag from /opt/airflow/dags/meteorisk_dag.py
[2026-09-18T12:38:39.920+0000] {processor.py:840} INFO - DAG(s) 'meteorisk_pipeline' retrieved from /opt/airflow/dags/meteorisk_dag.py
[2026-09-18T12:38:39.959+0000] {logging_mixin.py:188} INFO - [2026-09-18T12:38:39.959+0000] {dag.py:3089} INFO - Sync 1 DAGs
[2026-09-18T12:38:39.981+0000] {logging_mixin.py:188} INFO - [2026-09-18T12:38:39.981+0000] {dag.py:3947} INFO - Setting next_dagrun for meteorisk_pipeline to 2026-09-18 00:00:00+00:00, run_after=2026-09-19 00:00:00+00:00
[2026-09-18T12:38:40.019+0000] {processor.py:183} INFO - Processing /opt/airflow/dags/meteorisk_dag.py took 0.165 seconds
[2026-09-18T12:39:10.175+0000] {processor.py:161} INFO - Started process (PID=2891) to work on /opt/airflow/dags/meteorisk_dag.py
[2026-09-18T12:39:10.178+0000] {processor.py:830} INFO - Processing file /opt/airflow/dags/meteorisk_dag.py for tasks to queue
[2026-09-18T12:39:10.184+0000] {logging_mixin.py:188} INFO - [2026-09-18T12:39:10.183+0000] {dagbag.py:545} INFO - Filling up the DagBag from /opt/airflow/dags/meteorisk_dag.py
[2026-09-18T12:39:10.235+0000] {processor.py:840} INFO - DAG(s) 'meteorisk_pipeline' retrieved from /opt/airflow/dags/meteorisk_dag.py
[2026-09-18T12:39:10.276+0000] {logging_mixin.py:188} INFO - [2026-09-18T12:39:10.276+0000] {dag.py:3089} INFO - Sync 1 DAGs
[2026-09-18T12:39:10.311+0000] {logging_mixin.py:188} INFO - [2026-09-18T12:39:10.311+0000] {dag.py:3947} INFO - Setting next_dagrun for meteorisk_pipeline to 2026-09-18 00:00:00+00:00, run_after=2026-09-19 00:00:00+00:00
[2026-09-18T12:39:10.355+0000] {processor.py:183} INFO - Processing /opt/airflow/dags/meteorisk_dag.py took 0.193 seconds
[2026-09-18T12:39:40.472+0000] {processor.py:161} INFO - Started process (PID=2896) to work on /opt/airflow/dags/meteorisk_dag.py
[2026-09-18T12:39:40.475+0000] {processor.py:830} INFO - Processing file /opt/airflow/dags/meteorisk_dag.py for tasks to queue
[2026-09-18T12:39:40.478+0000] {logging_mixin.py:188} INFO - [2026-09-18T12:39:40.478+0000] {dagbag.py:545} INFO - Filling up the DagBag from /opt/airflow/dags/meteorisk_dag.py
[2026-09-18T12:39:40.533+0000] {processor.py:840} INFO - DAG(s) 'meteorisk_pipeline' retrieved from /opt/airflow/dags/meteorisk_dag.py
[2026-09-18T12:39:40.571+0000] {logging_mixin.py:188} INFO - [2026-09-18T12:39:40.570+0000] {dag.py:3089} INFO - Sync 1 DAGs
[2026-09-18T12:39:40.597+0000] {logging_mixin.py:188} INFO - [2026-09-18T12:39:40.597+0000] {dag.py:3947} INFO - Setting next_dagrun for meteorisk_pipeline to 2026-09-18 00:00:00+00:00, run_after=2026-09-19 00:00:00+00:00
[2026-09-18T12:39:40.645+0000] {processor.py:183} INFO - Processing /opt/airflow/dags/meteorisk_dag.py took 0.185 seconds
[2026-09-18T12:40:10.947+0000] {processor.py:161} INFO - Started process (PID=2901) to work on /opt/airflow/dags/meteorisk_dag.py
[2026-09-18T12:40:10.949+0000] {processor.py:830} INFO - Processing file /opt/airflow/dags/meteorisk_dag.py for tasks to queue
[2026-09-18T12:40:10.951+0000] {logging_mixin.py:188} INFO - [2026-09-18T12:40:10.951+0000] {dagbag.py:545} INFO - Filling up the DagBag from /opt/airflow/dags/meteorisk_dag.py
[2026-09-18T12:40:10.983+0000] {processor.py:840} INFO - DAG(s) 'meteorisk_pipeline' retrieved from /opt/airflow/dags/meteorisk_dag.py
[2026-09-18T12:40:11.019+0000] {logging_mixin.py:188} INFO - [2026-09-18T12:40:11.018+0000] {dag.py:3089} INFO - Sync 1 DAGs
[2026-09-18T12:40:11.041+0000] {logging_mixin.py:188} INFO - [2026-09-18T12:40:11.041+0000] {dag.py:3947} INFO - Setting next_dagrun for meteorisk_pipeline to 2026-09-18 00:00:00+00:00, run_after=2026-09-19 00:00:00+00:00
[2026-09-18T12:40:11.068+0000] {processor.py:183} INFO - Processing /opt/airflow/dags/meteorisk_dag.py took 0.126 seconds
[2026-09-18T12:40:41.397+0000] {processor.py:161} INFO - Started process (PID=2906) to work on /opt/airflow/dags/meteorisk_dag.py
[2026-09-18T12:40:41.400+0000] {processor.py:830} INFO - Processing file /opt/airflow/dags/meteorisk_dag.py for tasks to queue
[2026-09-18T12:40:41.405+0000] {logging_mixin.py:188} INFO - [2026-09-18T12:40:41.404+0000] {dagbag.py:545} INFO - Filling up the DagBag from /opt/airflow/dags/meteorisk_dag.py
[2026-09-18T12:40:41.459+0000] {processor.py:840} INFO - DAG(s) 'meteorisk_pipeline' retrieved from /opt/airflow/dags/meteorisk_dag.py
[2026-09-18T12:40:41.513+0000] {logging_mixin.py:188} INFO - [2026-09-18T12:40:41.512+0000] {dag.py:3089} INFO - Sync 1 DAGs
[2026-09-18T12:40:41.540+0000] {logging_mixin.py:188} INFO - [2026-09-18T12:40:41.540+0000] {dag.py:3947} INFO - Setting next_dagrun for meteorisk_pipeline to 2026-09-18 00:00:00+00:00, run_after=2026-09-19 00:00:00+00:00
[2026-09-18T12:40:41.588+0000] {processor.py:183} INFO - Processing /opt/airflow/dags/meteorisk_dag.py took 0.203 seconds
[2026-09-18T12:41:11.697+0000] {processor.py:161} INFO - Started process (PID=2911) to work on /opt/airflow/dags/meteorisk_dag.py
[2026-09-18T12:41:11.699+0000] {processor.py:830} INFO - Processing file /opt/airflow/dags/meteorisk_dag.py for tasks to queue
[2026-09-18T12:41:11.701+0000] {logging_mixin.py:188} INFO - [2026-09-18T12:41:11.701+0000] {dagbag.py:545} INFO - Filling up the DagBag from /opt/airflow/dags/meteorisk_dag.py
[2026-09-18T12:41:11.737+0000] {processor.py:840} INFO - DAG(s) 'meteorisk_pipeline' retrieved from /opt/airflow/dags/meteorisk_dag.py
[2026-09-18T12:41:11.776+0000] {logging_mixin.py:188} INFO - [2026-09-18T12:41:11.776+0000] {dag.py:3089} INFO - Sync 1 DAGs
[2026-09-18T12:41:11.806+0000] {logging_mixin.py:188} INFO - [2026-09-18T12:41:11.806+0000] {dag.py:3947} INFO - Setting next_dagrun for meteorisk_pipeline to 2026-09-18 00:00:00+00:00, run_after=2026-09-19 00:00:00+00:00
[2026-09-18T12:41:11.852+0000] {processor.py:183} INFO - Processing /opt/airflow/dags/meteorisk_dag.py took 0.161 seconds
[2026-09-18T12:41:42.271+0000] {processor.py:161} INFO - Started process (PID=2916) to work on /opt/airflow/dags/meteorisk_dag.py
[2026-09-18T12:41:42.274+0000] {processor.py:830} INFO - Processing file /opt/airflow/dags/meteorisk_dag.py for tasks to queue
[2026-09-18T12:41:42.278+0000] {logging_mixin.py:188} INFO - [2026-09-18T12:41:42.278+0000] {dagbag.py:545} INFO - Filling up the DagBag from /opt/airflow/dags/meteorisk_dag.py
[2026-09-18T12:41:42.330+0000] {processor.py:840} INFO - DAG(s) 'meteorisk_pipeline' retrieved from /opt/airflow/dags/meteorisk_dag.py
[2026-09-18T12:41:42.395+0000] {logging_mixin.py:188} INFO - [2026-09-18T12:41:42.394+0000] {dag.py:3089} INFO - Sync 1 DAGs
[2026-09-18T12:41:42.439+0000] {logging_mixin.py:188} INFO - [2026-09-18T12:41:42.439+0000] {dag.py:3947} INFO - Setting next_dagrun for meteorisk_pipeline to 2026-09-18 00:00:00+00:00, run_after=2026-09-19 00:00:00+00:00
[2026-09-18T12:41:42.468+0000] {processor.py:183} INFO - Processing /opt/airflow/dags/meteorisk_dag.py took 0.206 seconds
[2026-09-18T12:42:12.680+0000] {processor.py:161} INFO - Started process (PID=2921) to work on /opt/airflow/dags/meteorisk_dag.py
[2026-09-18T12:42:12.685+0000] {processor.py:830} INFO - Processing file /opt/airflow/dags/meteorisk_dag.py for tasks to queue
[2026-09-18T12:42:12.690+0000] {logging_mixin.py:188} INFO - [2026-09-18T12:42:12.689+0000] {dagbag.py:545} INFO - Filling up the DagBag from /opt/airflow/dags/meteorisk_dag.py
[2026-09-18T12:42:12.745+0000] {processor.py:840} INFO - DAG(s) 'meteorisk_pipeline' retrieved from /opt/airflow/dags/meteorisk_dag.py
[2026-09-18T12:42:12.802+0000] {logging_mixin.py:188} INFO - [2026-09-18T12:42:12.802+0000] {dag.py:3089} INFO - Sync 1 DAGs
[2026-09-18T12:42:12.830+0000] {logging_mixin.py:188} INFO - [2026-09-18T12:42:12.830+0000] {dag.py:3947} INFO - Setting next_dagrun for meteorisk_pipeline to 2026-09-18 00:00:00+00:00, run_after=2026-09-19 00:00:00+00:00
[2026-09-18T12:42:12.869+0000] {processor.py:183} INFO - Processing /opt/airflow/dags/meteorisk_dag.py took 0.197 seconds
[2026-09-18T12:42:43.182+0000] {processor.py:161} INFO - Started process (PID=2926) to work on /opt/airflow/dags/meteorisk_dag.py
[2026-09-18T12:42:43.199+0000] {processor.py:830} INFO - Processing file /opt/airflow/dags/meteorisk_dag.py for tasks to queue
[2026-09-18T12:42:43.205+0000] {logging_mixin.py:188} INFO - [2026-09-18T12:42:43.204+0000] {dagbag.py:545} INFO - Filling up the DagBag from /opt/airflow/dags/meteorisk_dag.py
[2026-09-18T12:42:43.267+0000] {processor.py:840} INFO - DAG(s) 'meteorisk_pipeline' retrieved from /opt/airflow/dags/meteorisk_dag.py
[2026-09-18T12:42:43.316+0000] {logging_mixin.py:188} INFO - [2026-09-18T12:42:43.316+0000] {dag.py:3089} INFO - Sync 1 DAGs
[2026-09-18T12:42:43.341+0000] {logging_mixin.py:188} INFO - [2026-09-18T12:42:43.340+0000] {dag.py:3947} INFO - Setting next_dagrun for meteorisk_pipeline to 2026-09-18 00:00:00+00:00, run_after=2026-09-19 00:00:00+00:00
[2026-09-18T12:42:43.369+0000] {processor.py:183} INFO - Processing /opt/airflow/dags/meteorisk_dag.py took 0.203 seconds
[2026-09-18T12:43:13.681+0000] {processor.py:161} INFO - Started process (PID=2931) to work on /opt/airflow/dags/meteorisk_dag.py
[2026-09-18T12:43:13.684+0000] {processor.py:830} INFO - Processing file /opt/airflow/dags/meteorisk_dag.py for tasks to queue
[2026-09-18T12:43:13.687+0000] {logging_mixin.py:188} INFO - [2026-09-18T12:43:13.686+0000] {dagbag.py:545} INFO - Filling up the DagBag from /opt/airflow/dags/meteorisk_dag.py
[2026-09-18T12:43:13.729+0000] {processor.py:840} INFO - DAG(s) 'meteorisk_pipeline' retrieved from /opt/airflow/dags/meteorisk_dag.py
[2026-09-18T12:43:13.772+0000] {logging_mixin.py:188} INFO - [2026-09-18T12:43:13.771+0000] {dag.py:3089} INFO - Sync 1 DAGs
[2026-09-18T12:43:13.809+0000] {logging_mixin.py:188} INFO - [2026-09-18T12:43:13.809+0000] {dag.py:3947} INFO - Setting next_dagrun for meteorisk_pipeline to 2026-09-18 00:00:00+00:00, run_after=2026-09-19 00:00:00+00:00
[2026-09-18T12:43:13.850+0000] {processor.py:183} INFO - Processing /opt/airflow/dags/meteorisk_dag.py took 0.176 seconds
[2026-09-18T12:43:43.965+0000] {processor.py:161} INFO - Started process (PID=2936) to work on /opt/airflow/dags/meteorisk_dag.py
[2026-09-18T12:43:43.968+0000] {processor.py:830} INFO - Processing file /opt/airflow/dags/meteorisk_dag.py for tasks to queue
[2026-09-18T12:43:43.971+0000] {logging_mixin.py:188} INFO - [2026-09-18T12:43:43.971+0000] {dagbag.py:545} INFO - Filling up the DagBag from /opt/airflow/dags/meteorisk_dag.py
[2026-09-18T12:43:44.033+0000] {processor.py:840} INFO - DAG(s) 'meteorisk_pipeline' retrieved from /opt/airflow/dags/meteorisk_dag.py
[2026-09-18T12:43:44.066+0000] {logging_mixin.py:188} INFO - [2026-09-18T12:43:44.066+0000] {dag.py:3089} INFO - Sync 1 DAGs
[2026-09-18T12:43:44.090+0000] {logging_mixin.py:188} INFO - [2026-09-18T12:43:44.089+0000] {dag.py:3947} INFO - Setting next_dagrun for meteorisk_pipeline to 2026-09-18 00:00:00+00:00, run_after=2026-09-19 00:00:00+00:00
[2026-09-18T12:43:44.115+0000] {processor.py:183} INFO - Processing /opt/airflow/dags/meteorisk_dag.py took 0.162 seconds
[2026-09-18T12:44:14.500+0000] {processor.py:161} INFO - Started process (PID=2941) to work on /opt/airflow/dags/meteorisk_dag.py
[2026-09-18T12:44:14.503+0000] {processor.py:830} INFO - Processing file /opt/airflow/dags/meteorisk_dag.py for tasks to queue
[2026-09-18T12:44:14.510+0000] {logging_mixin.py:188} INFO - [2026-09-18T12:44:14.509+0000] {dagbag.py:545} INFO - Filling up the DagBag from /opt/airflow/dags/meteorisk_dag.py
[2026-09-18T12:44:14.594+0000] {processor.py:840} INFO - DAG(s) 'meteorisk_pipeline' retrieved from /opt/airflow/dags/meteorisk_dag.py
[2026-09-18T12:44:14.653+0000] {logging_mixin.py:188} INFO - [2026-09-18T12:44:14.653+0000] {dag.py:3089} INFO - Sync 1 DAGs
[2026-09-18T12:44:14.700+0000] {logging_mixin.py:188} INFO - [2026-09-18T12:44:14.700+0000] {dag.py:3947} INFO - Setting next_dagrun for meteorisk_pipeline to 2026-09-18 00:00:00+00:00, run_after=2026-09-19 00:00:00+00:00
[2026-09-18T12:44:14.737+0000] {processor.py:183} INFO - Processing /opt/airflow/dags/meteorisk_dag.py took 0.245 seconds
[2026-09-18T12:44:45.138+0000] {processor.py:161} INFO - Started process (PID=2946) to work on /opt/airflow/dags/meteorisk_dag.py
[2026-09-18T12:44:45.142+0000] {processor.py:830} INFO - Processing file /opt/airflow/dags/meteorisk_dag.py for tasks to queue
[2026-09-18T12:44:45.147+0000] {logging_mixin.py:188} INFO - [2026-09-18T12:44:45.147+0000] {dagbag.py:545} INFO - Filling up the DagBag from /opt/airflow/dags/meteorisk_dag.py
[2026-09-18T12:44:45.212+0000] {processor.py:840} INFO - DAG(s) 'meteorisk_pipeline' retrieved from /opt/airflow/dags/meteorisk_dag.py
[2026-09-18T12:44:45.338+0000] {logging_mixin.py:188} INFO - [2026-09-18T12:44:45.337+0000] {dag.py:3089} INFO - Sync 1 DAGs
[2026-09-18T12:44:45.370+0000] {logging_mixin.py:188} INFO - [2026-09-18T12:44:45.369+0000] {dag.py:3947} INFO - Setting next_dagrun for meteorisk_pipeline to 2026-09-18 00:00:00+00:00, run_after=2026-09-19 00:00:00+00:00
[2026-09-18T12:44:45.406+0000] {processor.py:183} INFO - Processing /opt/airflow/dags/meteorisk_dag.py took 0.283 seconds
[2026-09-18T12:45:15.766+0000] {processor.py:161} INFO - Started process (PID=2951) to work on /opt/airflow/dags/meteorisk_dag.py
[2026-09-18T12:45:15.769+0000] {processor.py:830} INFO - Processing file /opt/airflow/dags/meteorisk_dag.py for tasks to queue
[2026-09-18T12:45:15.775+0000] {logging_mixin.py:188} INFO - [2026-09-18T12:45:15.774+0000] {dagbag.py:545} INFO - Filling up the DagBag from /opt/airflow/dags/meteorisk_dag.py
[2026-09-18T12:45:15.837+0000] {processor.py:840} INFO - DAG(s) 'meteorisk_pipeline' retrieved from /opt/airflow/dags/meteorisk_dag.py
[2026-09-18T12:45:15.950+0000] {logging_mixin.py:188} INFO - [2026-09-18T12:45:15.950+0000] {dag.py:3089} INFO - Sync 1 DAGs
[2026-09-18T12:45:16.000+0000] {logging_mixin.py:188} INFO - [2026-09-18T12:45:16.000+0000] {dag.py:3947} INFO - Setting next_dagrun for meteorisk_pipeline to 2026-09-18 00:00:00+00:00, run_after=2026-09-19 00:00:00+00:00
[2026-09-18T12:45:16.079+0000] {processor.py:183} INFO - Processing /opt/airflow/dags/meteorisk_dag.py took 0.328 seconds
[2026-09-18T12:45:46.481+0000] {processor.py:161} INFO - Started process (PID=2956) to work on /opt/airflow/dags/meteorisk_dag.py
[2026-09-18T12:45:46.484+0000] {processor.py:830} INFO - Processing file /opt/airflow/dags/meteorisk_dag.py for tasks to queue
[2026-09-18T12:45:46.486+0000] {logging_mixin.py:188} INFO - [2026-09-18T12:45:46.486+0000] {dagbag.py:545} INFO - Filling up the DagBag from /opt/airflow/dags/meteorisk_dag.py
[2026-09-18T12:45:46.544+0000] {processor.py:840} INFO - DAG(s) 'meteorisk_pipeline' retrieved from /opt/airflow/dags/meteorisk_dag.py
[2026-09-18T12:45:46.613+0000] {logging_mixin.py:188} INFO - [2026-09-18T12:45:46.613+0000] {dag.py:3089} INFO - Sync 1 DAGs
[2026-09-18T12:45:46.651+0000] {logging_mixin.py:188} INFO - [2026-09-18T12:45:46.651+0000] {dag.py:3947} INFO - Setting next_dagrun for meteorisk_pipeline to 2026-09-18 00:00:00+00:00, run_after=2026-09-19 00:00:00+00:00
[2026-09-18T12:45:46.682+0000] {processor.py:183} INFO - Processing /opt/airflow/dags/meteorisk_dag.py took 0.214 seconds
[2026-09-18T12:46:17.032+0000] {processor.py:161} INFO - Started process (PID=2961) to work on /opt/airflow/dags/meteorisk_dag.py
[2026-09-18T12:46:17.050+0000] {processor.py:830} INFO - Processing file /opt/airflow/dags/meteorisk_dag.py for tasks to queue
[2026-09-18T12:46:17.057+0000] {logging_mixin.py:188} INFO - [2026-09-18T12:46:17.056+0000] {dagbag.py:545} INFO - Filling up the DagBag from /opt/airflow/dags/meteorisk_dag.py
[2026-09-18T12:46:17.106+0000] {processor.py:840} INFO - DAG(s) 'meteorisk_pipeline' retrieved from /opt/airflow/dags/meteorisk_dag.py
[2026-09-18T12:46:17.145+0000] {logging_mixin.py:188} INFO - [2026-09-18T12:46:17.145+0000] {dag.py:3089} INFO - Sync 1 DAGs
[2026-09-18T12:46:17.170+0000] {logging_mixin.py:188} INFO - [2026-09-18T12:46:17.170+0000] {dag.py:3947} INFO - Setting next_dagrun for meteorisk_pipeline to 2026-09-18 00:00:00+00:00, run_after=2026-09-19 00:00:00+00:00
[2026-09-18T12:46:17.209+0000] {processor.py:183} INFO - Processing /opt/airflow/dags/meteorisk_dag.py took 0.192 seconds
[2026-09-18T12:46:47.316+0000] {processor.py:161} INFO - Started process (PID=2966) to work on /opt/airflow/dags/meteorisk_dag.py
[2026-09-18T12:46:47.318+0000] {processor.py:830} INFO - Processing file /opt/airflow/dags/meteorisk_dag.py for tasks to queue
[2026-09-18T12:46:47.324+0000] {logging_mixin.py:188} INFO - [2026-09-18T12:46:47.323+0000] {dagbag.py:545} INFO - Filling up the DagBag from /opt/airflow/dags/meteorisk_dag.py
[2026-09-18T12:46:47.371+0000] {processor.py:840} INFO - DAG(s) 'meteorisk_pipeline' retrieved from /opt/airflow/dags/meteorisk_dag.py
[2026-09-18T12:46:47.411+0000] {logging_mixin.py:188} INFO - [2026-09-18T12:46:47.410+0000] {dag.py:3089} INFO - Sync 1 DAGs
[2026-09-18T12:46:47.434+0000] {logging_mixin.py:188} INFO - [2026-09-18T12:46:47.434+0000] {dag.py:3947} INFO - Setting next_dagrun for meteorisk_pipeline to 2026-09-18 00:00:00+00:00, run_after=2026-09-19 00:00:00+00:00
[2026-09-18T12:46:47.457+0000] {processor.py:183} INFO - Processing /opt/airflow/dags/meteorisk_dag.py took 0.153 seconds
[2026-09-18T12:47:17.628+0000] {processor.py:161} INFO - Started process (PID=2971) to work on /opt/airflow/dags/meteorisk_dag.py
[2026-09-18T12:47:17.632+0000] {processor.py:830} INFO - Processing file /opt/airflow/dags/meteorisk_dag.py for tasks to queue
[2026-09-18T12:47:17.636+0000] {logging_mixin.py:188} INFO - [2026-09-18T12:47:17.636+0000] {dagbag.py:545} INFO - Filling up the DagBag from /opt/airflow/dags/meteorisk_dag.py
[2026-09-18T12:47:17.671+0000] {processor.py:840} INFO - DAG(s) 'meteorisk_pipeline' retrieved from /opt/airflow/dags/meteorisk_dag.py
[2026-09-18T12:47:17.718+0000] {logging_mixin.py:188} INFO - [2026-09-18T12:47:17.718+0000] {dag.py:3089} INFO - Sync 1 DAGs
[2026-09-18T12:47:17.748+0000] {logging_mixin.py:188} INFO - [2026-09-18T12:47:17.747+0000] {dag.py:3947} INFO - Setting next_dagrun for meteorisk_pipeline to 2026-09-18 00:00:00+00:00, run_after=2026-09-19 00:00:00+00:00
[2026-09-18T12:47:17.772+0000] {processor.py:183} INFO - Processing /opt/airflow/dags/meteorisk_dag.py took 0.155 seconds
[2026-09-18T12:47:48.106+0000] {processor.py:161} INFO - Started process (PID=2976) to work on /opt/airflow/dags/meteorisk_dag.py
[2026-09-18T12:47:48.109+0000] {processor.py:830} INFO - Processing file /opt/airflow/dags/meteorisk_dag.py for tasks to queue
[2026-09-18T12:47:48.113+0000] {logging_mixin.py:188} INFO - [2026-09-18T12:47:48.112+0000] {dagbag.py:545} INFO - Filling up the DagBag from /opt/airflow/dags/meteorisk_dag.py
[2026-09-18T12:47:48.162+0000] {processor.py:840} INFO - DAG(s) 'meteorisk_pipeline' retrieved from /opt/airflow/dags/meteorisk_dag.py
[2026-09-18T12:47:48.215+0000] {logging_mixin.py:188} INFO - [2026-09-18T12:47:48.214+0000] {dag.py:3089} INFO - Sync 1 DAGs
[2026-09-18T12:47:48.260+0000] {logging_mixin.py:188} INFO - [2026-09-18T12:47:48.259+0000] {dag.py:3947} INFO - Setting next_dagrun for meteorisk_pipeline to 2026-09-18 00:00:00+00:00, run_after=2026-09-19 00:00:00+00:00
[2026-09-18T12:47:48.316+0000] {processor.py:183} INFO - Processing /opt/airflow/dags/meteorisk_dag.py took 0.219 seconds
[2026-09-18T12:48:18.442+0000] {processor.py:161} INFO - Started process (PID=2981) to work on /opt/airflow/dags/meteorisk_dag.py
[2026-09-18T12:48:18.447+0000] {processor.py:830} INFO - Processing file /opt/airflow/dags/meteorisk_dag.py for tasks to queue
[2026-09-18T12:48:18.454+0000] {logging_mixin.py:188} INFO - [2026-09-18T12:48:18.453+0000] {dagbag.py:545} INFO - Filling up the DagBag from /opt/airflow/dags/meteorisk_dag.py
[2026-09-18T12:48:18.529+0000] {processor.py:840} INFO - DAG(s) 'meteorisk_pipeline' retrieved from /opt/airflow/dags/meteorisk_dag.py
[2026-09-18T12:48:18.603+0000] {logging_mixin.py:188} INFO - [2026-09-18T12:48:18.602+0000] {dag.py:3089} INFO - Sync 1 DAGs
[2026-09-18T12:48:18.650+0000] {logging_mixin.py:188} INFO - [2026-09-18T12:48:18.649+0000] {dag.py:3947} INFO - Setting next_dagrun for meteorisk_pipeline to 2026-09-18 00:00:00+00:00, run_after=2026-09-19 00:00:00+00:00
[2026-09-18T12:48:18.688+0000] {processor.py:183} INFO - Processing /opt/airflow/dags/meteorisk_dag.py took 0.261 seconds
[2026-09-18T12:48:49.040+0000] {processor.py:161} INFO - Started process (PID=2986) to work on /opt/airflow/dags/meteorisk_dag.py
[2026-09-18T12:48:49.043+0000] {processor.py:830} INFO - Processing file /opt/airflow/dags/meteorisk_dag.py for tasks to queue
[2026-09-18T12:48:49.046+0000] {logging_mixin.py:188} INFO - [2026-09-18T12:48:49.046+0000] {dagbag.py:545} INFO - Filling up the DagBag from /opt/airflow/dags/meteorisk_dag.py
[2026-09-18T12:48:49.103+0000] {processor.py:840} INFO - DAG(s) 'meteorisk_pipeline' retrieved from /opt/airflow/dags/meteorisk_dag.py
[2026-09-18T12:48:49.147+0000] {logging_mixin.py:188} INFO - [2026-09-18T12:48:49.147+0000] {dag.py:3089} INFO - Sync 1 DAGs
[2026-09-18T12:48:49.169+0000] {logging_mixin.py:188} INFO - [2026-09-18T12:48:49.169+0000] {dag.py:3947} INFO - Setting next_dagrun for meteorisk_pipeline to 2026-09-18 00:00:00+00:00, run_after=2026-09-19 00:00:00+00:00
[2026-09-18T12:48:49.191+0000] {processor.py:183} INFO - Processing /opt/airflow/dags/meteorisk_dag.py took 0.164 seconds
[2026-09-18T12:49:19.364+0000] {processor.py:161} INFO - Started process (PID=2991) to work on /opt/airflow/dags/meteorisk_dag.py
[2026-09-18T12:49:19.366+0000] {processor.py:830} INFO - Processing file /opt/airflow/dags/meteorisk_dag.py for tasks to queue
[2026-09-18T12:49:19.368+0000] {logging_mixin.py:188} INFO - [2026-09-18T12:49:19.368+0000] {dagbag.py:545} INFO - Filling up the DagBag from /opt/airflow/dags/meteorisk_dag.py
[2026-09-18T12:49:19.409+0000] {processor.py:840} INFO - DAG(s) 'meteorisk_pipeline' retrieved from /opt/airflow/dags/meteorisk_dag.py
[2026-09-18T12:49:19.449+0000] {logging_mixin.py:188} INFO - [2026-09-18T12:49:19.449+0000] {dag.py:3089} INFO - Sync 1 DAGs
[2026-09-18T12:49:19.475+0000] {logging_mixin.py:188} INFO - [2026-09-18T12:49:19.475+0000] {dag.py:3947} INFO - Setting next_dagrun for meteorisk_pipeline to 2026-09-18 00:00:00+00:00, run_after=2026-09-19 00:00:00+00:00
[2026-09-18T12:49:19.506+0000] {processor.py:183} INFO - Processing /opt/airflow/dags/meteorisk_dag.py took 0.149 seconds
[2026-09-18T12:49:49.690+0000] {processor.py:161} INFO - Started process (PID=2996) to work on /opt/airflow/dags/meteorisk_dag.py
[2026-09-18T12:49:49.692+0000] {processor.py:830} INFO - Processing file /opt/airflow/dags/meteorisk_dag.py for tasks to queue
[2026-09-18T12:49:49.697+0000] {logging_mixin.py:188} INFO - [2026-09-18T12:49:49.696+0000] {dagbag.py:545} INFO - Filling up the DagBag from /opt/airflow/dags/meteorisk_dag.py
[2026-09-18T12:49:49.753+0000] {processor.py:840} INFO - DAG(s) 'meteorisk_pipeline' retrieved from /opt/airflow/dags/meteorisk_dag.py
[2026-09-18T12:49:49.836+0000] {logging_mixin.py:188} INFO - [2026-09-18T12:49:49.836+0000] {dag.py:3089} INFO - Sync 1 DAGs
[2026-09-18T12:49:49.886+0000] {logging_mixin.py:188} INFO - [2026-09-18T12:49:49.885+0000] {dag.py:3947} INFO - Setting next_dagrun for meteorisk_pipeline to 2026-09-18 00:00:00+00:00, run_after=2026-09-19 00:00:00+00:00
[2026-09-18T12:49:49.937+0000] {processor.py:183} INFO - Processing /opt/airflow/dags/meteorisk_dag.py took 0.260 seconds
[2026-09-18T12:50:20.133+0000] {processor.py:161} INFO - Started process (PID=3001) to work on /opt/airflow/dags/meteorisk_dag.py
[2026-09-18T12:50:20.135+0000] {processor.py:830} INFO - Processing file /opt/airflow/dags/meteorisk_dag.py for tasks to queue
[2026-09-18T12:50:20.140+0000] {logging_mixin.py:188} INFO - [2026-09-18T12:50:20.139+0000] {dagbag.py:545} INFO - Filling up the DagBag from /opt/airflow/dags/meteorisk_dag.py
[2026-09-18T12:50:20.187+0000] {processor.py:840} INFO - DAG(s) 'meteorisk_pipeline' retrieved from /opt/airflow/dags/meteorisk_dag.py
[2026-09-18T12:50:20.233+0000] {logging_mixin.py:188} INFO - [2026-09-18T12:50:20.233+0000] {dag.py:3089} INFO - Sync 1 DAGs
[2026-09-18T12:50:20.256+0000] {logging_mixin.py:188} INFO - [2026-09-18T12:50:20.256+0000] {dag.py:3947} INFO - Setting next_dagrun for meteorisk_pipeline to 2026-09-18 00:00:00+00:00, run_after=2026-09-19 00:00:00+00:00
[2026-09-18T12:50:20.285+0000] {processor.py:183} INFO - Processing /opt/airflow/dags/meteorisk_dag.py took 0.161 seconds
[2026-09-18T12:50:50.549+0000] {processor.py:161} INFO - Started process (PID=3006) to work on /opt/airflow/dags/meteorisk_dag.py
[2026-09-18T12:50:50.553+0000] {processor.py:830} INFO - Processing file /opt/airflow/dags/meteorisk_dag.py for tasks to queue
[2026-09-18T12:50:50.559+0000] {logging_mixin.py:188} INFO - [2026-09-18T12:50:50.558+0000] {dagbag.py:545} INFO - Filling up the DagBag from /opt/airflow/dags/meteorisk_dag.py
[2026-09-18T12:50:50.611+0000] {processor.py:840} INFO - DAG(s) 'meteorisk_pipeline' retrieved from /opt/airflow/dags/meteorisk_dag.py
[2026-09-18T12:50:50.678+0000] {logging_mixin.py:188} INFO - [2026-09-18T12:50:50.677+0000] {dag.py:3089} INFO - Sync 1 DAGs
[2026-09-18T12:50:50.711+0000] {logging_mixin.py:188} INFO - [2026-09-18T12:50:50.711+0000] {dag.py:3947} INFO - Setting next_dagrun for meteorisk_pipeline to 2026-09-18 00:00:00+00:00, run_after=2026-09-19 00:00:00+00:00
[2026-09-18T12:50:50.755+0000] {processor.py:183} INFO - Processing /opt/airflow/dags/meteorisk_dag.py took 0.215 seconds
[2026-09-18T12:51:20.907+0000] {processor.py:161} INFO - Started process (PID=3011) to work on /opt/airflow/dags/meteorisk_dag.py
[2026-09-18T12:51:20.909+0000] {processor.py:830} INFO - Processing file /opt/airflow/dags/meteorisk_dag.py for tasks to queue
[2026-09-18T12:51:20.912+0000] {logging_mixin.py:188} INFO - [2026-09-18T12:51:20.911+0000] {dagbag.py:545} INFO - Filling up the DagBag from /opt/airflow/dags/meteorisk_dag.py
[2026-09-18T12:51:20.953+0000] {processor.py:840} INFO - DAG(s) 'meteorisk_pipeline' retrieved from /opt/airflow/dags/meteorisk_dag.py
[2026-09-18T12:51:21.004+0000] {logging_mixin.py:188} INFO - [2026-09-18T12:51:21.004+0000] {dag.py:3089} INFO - Sync 1 DAGs
[2026-09-18T12:51:21.031+0000] {logging_mixin.py:188} INFO - [2026-09-18T12:51:21.031+0000] {dag.py:3947} INFO - Setting next_dagrun for meteorisk_pipeline to 2026-09-18 00:00:00+00:00, run_after=2026-09-19 00:00:00+00:00
[2026-09-18T12:51:21.068+0000] {processor.py:183} INFO - Processing /opt/airflow/dags/meteorisk_dag.py took 0.172 seconds
[2026-09-18T12:51:51.398+0000] {processor.py:161} INFO - Started process (PID=3016) to work on /opt/airflow/dags/meteorisk_dag.py
[2026-09-18T12:51:51.401+0000] {processor.py:830} INFO - Processing file /opt/airflow/dags/meteorisk_dag.py for tasks to queue
[2026-09-18T12:51:51.406+0000] {logging_mixin.py:188} INFO - [2026-09-18T12:51:51.404+0000] {dagbag.py:545} INFO - Filling up the DagBag from /opt/airflow/dags/meteorisk_dag.py
[2026-09-18T12:51:51.465+0000] {processor.py:840} INFO - DAG(s) 'meteorisk_pipeline' retrieved from /opt/airflow/dags/meteorisk_dag.py
[2026-09-18T12:51:51.506+0000] {logging_mixin.py:188} INFO - [2026-09-18T12:51:51.506+0000] {dag.py:3089} INFO - Sync 1 DAGs
[2026-09-18T12:51:51.538+0000] {logging_mixin.py:188} INFO - [2026-09-18T12:51:51.538+0000] {dag.py:3947} INFO - Setting next_dagrun for meteorisk_pipeline to 2026-09-18 00:00:00+00:00, run_after=2026-09-19 00:00:00+00:00
[2026-09-18T12:51:51.584+0000] {processor.py:183} INFO - Processing /opt/airflow/dags/meteorisk_dag.py took 0.194 seconds
[2026-09-18T12:52:21.704+0000] {processor.py:161} INFO - Started process (PID=3021) to work on /opt/airflow/dags/meteorisk_dag.py
[2026-09-18T12:52:21.707+0000] {processor.py:830} INFO - Processing file /opt/airflow/dags/meteorisk_dag.py for tasks to queue
[2026-09-18T12:52:21.713+0000] {logging_mixin.py:188} INFO - [2026-09-18T12:52:21.712+0000] {dagbag.py:545} INFO - Filling up the DagBag from /opt/airflow/dags/meteorisk_dag.py
[2026-09-18T12:52:21.770+0000] {processor.py:840} INFO - DAG(s) 'meteorisk_pipeline' retrieved from /opt/airflow/dags/meteorisk_dag.py
[2026-09-18T12:52:21.824+0000] {logging_mixin.py:188} INFO - [2026-09-18T12:52:21.823+0000] {dag.py:3089} INFO - Sync 1 DAGs
[2026-09-18T12:52:21.867+0000] {logging_mixin.py:188} INFO - [2026-09-18T12:52:21.867+0000] {dag.py:3947} INFO - Setting next_dagrun for meteorisk_pipeline to 2026-09-18 00:00:00+00:00, run_after=2026-09-19 00:00:00+00:00
[2026-09-18T12:52:21.888+0000] {processor.py:183} INFO - Processing /opt/airflow/dags/meteorisk_dag.py took 0.194 seconds
[2026-09-18T12:52:52.179+0000] {processor.py:161} INFO - Started process (PID=3026) to work on /opt/airflow/dags/meteorisk_dag.py
[2026-09-18T12:52:52.180+0000] {processor.py:830} INFO - Processing file /opt/airflow/dags/meteorisk_dag.py for tasks to queue
[2026-09-18T12:52:52.183+0000] {logging_mixin.py:188} INFO - [2026-09-18T12:52:52.183+0000] {dagbag.py:545} INFO - Filling up the DagBag from /opt/airflow/dags/meteorisk_dag.py
[2026-09-18T12:52:52.220+0000] {processor.py:840} INFO - DAG(s) 'meteorisk_pipeline' retrieved from /opt/airflow/dags/meteorisk_dag.py
[2026-09-18T12:52:52.253+0000] {logging_mixin.py:188} INFO - [2026-09-18T12:52:52.253+0000] {dag.py:3089} INFO - Sync 1 DAGs
[2026-09-18T12:52:52.278+0000] {logging_mixin.py:188} INFO - [2026-09-18T12:52:52.277+0000] {dag.py:3947} INFO - Setting next_dagrun for meteorisk_pipeline to 2026-09-18 00:00:00+00:00, run_after=2026-09-19 00:00:00+00:00
[2026-09-18T12:52:52.303+0000] {processor.py:183} INFO - Processing /opt/airflow/dags/meteorisk_dag.py took 0.131 seconds
[2026-09-18T12:53:22.561+0000] {processor.py:161} INFO - Started process (PID=3031) to work on /opt/airflow/dags/meteorisk_dag.py
[2026-09-18T12:53:22.564+0000] {processor.py:830} INFO - Processing file /opt/airflow/dags/meteorisk_dag.py for tasks to queue
[2026-09-18T12:53:22.570+0000] {logging_mixin.py:188} INFO - [2026-09-18T12:53:22.569+0000] {dagbag.py:545} INFO - Filling up the DagBag from /opt/airflow/dags/meteorisk_dag.py
[2026-09-18T12:53:22.636+0000] {processor.py:840} INFO - DAG(s) 'meteorisk_pipeline' retrieved from /opt/airflow/dags/meteorisk_dag.py
[2026-09-18T12:53:22.681+0000] {logging_mixin.py:188} INFO - [2026-09-18T12:53:22.680+0000] {dag.py:3089} INFO - Sync 1 DAGs
[2026-09-18T12:53:22.703+0000] {logging_mixin.py:188} INFO - [2026-09-18T12:53:22.702+0000] {dag.py:3947} INFO - Setting next_dagrun for meteorisk_pipeline to 2026-09-18 00:00:00+00:00, run_after=2026-09-19 00:00:00+00:00
[2026-09-18T12:53:22.741+0000] {processor.py:183} INFO - Processing /opt/airflow/dags/meteorisk_dag.py took 0.195 seconds
[2026-09-18T12:53:52.939+0000] {processor.py:161} INFO - Started process (PID=3036) to work on /opt/airflow/dags/meteorisk_dag.py
[2026-09-18T12:53:52.942+0000] {processor.py:830} INFO - Processing file /opt/airflow/dags/meteorisk_dag.py for tasks to queue
[2026-09-18T12:53:52.949+0000] {logging_mixin.py:188} INFO - [2026-09-18T12:53:52.948+0000] {dagbag.py:545} INFO - Filling up the DagBag from /opt/airflow/dags/meteorisk_dag.py
[2026-09-18T12:53:53.022+0000] {processor.py:840} INFO - DAG(s) 'meteorisk_pipeline' retrieved from /opt/airflow/dags/meteorisk_dag.py
[2026-09-18T12:53:53.073+0000] {logging_mixin.py:188} INFO - [2026-09-18T12:53:53.073+0000] {dag.py:3089} INFO - Sync 1 DAGs
[2026-09-18T12:53:53.098+0000] {logging_mixin.py:188} INFO - [2026-09-18T12:53:53.098+0000] {dag.py:3947} INFO - Setting next_dagrun for meteorisk_pipeline to 2026-09-18 00:00:00+00:00, run_after=2026-09-19 00:00:00+00:00
[2026-09-18T12:53:53.146+0000] {processor.py:183} INFO - Processing /opt/airflow/dags/meteorisk_dag.py took 0.227 seconds
[2026-09-18T12:54:23.467+0000] {processor.py:161} INFO - Started process (PID=3041) to work on /opt/airflow/dags/meteorisk_dag.py
[2026-09-18T12:54:23.469+0000] {processor.py:830} INFO - Processing file /opt/airflow/dags/meteorisk_dag.py for tasks to queue
[2026-09-18T12:54:23.472+0000] {logging_mixin.py:188} INFO - [2026-09-18T12:54:23.472+0000] {dagbag.py:545} INFO - Filling up the DagBag from /opt/airflow/dags/meteorisk_dag.py
[2026-09-18T12:54:23.540+0000] {processor.py:840} INFO - DAG(s) 'meteorisk_pipeline' retrieved from /opt/airflow/dags/meteorisk_dag.py
[2026-09-18T12:54:23.599+0000] {logging_mixin.py:188} INFO - [2026-09-18T12:54:23.598+0000] {dag.py:3089} INFO - Sync 1 DAGs
[2026-09-18T12:54:23.639+0000] {logging_mixin.py:188} INFO - [2026-09-18T12:54:23.638+0000] {dag.py:3947} INFO - Setting next_dagrun for meteorisk_pipeline to 2026-09-18 00:00:00+00:00, run_after=2026-09-19 00:00:00+00:00
[2026-09-18T12:54:23.696+0000] {processor.py:183} INFO - Processing /opt/airflow/dags/meteorisk_dag.py took 0.235 seconds
[2026-09-18T12:54:53.782+0000] {processor.py:161} INFO - Started process (PID=3046) to work on /opt/airflow/dags/meteorisk_dag.py
[2026-09-18T12:54:53.784+0000] {processor.py:830} INFO - Processing file /opt/airflow/dags/meteorisk_dag.py for tasks to queue
[2026-09-18T12:54:53.787+0000] {logging_mixin.py:188} INFO - [2026-09-18T12:54:53.786+0000] {dagbag.py:545} INFO - Filling up the DagBag from /opt/airflow/dags/meteorisk_dag.py
[2026-09-18T12:54:53.834+0000] {processor.py:840} INFO - DAG(s) 'meteorisk_pipeline' retrieved from /opt/airflow/dags/meteorisk_dag.py
[2026-09-18T12:54:53.878+0000] {logging_mixin.py:188} INFO - [2026-09-18T12:54:53.877+0000] {dag.py:3089} INFO - Sync 1 DAGs
[2026-09-18T12:54:53.906+0000] {logging_mixin.py:188} INFO - [2026-09-18T12:54:53.906+0000] {dag.py:3947} INFO - Setting next_dagrun for meteorisk_pipeline to 2026-09-18 00:00:00+00:00, run_after=2026-09-19 00:00:00+00:00
[2026-09-18T12:54:53.932+0000] {processor.py:183} INFO - Processing /opt/airflow/dags/meteorisk_dag.py took 0.155 seconds
[2026-09-18T12:55:24.114+0000] {processor.py:161} INFO - Started process (PID=3051) to work on /opt/airflow/dags/meteorisk_dag.py
[2026-09-18T12:55:24.118+0000] {processor.py:830} INFO - Processing file /opt/airflow/dags/meteorisk_dag.py for tasks to queue
[2026-09-18T12:55:24.123+0000] {logging_mixin.py:188} INFO - [2026-09-18T12:55:24.122+0000] {dagbag.py:545} INFO - Filling up the DagBag from /opt/airflow/dags/meteorisk_dag.py
[2026-09-18T12:55:24.169+0000] {processor.py:840} INFO - DAG(s) 'meteorisk_pipeline' retrieved from /opt/airflow/dags/meteorisk_dag.py
[2026-09-18T12:55:24.220+0000] {logging_mixin.py:188} INFO - [2026-09-18T12:55:24.219+0000] {dag.py:3089} INFO - Sync 1 DAGs
[2026-09-18T12:55:24.271+0000] {logging_mixin.py:188} INFO - [2026-09-18T12:55:24.271+0000] {dag.py:3947} INFO - Setting next_dagrun for meteorisk_pipeline to 2026-09-18 00:00:00+00:00, run_after=2026-09-19 00:00:00+00:00
[2026-09-18T12:55:24.319+0000] {processor.py:183} INFO - Processing /opt/airflow/dags/meteorisk_dag.py took 0.215 seconds
[2026-09-18T12:55:54.545+0000] {processor.py:161} INFO - Started process (PID=3056) to work on /opt/airflow/dags/meteorisk_dag.py
[2026-09-18T12:55:54.547+0000] {processor.py:830} INFO - Processing file /opt/airflow/dags/meteorisk_dag.py for tasks to queue
[2026-09-18T12:55:54.550+0000] {logging_mixin.py:188} INFO - [2026-09-18T12:55:54.549+0000] {dagbag.py:545} INFO - Filling up the DagBag from /opt/airflow/dags/meteorisk_dag.py
[2026-09-18T12:55:54.604+0000] {processor.py:840} INFO - DAG(s) 'meteorisk_pipeline' retrieved from /opt/airflow/dags/meteorisk_dag.py
[2026-09-18T12:55:54.640+0000] {logging_mixin.py:188} INFO - [2026-09-18T12:55:54.640+0000] {dag.py:3089} INFO - Sync 1 DAGs
[2026-09-18T12:55:54.664+0000] {logging_mixin.py:188} INFO - [2026-09-18T12:55:54.664+0000] {dag.py:3947} INFO - Setting next_dagrun for meteorisk_pipeline to 2026-09-18 00:00:00+00:00, run_after=2026-09-19 00:00:00+00:00
[2026-09-18T12:55:54.705+0000] {processor.py:183} INFO - Processing /opt/airflow/dags/meteorisk_dag.py took 0.169 seconds
[2026-09-18T12:56:24.986+0000] {processor.py:161} INFO - Started process (PID=3061) to work on /opt/airflow/dags/meteorisk_dag.py
[2026-09-18T12:56:24.990+0000] {processor.py:830} INFO - Processing file /opt/airflow/dags/meteorisk_dag.py for tasks to queue
[2026-09-18T12:56:24.998+0000] {logging_mixin.py:188} INFO - [2026-09-18T12:56:24.997+0000] {dagbag.py:545} INFO - Filling up the DagBag from /opt/airflow/dags/meteorisk_dag.py
[2026-09-18T12:56:25.076+0000] {processor.py:840} INFO - DAG(s) 'meteorisk_pipeline' retrieved from /opt/airflow/dags/meteorisk_dag.py
[2026-09-18T12:56:25.154+0000] {logging_mixin.py:188} INFO - [2026-09-18T12:56:25.154+0000] {dag.py:3089} INFO - Sync 1 DAGs
[2026-09-18T12:56:25.204+0000] {logging_mixin.py:188} INFO - [2026-09-18T12:56:25.203+0000] {dag.py:3947} INFO - Setting next_dagrun for meteorisk_pipeline to 2026-09-18 00:00:00+00:00, run_after=2026-09-19 00:00:00+00:00
[2026-09-18T12:56:25.256+0000] {processor.py:183} INFO - Processing /opt/airflow/dags/meteorisk_dag.py took 0.285 seconds
[2026-09-18T12:56:55.395+0000] {processor.py:161} INFO - Started process (PID=3066) to work on /opt/airflow/dags/meteorisk_dag.py
[2026-09-18T12:56:55.398+0000] {processor.py:830} INFO - Processing file /opt/airflow/dags/meteorisk_dag.py for tasks to queue
[2026-09-18T12:56:55.403+0000] {logging_mixin.py:188} INFO - [2026-09-18T12:56:55.402+0000] {dagbag.py:545} INFO - Filling up the DagBag from /opt/airflow/dags/meteorisk_dag.py
[2026-09-18T12:56:55.470+0000] {processor.py:840} INFO - DAG(s) 'meteorisk_pipeline' retrieved from /opt/airflow/dags/meteorisk_dag.py
[2026-09-18T12:56:55.552+0000] {logging_mixin.py:188} INFO - [2026-09-18T12:56:55.551+0000] {dag.py:3089} INFO - Sync 1 DAGs
[2026-09-18T12:56:55.597+0000] {logging_mixin.py:188} INFO - [2026-09-18T12:56:55.597+0000] {dag.py:3947} INFO - Setting next_dagrun for meteorisk_pipeline to 2026-09-18 00:00:00+00:00, run_after=2026-09-19 00:00:00+00:00
[2026-09-18T12:56:55.653+0000] {processor.py:183} INFO - Processing /opt/airflow/dags/meteorisk_dag.py took 0.271 seconds
[2026-09-18T12:57:26.028+0000] {processor.py:161} INFO - Started process (PID=3071) to work on /opt/airflow/dags/meteorisk_dag.py
[2026-09-18T12:57:26.032+0000] {processor.py:830} INFO - Processing file /opt/airflow/dags/meteorisk_dag.py for tasks to queue
[2026-09-18T12:57:26.036+0000] {logging_mixin.py:188} INFO - [2026-09-18T12:57:26.035+0000] {dagbag.py:545} INFO - Filling up the DagBag from /opt/airflow/dags/meteorisk_dag.py
[2026-09-18T12:57:26.091+0000] {processor.py:840} INFO - DAG(s) 'meteorisk_pipeline' retrieved from /opt/airflow/dags/meteorisk_dag.py
[2026-09-18T12:57:26.127+0000] {logging_mixin.py:188} INFO - [2026-09-18T12:57:26.127+0000] {dag.py:3089} INFO - Sync 1 DAGs
[2026-09-18T12:57:26.152+0000] {logging_mixin.py:188} INFO - [2026-09-18T12:57:26.152+0000] {dag.py:3947} INFO - Setting next_dagrun for meteorisk_pipeline to 2026-09-18 00:00:00+00:00, run_after=2026-09-19 00:00:00+00:00
[2026-09-18T12:57:26.187+0000] {processor.py:183} INFO - Processing /opt/airflow/dags/meteorisk_dag.py took 0.170 seconds
[2026-09-18T12:57:56.326+0000] {processor.py:161} INFO - Started process (PID=3076) to work on /opt/airflow/dags/meteorisk_dag.py
[2026-09-18T12:57:56.328+0000] {processor.py:830} INFO - Processing file /opt/airflow/dags/meteorisk_dag.py for tasks to queue
[2026-09-18T12:57:56.331+0000] {logging_mixin.py:188} INFO - [2026-09-18T12:57:56.330+0000] {dagbag.py:545} INFO - Filling up the DagBag from /opt/airflow/dags/meteorisk_dag.py
[2026-09-18T12:57:56.380+0000] {processor.py:840} INFO - DAG(s) 'meteorisk_pipeline' retrieved from /opt/airflow/dags/meteorisk_dag.py
[2026-09-18T12:57:56.420+0000] {logging_mixin.py:188} INFO - [2026-09-18T12:57:56.420+0000] {dag.py:3089} INFO - Sync 1 DAGs
[2026-09-18T12:57:56.453+0000] {logging_mixin.py:188} INFO - [2026-09-18T12:57:56.453+0000] {dag.py:3947} INFO - Setting next_dagrun for meteorisk_pipeline to 2026-09-18 00:00:00+00:00, run_after=2026-09-19 00:00:00+00:00
[2026-09-18T12:57:56.479+0000] {processor.py:183} INFO - Processing /opt/airflow/dags/meteorisk_dag.py took 0.164 seconds
[2026-09-18T12:58:26.816+0000] {processor.py:161} INFO - Started process (PID=3081) to work on /opt/airflow/dags/meteorisk_dag.py
[2026-09-18T12:58:26.819+0000] {processor.py:830} INFO - Processing file /opt/airflow/dags/meteorisk_dag.py for tasks to queue
[2026-09-18T12:58:26.823+0000] {logging_mixin.py:188} INFO - [2026-09-18T12:58:26.822+0000] {dagbag.py:545} INFO - Filling up the DagBag from /opt/airflow/dags/meteorisk_dag.py
[2026-09-18T12:58:26.879+0000] {processor.py:840} INFO - DAG(s) 'meteorisk_pipeline' retrieved from /opt/airflow/dags/meteorisk_dag.py
[2026-09-18T12:58:26.922+0000] {logging_mixin.py:188} INFO - [2026-09-18T12:58:26.921+0000] {dag.py:3089} INFO - Sync 1 DAGs
[2026-09-18T12:58:26.949+0000] {logging_mixin.py:188} INFO - [2026-09-18T12:58:26.949+0000] {dag.py:3947} INFO - Setting next_dagrun for meteorisk_pipeline to 2026-09-18 00:00:00+00:00, run_after=2026-09-19 00:00:00+00:00
[2026-09-18T12:58:26.986+0000] {processor.py:183} INFO - Processing /opt/airflow/dags/meteorisk_dag.py took 0.185 seconds
[2026-09-18T12:58:57.128+0000] {processor.py:161} INFO - Started process (PID=3086) to work on /opt/airflow/dags/meteorisk_dag.py
[2026-09-18T12:58:57.130+0000] {processor.py:830} INFO - Processing file /opt/airflow/dags/meteorisk_dag.py for tasks to queue
[2026-09-18T12:58:57.133+0000] {logging_mixin.py:188} INFO - [2026-09-18T12:58:57.133+0000] {dagbag.py:545} INFO - Filling up the DagBag from /opt/airflow/dags/meteorisk_dag.py
[2026-09-18T12:58:57.194+0000] {processor.py:840} INFO - DAG(s) 'meteorisk_pipeline' retrieved from /opt/airflow/dags/meteorisk_dag.py
[2026-09-18T12:58:57.259+0000] {logging_mixin.py:188} INFO - [2026-09-18T12:58:57.258+0000] {dag.py:3089} INFO - Sync 1 DAGs
[2026-09-18T12:58:57.305+0000] {logging_mixin.py:188} INFO - [2026-09-18T12:58:57.305+0000] {dag.py:3947} INFO - Setting next_dagrun for meteorisk_pipeline to 2026-09-18 00:00:00+00:00, run_after=2026-09-19 00:00:00+00:00
[2026-09-18T12:58:57.355+0000] {processor.py:183} INFO - Processing /opt/airflow/dags/meteorisk_dag.py took 0.237 seconds
[2026-09-18T12:59:27.771+0000] {processor.py:161} INFO - Started process (PID=3091) to work on /opt/airflow/dags/meteorisk_dag.py
[2026-09-18T12:59:27.774+0000] {processor.py:830} INFO - Processing file /opt/airflow/dags/meteorisk_dag.py for tasks to queue
[2026-09-18T12:59:27.778+0000] {logging_mixin.py:188} INFO - [2026-09-18T12:59:27.777+0000] {dagbag.py:545} INFO - Filling up the DagBag from /opt/airflow/dags/meteorisk_dag.py
[2026-09-18T12:59:27.831+0000] {processor.py:840} INFO - DAG(s) 'meteorisk_pipeline' retrieved from /opt/airflow/dags/meteorisk_dag.py
[2026-09-18T12:59:27.877+0000] {logging_mixin.py:188} INFO - [2026-09-18T12:59:27.877+0000] {dag.py:3089} INFO - Sync 1 DAGs
[2026-09-18T12:59:27.901+0000] {logging_mixin.py:188} INFO - [2026-09-18T12:59:27.901+0000] {dag.py:3947} INFO - Setting next_dagrun for meteorisk_pipeline to 2026-09-18 00:00:00+00:00, run_after=2026-09-19 00:00:00+00:00
[2026-09-18T12:59:27.939+0000] {processor.py:183} INFO - Processing /opt/airflow/dags/meteorisk_dag.py took 0.181 seconds
[2026-09-18T12:59:58.090+0000] {processor.py:161} INFO - Started process (PID=3096) to work on /opt/airflow/dags/meteorisk_dag.py
[2026-09-18T12:59:58.093+0000] {processor.py:830} INFO - Processing file /opt/airflow/dags/meteorisk_dag.py for tasks to queue
[2026-09-18T12:59:58.099+0000] {logging_mixin.py:188} INFO - [2026-09-18T12:59:58.099+0000] {dagbag.py:545} INFO - Filling up the DagBag from /opt/airflow/dags/meteorisk_dag.py
[2026-09-18T12:59:58.160+0000] {processor.py:840} INFO - DAG(s) 'meteorisk_pipeline' retrieved from /opt/airflow/dags/meteorisk_dag.py
[2026-09-18T12:59:58.192+0000] {logging_mixin.py:188} INFO - [2026-09-18T12:59:58.191+0000] {dag.py:3089} INFO - Sync 1 DAGs
[2026-09-18T12:59:58.217+0000] {logging_mixin.py:188} INFO - [2026-09-18T12:59:58.217+0000] {dag.py:3947} INFO - Setting next_dagrun for meteorisk_pipeline to 2026-09-18 00:00:00+00:00, run_after=2026-09-19 00:00:00+00:00
[2026-09-18T12:59:58.257+0000] {processor.py:183} INFO - Processing /opt/airflow/dags/meteorisk_dag.py took 0.180 seconds
[2026-09-18T13:00:28.608+0000] {processor.py:161} INFO - Started process (PID=3101) to work on /opt/airflow/dags/meteorisk_dag.py
[2026-09-18T13:00:28.612+0000] {processor.py:830} INFO - Processing file /opt/airflow/dags/meteorisk_dag.py for tasks to queue
[2026-09-18T13:00:28.619+0000] {logging_mixin.py:188} INFO - [2026-09-18T13:00:28.618+0000] {dagbag.py:545} INFO - Filling up the DagBag from /opt/airflow/dags/meteorisk_dag.py
[2026-09-18T13:00:28.703+0000] {processor.py:840} INFO - DAG(s) 'meteorisk_pipeline' retrieved from /opt/airflow/dags/meteorisk_dag.py
[2026-09-18T13:00:28.764+0000] {logging_mixin.py:188} INFO - [2026-09-18T13:00:28.763+0000] {dag.py:3089} INFO - Sync 1 DAGs
[2026-09-18T13:00:28.791+0000] {logging_mixin.py:188} INFO - [2026-09-18T13:00:28.791+0000] {dag.py:3947} INFO - Setting next_dagrun for meteorisk_pipeline to 2026-09-18 00:00:00+00:00, run_after=2026-09-19 00:00:00+00:00
[2026-09-18T13:00:28.840+0000] {processor.py:183} INFO - Processing /opt/airflow/dags/meteorisk_dag.py took 0.247 seconds
[2026-09-18T13:00:59.239+0000] {processor.py:161} INFO - Started process (PID=3106) to work on /opt/airflow/dags/meteorisk_dag.py
[2026-09-18T13:00:59.242+0000] {processor.py:830} INFO - Processing file /opt/airflow/dags/meteorisk_dag.py for tasks to queue
[2026-09-18T13:00:59.248+0000] {logging_mixin.py:188} INFO - [2026-09-18T13:00:59.247+0000] {dagbag.py:545} INFO - Filling up the DagBag from /opt/airflow/dags/meteorisk_dag.py
[2026-09-18T13:00:59.331+0000] {processor.py:840} INFO - DAG(s) 'meteorisk_pipeline' retrieved from /opt/airflow/dags/meteorisk_dag.py
[2026-09-18T13:00:59.414+0000] {logging_mixin.py:188} INFO - [2026-09-18T13:00:59.414+0000] {dag.py:3089} INFO - Sync 1 DAGs
[2026-09-18T13:00:59.445+0000] {logging_mixin.py:188} INFO - [2026-09-18T13:00:59.445+0000] {dag.py:3947} INFO - Setting next_dagrun for meteorisk_pipeline to 2026-09-18 00:00:00+00:00, run_after=2026-09-19 00:00:00+00:00
[2026-09-18T13:00:59.510+0000] {processor.py:183} INFO - Processing /opt/airflow/dags/meteorisk_dag.py took 0.285 seconds
[2026-09-18T13:01:29.893+0000] {processor.py:161} INFO - Started process (PID=3111) to work on /opt/airflow/dags/meteorisk_dag.py
[2026-09-18T13:01:29.895+0000] {processor.py:830} INFO - Processing file /opt/airflow/dags/meteorisk_dag.py for tasks to queue
[2026-09-18T13:01:29.898+0000] {logging_mixin.py:188} INFO - [2026-09-18T13:01:29.898+0000] {dagbag.py:545} INFO - Filling up the DagBag from /opt/airflow/dags/meteorisk_dag.py
[2026-09-18T13:01:29.944+0000] {processor.py:840} INFO - DAG(s) 'meteorisk_pipeline' retrieved from /opt/airflow/dags/meteorisk_dag.py
[2026-09-18T13:01:29.985+0000] {logging_mixin.py:188} INFO - [2026-09-18T13:01:29.985+0000] {dag.py:3089} INFO - Sync 1 DAGs
[2026-09-18T13:01:30.010+0000] {logging_mixin.py:188} INFO - [2026-09-18T13:01:30.010+0000] {dag.py:3947} INFO - Setting next_dagrun for meteorisk_pipeline to 2026-09-18 00:00:00+00:00, run_after=2026-09-19 00:00:00+00:00
[2026-09-18T13:01:30.047+0000] {processor.py:183} INFO - Processing /opt/airflow/dags/meteorisk_dag.py took 0.162 seconds
[2026-09-18T13:02:00.155+0000] {processor.py:161} INFO - Started process (PID=3116) to work on /opt/airflow/dags/meteorisk_dag.py
[2026-09-18T13:02:00.159+0000] {processor.py:830} INFO - Processing file /opt/airflow/dags/meteorisk_dag.py for tasks to queue
[2026-09-18T13:02:00.163+0000] {logging_mixin.py:188} INFO - [2026-09-18T13:02:00.162+0000] {dagbag.py:545} INFO - Filling up the DagBag from /opt/airflow/dags/meteorisk_dag.py
[2026-09-18T13:02:00.198+0000] {processor.py:840} INFO - DAG(s) 'meteorisk_pipeline' retrieved from /opt/airflow/dags/meteorisk_dag.py
[2026-09-18T13:02:00.237+0000] {logging_mixin.py:188} INFO - [2026-09-18T13:02:00.236+0000] {dag.py:3089} INFO - Sync 1 DAGs
[2026-09-18T13:02:00.261+0000] {logging_mixin.py:188} INFO - [2026-09-18T13:02:00.261+0000] {dag.py:3947} INFO - Setting next_dagrun for meteorisk_pipeline to 2026-09-18 00:00:00+00:00, run_after=2026-09-19 00:00:00+00:00
[2026-09-18T13:02:00.292+0000] {processor.py:183} INFO - Processing /opt/airflow/dags/meteorisk_dag.py took 0.145 seconds
[2026-09-18T13:02:30.456+0000] {processor.py:161} INFO - Started process (PID=3121) to work on /opt/airflow/dags/meteorisk_dag.py
[2026-09-18T13:02:30.458+0000] {processor.py:830} INFO - Processing file /opt/airflow/dags/meteorisk_dag.py for tasks to queue
[2026-09-18T13:02:30.464+0000] {logging_mixin.py:188} INFO - [2026-09-18T13:02:30.464+0000] {dagbag.py:545} INFO - Filling up the DagBag from /opt/airflow/dags/meteorisk_dag.py
[2026-09-18T13:02:30.522+0000] {processor.py:840} INFO - DAG(s) 'meteorisk_pipeline' retrieved from /opt/airflow/dags/meteorisk_dag.py
[2026-09-18T13:02:30.579+0000] {logging_mixin.py:188} INFO - [2026-09-18T13:02:30.579+0000] {dag.py:3089} INFO - Sync 1 DAGs
[2026-09-18T13:02:30.637+0000] {logging_mixin.py:188} INFO - [2026-09-18T13:02:30.636+0000] {dag.py:3947} INFO - Setting next_dagrun for meteorisk_pipeline to 2026-09-18 00:00:00+00:00, run_after=2026-09-19 00:00:00+00:00
[2026-09-18T13:02:30.699+0000] {processor.py:183} INFO - Processing /opt/airflow/dags/meteorisk_dag.py took 0.252 seconds
[2026-09-18T13:03:00.972+0000] {processor.py:161} INFO - Started process (PID=3126) to work on /opt/airflow/dags/meteorisk_dag.py
[2026-09-18T13:03:00.974+0000] {processor.py:830} INFO - Processing file /opt/airflow/dags/meteorisk_dag.py for tasks to queue
[2026-09-18T13:03:00.977+0000] {logging_mixin.py:188} INFO - [2026-09-18T13:03:00.977+0000] {dagbag.py:545} INFO - Filling up the DagBag from /opt/airflow/dags/meteorisk_dag.py
[2026-09-18T13:03:01.013+0000] {processor.py:840} INFO - DAG(s) 'meteorisk_pipeline' retrieved from /opt/airflow/dags/meteorisk_dag.py
[2026-09-18T13:03:01.047+0000] {logging_mixin.py:188} INFO - [2026-09-18T13:03:01.047+0000] {dag.py:3089} INFO - Sync 1 DAGs
[2026-09-18T13:03:01.075+0000] {logging_mixin.py:188} INFO - [2026-09-18T13:03:01.074+0000] {dag.py:3947} INFO - Setting next_dagrun for meteorisk_pipeline to 2026-09-18 00:00:00+00:00, run_after=2026-09-19 00:00:00+00:00
[2026-09-18T13:03:01.100+0000] {processor.py:183} INFO - Processing /opt/airflow/dags/meteorisk_dag.py took 0.140 seconds
[2026-09-18T13:03:31.457+0000] {processor.py:161} INFO - Started process (PID=3131) to work on /opt/airflow/dags/meteorisk_dag.py
[2026-09-18T13:03:31.462+0000] {processor.py:830} INFO - Processing file /opt/airflow/dags/meteorisk_dag.py for tasks to queue
[2026-09-18T13:03:31.469+0000] {logging_mixin.py:188} INFO - [2026-09-18T13:03:31.469+0000] {dagbag.py:545} INFO - Filling up the DagBag from /opt/airflow/dags/meteorisk_dag.py
[2026-09-18T13:03:31.536+0000] {processor.py:840} INFO - DAG(s) 'meteorisk_pipeline' retrieved from /opt/airflow/dags/meteorisk_dag.py
[2026-09-18T13:03:31.605+0000] {logging_mixin.py:188} INFO - [2026-09-18T13:03:31.605+0000] {dag.py:3089} INFO - Sync 1 DAGs
[2026-09-18T13:03:31.635+0000] {logging_mixin.py:188} INFO - [2026-09-18T13:03:31.634+0000] {dag.py:3947} INFO - Setting next_dagrun for meteorisk_pipeline to 2026-09-18 00:00:00+00:00, run_after=2026-09-19 00:00:00+00:00
[2026-09-18T13:03:31.686+0000] {processor.py:183} INFO - Processing /opt/airflow/dags/meteorisk_dag.py took 0.247 seconds
[2026-09-18T13:31:14.963+0000] {processor.py:161} INFO - Started process (PID=3136) to work on /opt/airflow/dags/meteorisk_dag.py
[2026-09-18T13:31:14.970+0000] {processor.py:830} INFO - Processing file /opt/airflow/dags/meteorisk_dag.py for tasks to queue
[2026-09-18T13:31:14.978+0000] {logging_mixin.py:188} INFO - [2026-09-18T13:31:14.977+0000] {dagbag.py:545} INFO - Filling up the DagBag from /opt/airflow/dags/meteorisk_dag.py
[2026-09-18T13:31:15.092+0000] {processor.py:840} INFO - DAG(s) 'meteorisk_pipeline' retrieved from /opt/airflow/dags/meteorisk_dag.py
[2026-09-18T13:31:15.154+0000] {logging_mixin.py:188} INFO - [2026-09-18T13:31:15.154+0000] {dag.py:3089} INFO - Sync 1 DAGs
[2026-09-18T13:31:15.191+0000] {logging_mixin.py:188} INFO - [2026-09-18T13:31:15.190+0000] {dag.py:3947} INFO - Setting next_dagrun for meteorisk_pipeline to 2026-09-18 00:00:00+00:00, run_after=2026-09-19 00:00:00+00:00
[2026-09-18T13:31:15.235+0000] {processor.py:183} INFO - Processing /opt/airflow/dags/meteorisk_dag.py took 0.290 seconds
[2026-09-18T13:31:45.735+0000] {processor.py:161} INFO - Started process (PID=3141) to work on /opt/airflow/dags/meteorisk_dag.py
[2026-09-18T13:31:45.746+0000] {processor.py:830} INFO - Processing file /opt/airflow/dags/meteorisk_dag.py for tasks to queue
[2026-09-18T13:31:45.761+0000] {logging_mixin.py:188} INFO - [2026-09-18T13:31:45.760+0000] {dagbag.py:545} INFO - Filling up the DagBag from /opt/airflow/dags/meteorisk_dag.py
[2026-09-18T13:31:45.860+0000] {processor.py:840} INFO - DAG(s) 'meteorisk_pipeline' retrieved from /opt/airflow/dags/meteorisk_dag.py
[2026-09-18T13:31:46.045+0000] {logging_mixin.py:188} INFO - [2026-09-18T13:31:46.045+0000] {dag.py:3089} INFO - Sync 1 DAGs
[2026-09-18T13:31:46.117+0000] {logging_mixin.py:188} INFO - [2026-09-18T13:31:46.117+0000] {dag.py:3947} INFO - Setting next_dagrun for meteorisk_pipeline to 2026-09-18 00:00:00+00:00, run_after=2026-09-19 00:00:00+00:00
[2026-09-18T13:31:46.191+0000] {processor.py:183} INFO - Processing /opt/airflow/dags/meteorisk_dag.py took 0.548 seconds
[2026-09-18T13:32:16.632+0000] {processor.py:161} INFO - Started process (PID=3146) to work on /opt/airflow/dags/meteorisk_dag.py
[2026-09-18T13:32:16.641+0000] {processor.py:830} INFO - Processing file /opt/airflow/dags/meteorisk_dag.py for tasks to queue
[2026-09-18T13:32:16.644+0000] {logging_mixin.py:188} INFO - [2026-09-18T13:32:16.643+0000] {dagbag.py:545} INFO - Filling up the DagBag from /opt/airflow/dags/meteorisk_dag.py
[2026-09-18T13:32:16.702+0000] {processor.py:840} INFO - DAG(s) 'meteorisk_pipeline' retrieved from /opt/airflow/dags/meteorisk_dag.py
[2026-09-18T13:32:16.779+0000] {logging_mixin.py:188} INFO - [2026-09-18T13:32:16.779+0000] {dag.py:3089} INFO - Sync 1 DAGs
[2026-09-18T13:32:16.894+0000] {logging_mixin.py:188} INFO - [2026-09-18T13:32:16.893+0000] {dag.py:3947} INFO - Setting next_dagrun for meteorisk_pipeline to 2026-09-18 00:00:00+00:00, run_after=2026-09-19 00:00:00+00:00
[2026-09-18T13:32:16.967+0000] {processor.py:183} INFO - Processing /opt/airflow/dags/meteorisk_dag.py took 0.348 seconds
[2026-09-18T13:32:47.355+0000] {processor.py:161} INFO - Started process (PID=3151) to work on /opt/airflow/dags/meteorisk_dag.py
[2026-09-18T13:32:47.356+0000] {processor.py:830} INFO - Processing file /opt/airflow/dags/meteorisk_dag.py for tasks to queue
[2026-09-18T13:32:47.359+0000] {logging_mixin.py:188} INFO - [2026-09-18T13:32:47.359+0000] {dagbag.py:545} INFO - Filling up the DagBag from /opt/airflow/dags/meteorisk_dag.py
[2026-09-18T13:32:47.403+0000] {processor.py:840} INFO - DAG(s) 'meteorisk_pipeline' retrieved from /opt/airflow/dags/meteorisk_dag.py
[2026-09-18T13:32:47.452+0000] {logging_mixin.py:188} INFO - [2026-09-18T13:32:47.451+0000] {dag.py:3089} INFO - Sync 1 DAGs
[2026-09-18T13:32:47.485+0000] {logging_mixin.py:188} INFO - [2026-09-18T13:32:47.484+0000] {dag.py:3947} INFO - Setting next_dagrun for meteorisk_pipeline to 2026-09-18 00:00:00+00:00, run_after=2026-09-19 00:00:00+00:00
[2026-09-18T13:32:47.537+0000] {processor.py:183} INFO - Processing /opt/airflow/dags/meteorisk_dag.py took 0.195 seconds
[2026-09-18T13:33:17.647+0000] {processor.py:161} INFO - Started process (PID=3156) to work on /opt/airflow/dags/meteorisk_dag.py
[2026-09-18T13:33:17.649+0000] {processor.py:830} INFO - Processing file /opt/airflow/dags/meteorisk_dag.py for tasks to queue
[2026-09-18T13:33:17.652+0000] {logging_mixin.py:188} INFO - [2026-09-18T13:33:17.652+0000] {dagbag.py:545} INFO - Filling up the DagBag from /opt/airflow/dags/meteorisk_dag.py
[2026-09-18T13:33:17.689+0000] {processor.py:840} INFO - DAG(s) 'meteorisk_pipeline' retrieved from /opt/airflow/dags/meteorisk_dag.py
[2026-09-18T13:33:17.754+0000] {logging_mixin.py:188} INFO - [2026-09-18T13:33:17.754+0000] {dag.py:3089} INFO - Sync 1 DAGs
[2026-09-18T13:33:17.790+0000] {logging_mixin.py:188} INFO - [2026-09-18T13:33:17.789+0000] {dag.py:3947} INFO - Setting next_dagrun for meteorisk_pipeline to 2026-09-18 00:00:00+00:00, run_after=2026-09-19 00:00:00+00:00
[2026-09-18T13:33:17.849+0000] {processor.py:183} INFO - Processing /opt/airflow/dags/meteorisk_dag.py took 0.210 seconds
[2026-09-18T13:33:48.263+0000] {processor.py:161} INFO - Started process (PID=3161) to work on /opt/airflow/dags/meteorisk_dag.py
[2026-09-18T13:33:48.267+0000] {processor.py:830} INFO - Processing file /opt/airflow/dags/meteorisk_dag.py for tasks to queue
[2026-09-18T13:33:48.270+0000] {logging_mixin.py:188} INFO - [2026-09-18T13:33:48.269+0000] {dagbag.py:545} INFO - Filling up the DagBag from /opt/airflow/dags/meteorisk_dag.py
[2026-09-18T13:33:48.312+0000] {processor.py:840} INFO - DAG(s) 'meteorisk_pipeline' retrieved from /opt/airflow/dags/meteorisk_dag.py
[2026-09-18T13:33:48.361+0000] {logging_mixin.py:188} INFO - [2026-09-18T13:33:48.361+0000] {dag.py:3089} INFO - Sync 1 DAGs
[2026-09-18T13:33:48.406+0000] {logging_mixin.py:188} INFO - [2026-09-18T13:33:48.405+0000] {dag.py:3947} INFO - Setting next_dagrun for meteorisk_pipeline to 2026-09-18 00:00:00+00:00, run_after=2026-09-19 00:00:00+00:00
[2026-09-18T13:33:48.450+0000] {processor.py:183} INFO - Processing /opt/airflow/dags/meteorisk_dag.py took 0.196 seconds
[2026-09-18T13:34:18.639+0000] {processor.py:161} INFO - Started process (PID=3166) to work on /opt/airflow/dags/meteorisk_dag.py
[2026-09-18T13:34:18.642+0000] {processor.py:830} INFO - Processing file /opt/airflow/dags/meteorisk_dag.py for tasks to queue
[2026-09-18T13:34:18.647+0000] {logging_mixin.py:188} INFO - [2026-09-18T13:34:18.646+0000] {dagbag.py:545} INFO - Filling up the DagBag from /opt/airflow/dags/meteorisk_dag.py
[2026-09-18T13:34:18.767+0000] {processor.py:840} INFO - DAG(s) 'meteorisk_pipeline' retrieved from /opt/airflow/dags/meteorisk_dag.py
[2026-09-18T13:34:18.818+0000] {logging_mixin.py:188} INFO - [2026-09-18T13:34:18.817+0000] {dag.py:3089} INFO - Sync 1 DAGs
[2026-09-18T13:34:18.859+0000] {logging_mixin.py:188} INFO - [2026-09-18T13:34:18.858+0000] {dag.py:3947} INFO - Setting next_dagrun for meteorisk_pipeline to 2026-09-18 00:00:00+00:00, run_after=2026-09-19 00:00:00+00:00
[2026-09-18T13:34:18.891+0000] {processor.py:183} INFO - Processing /opt/airflow/dags/meteorisk_dag.py took 0.262 seconds
[2026-09-18T13:34:49.219+0000] {processor.py:161} INFO - Started process (PID=3171) to work on /opt/airflow/dags/meteorisk_dag.py
[2026-09-18T13:34:49.220+0000] {processor.py:830} INFO - Processing file /opt/airflow/dags/meteorisk_dag.py for tasks to queue
[2026-09-18T13:34:49.224+0000] {logging_mixin.py:188} INFO - [2026-09-18T13:34:49.224+0000] {dagbag.py:545} INFO - Filling up the DagBag from /opt/airflow/dags/meteorisk_dag.py
[2026-09-18T13:34:49.278+0000] {processor.py:840} INFO - DAG(s) 'meteorisk_pipeline' retrieved from /opt/airflow/dags/meteorisk_dag.py
[2026-09-18T13:34:49.332+0000] {logging_mixin.py:188} INFO - [2026-09-18T13:34:49.332+0000] {dag.py:3089} INFO - Sync 1 DAGs
[2026-09-18T13:34:49.366+0000] {logging_mixin.py:188} INFO - [2026-09-18T13:34:49.366+0000] {dag.py:3947} INFO - Setting next_dagrun for meteorisk_pipeline to 2026-09-18 00:00:00+00:00, run_after=2026-09-19 00:00:00+00:00
[2026-09-18T13:34:49.403+0000] {processor.py:183} INFO - Processing /opt/airflow/dags/meteorisk_dag.py took 0.192 seconds
[2026-09-18T13:35:19.649+0000] {processor.py:161} INFO - Started process (PID=3176) to work on /opt/airflow/dags/meteorisk_dag.py
[2026-09-18T13:35:19.650+0000] {processor.py:830} INFO - Processing file /opt/airflow/dags/meteorisk_dag.py for tasks to queue
[2026-09-18T13:35:19.652+0000] {logging_mixin.py:188} INFO - [2026-09-18T13:35:19.652+0000] {dagbag.py:545} INFO - Filling up the DagBag from /opt/airflow/dags/meteorisk_dag.py
[2026-09-18T13:35:19.698+0000] {processor.py:840} INFO - DAG(s) 'meteorisk_pipeline' retrieved from /opt/airflow/dags/meteorisk_dag.py
[2026-09-18T13:35:19.739+0000] {logging_mixin.py:188} INFO - [2026-09-18T13:35:19.739+0000] {dag.py:3089} INFO - Sync 1 DAGs
[2026-09-18T13:35:19.767+0000] {logging_mixin.py:188} INFO - [2026-09-18T13:35:19.767+0000] {dag.py:3947} INFO - Setting next_dagrun for meteorisk_pipeline to 2026-09-18 00:00:00+00:00, run_after=2026-09-19 00:00:00+00:00
[2026-09-18T13:35:19.796+0000] {processor.py:183} INFO - Processing /opt/airflow/dags/meteorisk_dag.py took 0.157 seconds
[2026-09-18T13:35:50.076+0000] {processor.py:161} INFO - Started process (PID=3181) to work on /opt/airflow/dags/meteorisk_dag.py
[2026-09-18T13:35:50.078+0000] {processor.py:830} INFO - Processing file /opt/airflow/dags/meteorisk_dag.py for tasks to queue
[2026-09-18T13:35:50.081+0000] {logging_mixin.py:188} INFO - [2026-09-18T13:35:50.081+0000] {dagbag.py:545} INFO - Filling up the DagBag from /opt/airflow/dags/meteorisk_dag.py
[2026-09-18T13:35:50.132+0000] {processor.py:840} INFO - DAG(s) 'meteorisk_pipeline' retrieved from /opt/airflow/dags/meteorisk_dag.py
[2026-09-18T13:35:50.191+0000] {logging_mixin.py:188} INFO - [2026-09-18T13:35:50.190+0000] {dag.py:3089} INFO - Sync 1 DAGs
[2026-09-18T13:35:50.235+0000] {logging_mixin.py:188} INFO - [2026-09-18T13:35:50.234+0000] {dag.py:3947} INFO - Setting next_dagrun for meteorisk_pipeline to 2026-09-18 00:00:00+00:00, run_after=2026-09-19 00:00:00+00:00
[2026-09-18T13:35:50.272+0000] {processor.py:183} INFO - Processing /opt/airflow/dags/meteorisk_dag.py took 0.209 seconds
[2026-09-18T13:36:20.558+0000] {processor.py:161} INFO - Started process (PID=3186) to work on /opt/airflow/dags/meteorisk_dag.py
[2026-09-18T13:36:20.560+0000] {processor.py:830} INFO - Processing file /opt/airflow/dags/meteorisk_dag.py for tasks to queue
[2026-09-18T13:36:20.564+0000] {logging_mixin.py:188} INFO - [2026-09-18T13:36:20.564+0000] {dagbag.py:545} INFO - Filling up the DagBag from /opt/airflow/dags/meteorisk_dag.py
[2026-09-18T13:36:20.609+0000] {processor.py:840} INFO - DAG(s) 'meteorisk_pipeline' retrieved from /opt/airflow/dags/meteorisk_dag.py
[2026-09-18T13:36:20.652+0000] {logging_mixin.py:188} INFO - [2026-09-18T13:36:20.652+0000] {dag.py:3089} INFO - Sync 1 DAGs
[2026-09-18T13:36:20.677+0000] {logging_mixin.py:188} INFO - [2026-09-18T13:36:20.677+0000] {dag.py:3947} INFO - Setting next_dagrun for meteorisk_pipeline to 2026-09-18 00:00:00+00:00, run_after=2026-09-19 00:00:00+00:00
[2026-09-18T13:36:20.701+0000] {processor.py:183} INFO - Processing /opt/airflow/dags/meteorisk_dag.py took 0.150 seconds
[2026-09-18T13:36:50.918+0000] {processor.py:161} INFO - Started process (PID=3191) to work on /opt/airflow/dags/meteorisk_dag.py
[2026-09-18T13:36:50.921+0000] {processor.py:830} INFO - Processing file /opt/airflow/dags/meteorisk_dag.py for tasks to queue
[2026-09-18T13:36:50.924+0000] {logging_mixin.py:188} INFO - [2026-09-18T13:36:50.924+0000] {dagbag.py:545} INFO - Filling up the DagBag from /opt/airflow/dags/meteorisk_dag.py
[2026-09-18T13:36:50.967+0000] {processor.py:840} INFO - DAG(s) 'meteorisk_pipeline' retrieved from /opt/airflow/dags/meteorisk_dag.py
[2026-09-18T13:36:51.007+0000] {logging_mixin.py:188} INFO - [2026-09-18T13:36:51.007+0000] {dag.py:3089} INFO - Sync 1 DAGs
[2026-09-18T13:36:51.033+0000] {logging_mixin.py:188} INFO - [2026-09-18T13:36:51.032+0000] {dag.py:3947} INFO - Setting next_dagrun for meteorisk_pipeline to 2026-09-18 00:00:00+00:00, run_after=2026-09-19 00:00:00+00:00
[2026-09-18T13:36:51.053+0000] {processor.py:183} INFO - Processing /opt/airflow/dags/meteorisk_dag.py took 0.149 seconds
[2026-09-18T13:37:21.337+0000] {processor.py:161} INFO - Started process (PID=3196) to work on /opt/airflow/dags/meteorisk_dag.py
[2026-09-18T13:37:21.338+0000] {processor.py:830} INFO - Processing file /opt/airflow/dags/meteorisk_dag.py for tasks to queue
[2026-09-18T13:37:21.341+0000] {logging_mixin.py:188} INFO - [2026-09-18T13:37:21.340+0000] {dagbag.py:545} INFO - Filling up the DagBag from /opt/airflow/dags/meteorisk_dag.py
[2026-09-18T13:37:21.378+0000] {processor.py:840} INFO - DAG(s) 'meteorisk_pipeline' retrieved from /opt/airflow/dags/meteorisk_dag.py
[2026-09-18T13:37:21.451+0000] {logging_mixin.py:188} INFO - [2026-09-18T13:37:21.450+0000] {dag.py:3089} INFO - Sync 1 DAGs
[2026-09-18T13:37:21.505+0000] {logging_mixin.py:188} INFO - [2026-09-18T13:37:21.505+0000] {dag.py:3947} INFO - Setting next_dagrun for meteorisk_pipeline to 2026-09-18 00:00:00+00:00, run_after=2026-09-19 00:00:00+00:00
[2026-09-18T13:37:21.535+0000] {processor.py:183} INFO - Processing /opt/airflow/dags/meteorisk_dag.py took 0.207 seconds
[2026-09-18T13:37:51.689+0000] {processor.py:161} INFO - Started process (PID=3201) to work on /opt/airflow/dags/meteorisk_dag.py
[2026-09-18T13:37:51.693+0000] {processor.py:830} INFO - Processing file /opt/airflow/dags/meteorisk_dag.py for tasks to queue
[2026-09-18T13:37:51.700+0000] {logging_mixin.py:188} INFO - [2026-09-18T13:37:51.698+0000] {dagbag.py:545} INFO - Filling up the DagBag from /opt/airflow/dags/meteorisk_dag.py
[2026-09-18T13:37:51.750+0000] {processor.py:840} INFO - DAG(s) 'meteorisk_pipeline' retrieved from /opt/airflow/dags/meteorisk_dag.py
[2026-09-18T13:37:51.801+0000] {logging_mixin.py:188} INFO - [2026-09-18T13:37:51.801+0000] {dag.py:3089} INFO - Sync 1 DAGs
[2026-09-18T13:37:51.833+0000] {logging_mixin.py:188} INFO - [2026-09-18T13:37:51.833+0000] {dag.py:3947} INFO - Setting next_dagrun for meteorisk_pipeline to 2026-09-18 00:00:00+00:00, run_after=2026-09-19 00:00:00+00:00
[2026-09-18T13:37:51.863+0000] {processor.py:183} INFO - Processing /opt/airflow/dags/meteorisk_dag.py took 0.187 seconds
[2026-09-18T13:38:22.153+0000] {processor.py:161} INFO - Started process (PID=3206) to work on /opt/airflow/dags/meteorisk_dag.py
[2026-09-18T13:38:22.155+0000] {processor.py:830} INFO - Processing file /opt/airflow/dags/meteorisk_dag.py for tasks to queue
[2026-09-18T13:38:22.159+0000] {logging_mixin.py:188} INFO - [2026-09-18T13:38:22.158+0000] {dagbag.py:545} INFO - Filling up the DagBag from /opt/airflow/dags/meteorisk_dag.py
[2026-09-18T13:38:22.211+0000] {processor.py:840} INFO - DAG(s) 'meteorisk_pipeline' retrieved from /opt/airflow/dags/meteorisk_dag.py
[2026-09-18T13:38:22.247+0000] {logging_mixin.py:188} INFO - [2026-09-18T13:38:22.247+0000] {dag.py:3089} INFO - Sync 1 DAGs
[2026-09-18T13:38:22.271+0000] {logging_mixin.py:188} INFO - [2026-09-18T13:38:22.271+0000] {dag.py:3947} INFO - Setting next_dagrun for meteorisk_pipeline to 2026-09-18 00:00:00+00:00, run_after=2026-09-19 00:00:00+00:00
[2026-09-18T13:38:22.292+0000] {processor.py:183} INFO - Processing /opt/airflow/dags/meteorisk_dag.py took 0.149 seconds
[2026-09-18T13:38:52.555+0000] {processor.py:161} INFO - Started process (PID=3211) to work on /opt/airflow/dags/meteorisk_dag.py
[2026-09-18T13:38:52.558+0000] {processor.py:830} INFO - Processing file /opt/airflow/dags/meteorisk_dag.py for tasks to queue
[2026-09-18T13:38:52.565+0000] {logging_mixin.py:188} INFO - [2026-09-18T13:38:52.564+0000] {dagbag.py:545} INFO - Filling up the DagBag from /opt/airflow/dags/meteorisk_dag.py
[2026-09-18T13:38:52.649+0000] {processor.py:840} INFO - DAG(s) 'meteorisk_pipeline' retrieved from /opt/airflow/dags/meteorisk_dag.py
[2026-09-18T13:38:52.712+0000] {logging_mixin.py:188} INFO - [2026-09-18T13:38:52.711+0000] {dag.py:3089} INFO - Sync 1 DAGs
[2026-09-18T13:38:52.740+0000] {logging_mixin.py:188} INFO - [2026-09-18T13:38:52.740+0000] {dag.py:3947} INFO - Setting next_dagrun for meteorisk_pipeline to 2026-09-18 00:00:00+00:00, run_after=2026-09-19 00:00:00+00:00
[2026-09-18T13:38:52.772+0000] {processor.py:183} INFO - Processing /opt/airflow/dags/meteorisk_dag.py took 0.235 seconds
[2026-09-18T13:39:22.972+0000] {processor.py:161} INFO - Started process (PID=3216) to work on /opt/airflow/dags/meteorisk_dag.py
[2026-09-18T13:39:22.974+0000] {processor.py:830} INFO - Processing file /opt/airflow/dags/meteorisk_dag.py for tasks to queue
[2026-09-18T13:39:22.978+0000] {logging_mixin.py:188} INFO - [2026-09-18T13:39:22.977+0000] {dagbag.py:545} INFO - Filling up the DagBag from /opt/airflow/dags/meteorisk_dag.py
[2026-09-18T13:39:23.033+0000] {processor.py:840} INFO - DAG(s) 'meteorisk_pipeline' retrieved from /opt/airflow/dags/meteorisk_dag.py
[2026-09-18T13:39:23.088+0000] {logging_mixin.py:188} INFO - [2026-09-18T13:39:23.088+0000] {dag.py:3089} INFO - Sync 1 DAGs
[2026-09-18T13:39:23.123+0000] {logging_mixin.py:188} INFO - [2026-09-18T13:39:23.122+0000] {dag.py:3947} INFO - Setting next_dagrun for meteorisk_pipeline to 2026-09-18 00:00:00+00:00, run_after=2026-09-19 00:00:00+00:00
[2026-09-18T13:39:23.160+0000] {processor.py:183} INFO - Processing /opt/airflow/dags/meteorisk_dag.py took 0.197 seconds
[2026-09-18T13:39:53.470+0000] {processor.py:161} INFO - Started process (PID=3221) to work on /opt/airflow/dags/meteorisk_dag.py
[2026-09-18T13:39:53.474+0000] {processor.py:830} INFO - Processing file /opt/airflow/dags/meteorisk_dag.py for tasks to queue
[2026-09-18T13:39:53.481+0000] {logging_mixin.py:188} INFO - [2026-09-18T13:39:53.479+0000] {dagbag.py:545} INFO - Filling up the DagBag from /opt/airflow/dags/meteorisk_dag.py
[2026-09-18T13:39:53.551+0000] {processor.py:840} INFO - DAG(s) 'meteorisk_pipeline' retrieved from /opt/airflow/dags/meteorisk_dag.py
[2026-09-18T13:39:53.628+0000] {logging_mixin.py:188} INFO - [2026-09-18T13:39:53.627+0000] {dag.py:3089} INFO - Sync 1 DAGs
[2026-09-18T13:39:53.670+0000] {logging_mixin.py:188} INFO - [2026-09-18T13:39:53.669+0000] {dag.py:3947} INFO - Setting next_dagrun for meteorisk_pipeline to 2026-09-18 00:00:00+00:00, run_after=2026-09-19 00:00:00+00:00
[2026-09-18T13:39:53.701+0000] {processor.py:183} INFO - Processing /opt/airflow/dags/meteorisk_dag.py took 0.250 seconds
[2026-09-18T13:40:23.876+0000] {processor.py:161} INFO - Started process (PID=3226) to work on /opt/airflow/dags/meteorisk_dag.py
[2026-09-18T13:40:23.878+0000] {processor.py:830} INFO - Processing file /opt/airflow/dags/meteorisk_dag.py for tasks to queue
[2026-09-18T13:40:23.882+0000] {logging_mixin.py:188} INFO - [2026-09-18T13:40:23.881+0000] {dagbag.py:545} INFO - Filling up the DagBag from /opt/airflow/dags/meteorisk_dag.py
[2026-09-18T13:40:23.950+0000] {processor.py:840} INFO - DAG(s) 'meteorisk_pipeline' retrieved from /opt/airflow/dags/meteorisk_dag.py
[2026-09-18T13:40:23.998+0000] {logging_mixin.py:188} INFO - [2026-09-18T13:40:23.997+0000] {dag.py:3089} INFO - Sync 1 DAGs
[2026-09-18T13:40:24.030+0000] {logging_mixin.py:188} INFO - [2026-09-18T13:40:24.030+0000] {dag.py:3947} INFO - Setting next_dagrun for meteorisk_pipeline to 2026-09-18 00:00:00+00:00, run_after=2026-09-19 00:00:00+00:00
[2026-09-18T13:40:24.065+0000] {processor.py:183} INFO - Processing /opt/airflow/dags/meteorisk_dag.py took 0.204 seconds
[2026-09-18T13:40:54.360+0000] {processor.py:161} INFO - Started process (PID=3231) to work on /opt/airflow/dags/meteorisk_dag.py
[2026-09-18T13:40:54.364+0000] {processor.py:830} INFO - Processing file /opt/airflow/dags/meteorisk_dag.py for tasks to queue
[2026-09-18T13:40:54.369+0000] {logging_mixin.py:188} INFO - [2026-09-18T13:40:54.369+0000] {dagbag.py:545} INFO - Filling up the DagBag from /opt/airflow/dags/meteorisk_dag.py
[2026-09-18T13:40:54.427+0000] {processor.py:840} INFO - DAG(s) 'meteorisk_pipeline' retrieved from /opt/airflow/dags/meteorisk_dag.py
[2026-09-18T13:40:54.475+0000] {logging_mixin.py:188} INFO - [2026-09-18T13:40:54.475+0000] {dag.py:3089} INFO - Sync 1 DAGs
[2026-09-18T13:40:54.509+0000] {logging_mixin.py:188} INFO - [2026-09-18T13:40:54.508+0000] {dag.py:3947} INFO - Setting next_dagrun for meteorisk_pipeline to 2026-09-18 00:00:00+00:00, run_after=2026-09-19 00:00:00+00:00
[2026-09-18T13:40:54.542+0000] {processor.py:183} INFO - Processing /opt/airflow/dags/meteorisk_dag.py took 0.190 seconds
[2026-09-18T13:41:24.847+0000] {processor.py:161} INFO - Started process (PID=3236) to work on /opt/airflow/dags/meteorisk_dag.py
[2026-09-18T13:41:24.849+0000] {processor.py:830} INFO - Processing file /opt/airflow/dags/meteorisk_dag.py for tasks to queue
[2026-09-18T13:41:24.856+0000] {logging_mixin.py:188} INFO - [2026-09-18T13:41:24.855+0000] {dagbag.py:545} INFO - Filling up the DagBag from /opt/airflow/dags/meteorisk_dag.py
[2026-09-18T13:41:24.902+0000] {processor.py:840} INFO - DAG(s) 'meteorisk_pipeline' retrieved from /opt/airflow/dags/meteorisk_dag.py
[2026-09-18T13:41:24.943+0000] {logging_mixin.py:188} INFO - [2026-09-18T13:41:24.943+0000] {dag.py:3089} INFO - Sync 1 DAGs
[2026-09-18T13:41:24.967+0000] {logging_mixin.py:188} INFO - [2026-09-18T13:41:24.966+0000] {dag.py:3947} INFO - Setting next_dagrun for meteorisk_pipeline to 2026-09-18 00:00:00+00:00, run_after=2026-09-19 00:00:00+00:00
[2026-09-18T13:41:24.994+0000] {processor.py:183} INFO - Processing /opt/airflow/dags/meteorisk_dag.py took 0.160 seconds
[2026-09-18T13:41:55.216+0000] {processor.py:161} INFO - Started process (PID=3241) to work on /opt/airflow/dags/meteorisk_dag.py
[2026-09-18T13:41:55.219+0000] {processor.py:830} INFO - Processing file /opt/airflow/dags/meteorisk_dag.py for tasks to queue
[2026-09-18T13:41:55.222+0000] {logging_mixin.py:188} INFO - [2026-09-18T13:41:55.222+0000] {dagbag.py:545} INFO - Filling up the DagBag from /opt/airflow/dags/meteorisk_dag.py
[2026-09-18T13:41:55.272+0000] {processor.py:840} INFO - DAG(s) 'meteorisk_pipeline' retrieved from /opt/airflow/dags/meteorisk_dag.py
[2026-09-18T13:41:55.315+0000] {logging_mixin.py:188} INFO - [2026-09-18T13:41:55.315+0000] {dag.py:3089} INFO - Sync 1 DAGs
[2026-09-18T13:41:55.341+0000] {logging_mixin.py:188} INFO - [2026-09-18T13:41:55.341+0000] {dag.py:3947} INFO - Setting next_dagrun for meteorisk_pipeline to 2026-09-18 00:00:00+00:00, run_after=2026-09-19 00:00:00+00:00
[2026-09-18T13:41:55.366+0000] {processor.py:183} INFO - Processing /opt/airflow/dags/meteorisk_dag.py took 0.162 seconds
[2026-09-18T13:42:25.705+0000] {processor.py:161} INFO - Started process (PID=3246) to work on /opt/airflow/dags/meteorisk_dag.py
[2026-09-18T13:42:25.707+0000] {processor.py:830} INFO - Processing file /opt/airflow/dags/meteorisk_dag.py for tasks to queue
[2026-09-18T13:42:25.711+0000] {logging_mixin.py:188} INFO - [2026-09-18T13:42:25.710+0000] {dagbag.py:545} INFO - Filling up the DagBag from /opt/airflow/dags/meteorisk_dag.py
[2026-09-18T13:42:25.749+0000] {processor.py:840} INFO - DAG(s) 'meteorisk_pipeline' retrieved from /opt/airflow/dags/meteorisk_dag.py
[2026-09-18T13:42:25.784+0000] {logging_mixin.py:188} INFO - [2026-09-18T13:42:25.784+0000] {dag.py:3089} INFO - Sync 1 DAGs
[2026-09-18T13:42:25.810+0000] {logging_mixin.py:188} INFO - [2026-09-18T13:42:25.809+0000] {dag.py:3947} INFO - Setting next_dagrun for meteorisk_pipeline to 2026-09-18 00:00:00+00:00, run_after=2026-09-19 00:00:00+00:00
[2026-09-18T13:42:25.834+0000] {processor.py:183} INFO - Processing /opt/airflow/dags/meteorisk_dag.py took 0.138 seconds
[2026-09-18T13:42:56.021+0000] {processor.py:161} INFO - Started process (PID=3251) to work on /opt/airflow/dags/meteorisk_dag.py
[2026-09-18T13:42:56.025+0000] {processor.py:830} INFO - Processing file /opt/airflow/dags/meteorisk_dag.py for tasks to queue
[2026-09-18T13:42:56.032+0000] {logging_mixin.py:188} INFO - [2026-09-18T13:42:56.031+0000] {dagbag.py:545} INFO - Filling up the DagBag from /opt/airflow/dags/meteorisk_dag.py
[2026-09-18T13:42:56.094+0000] {processor.py:840} INFO - DAG(s) 'meteorisk_pipeline' retrieved from /opt/airflow/dags/meteorisk_dag.py
[2026-09-18T13:42:56.154+0000] {logging_mixin.py:188} INFO - [2026-09-18T13:42:56.153+0000] {dag.py:3089} INFO - Sync 1 DAGs
[2026-09-18T13:42:56.179+0000] {logging_mixin.py:188} INFO - [2026-09-18T13:42:56.178+0000] {dag.py:3947} INFO - Setting next_dagrun for meteorisk_pipeline to 2026-09-18 00:00:00+00:00, run_after=2026-09-19 00:00:00+00:00
[2026-09-18T13:42:56.215+0000] {processor.py:183} INFO - Processing /opt/airflow/dags/meteorisk_dag.py took 0.207 seconds
[2026-09-18T13:43:26.483+0000] {processor.py:161} INFO - Started process (PID=3256) to work on /opt/airflow/dags/meteorisk_dag.py
[2026-09-18T13:43:26.485+0000] {processor.py:830} INFO - Processing file /opt/airflow/dags/meteorisk_dag.py for tasks to queue
[2026-09-18T13:43:26.487+0000] {logging_mixin.py:188} INFO - [2026-09-18T13:43:26.487+0000] {dagbag.py:545} INFO - Filling up the DagBag from /opt/airflow/dags/meteorisk_dag.py
[2026-09-18T13:43:26.525+0000] {processor.py:840} INFO - DAG(s) 'meteorisk_pipeline' retrieved from /opt/airflow/dags/meteorisk_dag.py
[2026-09-18T13:43:26.557+0000] {logging_mixin.py:188} INFO - [2026-09-18T13:43:26.557+0000] {dag.py:3089} INFO - Sync 1 DAGs
[2026-09-18T13:43:26.582+0000] {logging_mixin.py:188} INFO - [2026-09-18T13:43:26.582+0000] {dag.py:3947} INFO - Setting next_dagrun for meteorisk_pipeline to 2026-09-18 00:00:00+00:00, run_after=2026-09-19 00:00:00+00:00
[2026-09-18T13:43:26.612+0000] {processor.py:183} INFO - Processing /opt/airflow/dags/meteorisk_dag.py took 0.135 seconds
[2026-09-18T13:43:56.909+0000] {processor.py:161} INFO - Started process (PID=3261) to work on /opt/airflow/dags/meteorisk_dag.py
[2026-09-18T13:43:56.911+0000] {processor.py:830} INFO - Processing file /opt/airflow/dags/meteorisk_dag.py for tasks to queue
[2026-09-18T13:43:56.914+0000] {logging_mixin.py:188} INFO - [2026-09-18T13:43:56.914+0000] {dagbag.py:545} INFO - Filling up the DagBag from /opt/airflow/dags/meteorisk_dag.py
[2026-09-18T13:43:56.954+0000] {processor.py:840} INFO - DAG(s) 'meteorisk_pipeline' retrieved from /opt/airflow/dags/meteorisk_dag.py
[2026-09-18T13:43:56.995+0000] {logging_mixin.py:188} INFO - [2026-09-18T13:43:56.994+0000] {dag.py:3089} INFO - Sync 1 DAGs
[2026-09-18T13:43:57.022+0000] {logging_mixin.py:188} INFO - [2026-09-18T13:43:57.022+0000] {dag.py:3947} INFO - Setting next_dagrun for meteorisk_pipeline to 2026-09-18 00:00:00+00:00, run_after=2026-09-19 00:00:00+00:00
[2026-09-18T13:43:57.047+0000] {processor.py:183} INFO - Processing /opt/airflow/dags/meteorisk_dag.py took 0.146 seconds
[2026-09-18T13:44:27.344+0000] {processor.py:161} INFO - Started process (PID=3266) to work on /opt/airflow/dags/meteorisk_dag.py
[2026-09-18T13:44:27.346+0000] {processor.py:830} INFO - Processing file /opt/airflow/dags/meteorisk_dag.py for tasks to queue
[2026-09-18T13:44:27.349+0000] {logging_mixin.py:188} INFO - [2026-09-18T13:44:27.348+0000] {dagbag.py:545} INFO - Filling up the DagBag from /opt/airflow/dags/meteorisk_dag.py
[2026-09-18T13:44:27.410+0000] {processor.py:840} INFO - DAG(s) 'meteorisk_pipeline' retrieved from /opt/airflow/dags/meteorisk_dag.py
[2026-09-18T13:44:27.466+0000] {logging_mixin.py:188} INFO - [2026-09-18T13:44:27.466+0000] {dag.py:3089} INFO - Sync 1 DAGs
[2026-09-18T13:44:27.496+0000] {logging_mixin.py:188} INFO - [2026-09-18T13:44:27.496+0000] {dag.py:3947} INFO - Setting next_dagrun for meteorisk_pipeline to 2026-09-18 00:00:00+00:00, run_after=2026-09-19 00:00:00+00:00
[2026-09-18T13:44:27.527+0000] {processor.py:183} INFO - Processing /opt/airflow/dags/meteorisk_dag.py took 0.193 seconds
[2026-09-18T13:44:57.748+0000] {processor.py:161} INFO - Started process (PID=3271) to work on /opt/airflow/dags/meteorisk_dag.py
[2026-09-18T13:44:57.751+0000] {processor.py:830} INFO - Processing file /opt/airflow/dags/meteorisk_dag.py for tasks to queue
[2026-09-18T13:44:57.755+0000] {logging_mixin.py:188} INFO - [2026-09-18T13:44:57.755+0000] {dagbag.py:545} INFO - Filling up the DagBag from /opt/airflow/dags/meteorisk_dag.py
[2026-09-18T13:44:57.824+0000] {processor.py:840} INFO - DAG(s) 'meteorisk_pipeline' retrieved from /opt/airflow/dags/meteorisk_dag.py
[2026-09-18T13:44:57.864+0000] {logging_mixin.py:188} INFO - [2026-09-18T13:44:57.864+0000] {dag.py:3089} INFO - Sync 1 DAGs
[2026-09-18T13:44:57.886+0000] {logging_mixin.py:188} INFO - [2026-09-18T13:44:57.886+0000] {dag.py:3947} INFO - Setting next_dagrun for meteorisk_pipeline to 2026-09-18 00:00:00+00:00, run_after=2026-09-19 00:00:00+00:00
[2026-09-18T13:44:57.914+0000] {processor.py:183} INFO - Processing /opt/airflow/dags/meteorisk_dag.py took 0.182 seconds
[2026-09-18T13:45:28.245+0000] {processor.py:161} INFO - Started process (PID=3276) to work on /opt/airflow/dags/meteorisk_dag.py
[2026-09-18T13:45:28.248+0000] {processor.py:830} INFO - Processing file /opt/airflow/dags/meteorisk_dag.py for tasks to queue
[2026-09-18T13:45:28.251+0000] {logging_mixin.py:188} INFO - [2026-09-18T13:45:28.250+0000] {dagbag.py:545} INFO - Filling up the DagBag from /opt/airflow/dags/meteorisk_dag.py
[2026-09-18T13:45:28.300+0000] {processor.py:840} INFO - DAG(s) 'meteorisk_pipeline' retrieved from /opt/airflow/dags/meteorisk_dag.py
[2026-09-18T13:45:28.335+0000] {logging_mixin.py:188} INFO - [2026-09-18T13:45:28.334+0000] {dag.py:3089} INFO - Sync 1 DAGs
[2026-09-18T13:45:28.358+0000] {logging_mixin.py:188} INFO - [2026-09-18T13:45:28.358+0000] {dag.py:3947} INFO - Setting next_dagrun for meteorisk_pipeline to 2026-09-18 00:00:00+00:00, run_after=2026-09-19 00:00:00+00:00
[2026-09-18T13:45:28.385+0000] {processor.py:183} INFO - Processing /opt/airflow/dags/meteorisk_dag.py took 0.152 seconds
[2026-09-18T13:45:58.622+0000] {processor.py:161} INFO - Started process (PID=3281) to work on /opt/airflow/dags/meteorisk_dag.py
[2026-09-18T13:45:58.625+0000] {processor.py:830} INFO - Processing file /opt/airflow/dags/meteorisk_dag.py for tasks to queue
[2026-09-18T13:45:58.630+0000] {logging_mixin.py:188} INFO - [2026-09-18T13:45:58.630+0000] {dagbag.py:545} INFO - Filling up the DagBag from /opt/airflow/dags/meteorisk_dag.py
[2026-09-18T13:45:58.692+0000] {processor.py:840} INFO - DAG(s) 'meteorisk_pipeline' retrieved from /opt/airflow/dags/meteorisk_dag.py
[2026-09-18T13:45:58.783+0000] {logging_mixin.py:188} INFO - [2026-09-18T13:45:58.782+0000] {dag.py:3089} INFO - Sync 1 DAGs
[2026-09-18T13:45:58.824+0000] {logging_mixin.py:188} INFO - [2026-09-18T13:45:58.824+0000] {dag.py:3947} INFO - Setting next_dagrun for meteorisk_pipeline to 2026-09-18 00:00:00+00:00, run_after=2026-09-19 00:00:00+00:00
[2026-09-18T13:45:58.867+0000] {processor.py:183} INFO - Processing /opt/airflow/dags/meteorisk_dag.py took 0.262 seconds
[2026-09-18T13:46:29.180+0000] {processor.py:161} INFO - Started process (PID=3286) to work on /opt/airflow/dags/meteorisk_dag.py
[2026-09-18T13:46:29.182+0000] {processor.py:830} INFO - Processing file /opt/airflow/dags/meteorisk_dag.py for tasks to queue
[2026-09-18T13:46:29.185+0000] {logging_mixin.py:188} INFO - [2026-09-18T13:46:29.185+0000] {dagbag.py:545} INFO - Filling up the DagBag from /opt/airflow/dags/meteorisk_dag.py
[2026-09-18T13:46:29.237+0000] {processor.py:840} INFO - DAG(s) 'meteorisk_pipeline' retrieved from /opt/airflow/dags/meteorisk_dag.py
[2026-09-18T13:46:29.278+0000] {logging_mixin.py:188} INFO - [2026-09-18T13:46:29.278+0000] {dag.py:3089} INFO - Sync 1 DAGs
[2026-09-18T13:46:29.307+0000] {logging_mixin.py:188} INFO - [2026-09-18T13:46:29.306+0000] {dag.py:3947} INFO - Setting next_dagrun for meteorisk_pipeline to 2026-09-18 00:00:00+00:00, run_after=2026-09-19 00:00:00+00:00
[2026-09-18T13:46:29.366+0000] {processor.py:183} INFO - Processing /opt/airflow/dags/meteorisk_dag.py took 0.199 seconds
[2026-09-18T13:46:59.535+0000] {processor.py:161} INFO - Started process (PID=3291) to work on /opt/airflow/dags/meteorisk_dag.py
[2026-09-18T13:46:59.537+0000] {processor.py:830} INFO - Processing file /opt/airflow/dags/meteorisk_dag.py for tasks to queue
[2026-09-18T13:46:59.540+0000] {logging_mixin.py:188} INFO - [2026-09-18T13:46:59.539+0000] {dagbag.py:545} INFO - Filling up the DagBag from /opt/airflow/dags/meteorisk_dag.py
[2026-09-18T13:46:59.618+0000] {processor.py:840} INFO - DAG(s) 'meteorisk_pipeline' retrieved from /opt/airflow/dags/meteorisk_dag.py
[2026-09-18T13:46:59.670+0000] {logging_mixin.py:188} INFO - [2026-09-18T13:46:59.669+0000] {dag.py:3089} INFO - Sync 1 DAGs
[2026-09-18T13:46:59.713+0000] {logging_mixin.py:188} INFO - [2026-09-18T13:46:59.713+0000] {dag.py:3947} INFO - Setting next_dagrun for meteorisk_pipeline to 2026-09-18 00:00:00+00:00, run_after=2026-09-19 00:00:00+00:00
[2026-09-18T13:46:59.748+0000] {processor.py:183} INFO - Processing /opt/airflow/dags/meteorisk_dag.py took 0.228 seconds
[2026-09-18T13:47:30.091+0000] {processor.py:161} INFO - Started process (PID=3296) to work on /opt/airflow/dags/meteorisk_dag.py
[2026-09-18T13:47:30.093+0000] {processor.py:830} INFO - Processing file /opt/airflow/dags/meteorisk_dag.py for tasks to queue
[2026-09-18T13:47:30.098+0000] {logging_mixin.py:188} INFO - [2026-09-18T13:47:30.098+0000] {dagbag.py:545} INFO - Filling up the DagBag from /opt/airflow/dags/meteorisk_dag.py
[2026-09-18T13:47:30.135+0000] {processor.py:840} INFO - DAG(s) 'meteorisk_pipeline' retrieved from /opt/airflow/dags/meteorisk_dag.py
[2026-09-18T13:47:30.177+0000] {logging_mixin.py:188} INFO - [2026-09-18T13:47:30.176+0000] {dag.py:3089} INFO - Sync 1 DAGs
[2026-09-18T13:47:30.203+0000] {logging_mixin.py:188} INFO - [2026-09-18T13:47:30.203+0000] {dag.py:3947} INFO - Setting next_dagrun for meteorisk_pipeline to 2026-09-18 00:00:00+00:00, run_after=2026-09-19 00:00:00+00:00
[2026-09-18T13:47:30.233+0000] {processor.py:183} INFO - Processing /opt/airflow/dags/meteorisk_dag.py took 0.152 seconds
[2026-09-18T13:48:00.437+0000] {processor.py:161} INFO - Started process (PID=3301) to work on /opt/airflow/dags/meteorisk_dag.py
[2026-09-18T13:48:00.439+0000] {processor.py:830} INFO - Processing file /opt/airflow/dags/meteorisk_dag.py for tasks to queue
[2026-09-18T13:48:00.442+0000] {logging_mixin.py:188} INFO - [2026-09-18T13:48:00.441+0000] {dagbag.py:545} INFO - Filling up the DagBag from /opt/airflow/dags/meteorisk_dag.py
[2026-09-18T13:48:00.483+0000] {processor.py:840} INFO - DAG(s) 'meteorisk_pipeline' retrieved from /opt/airflow/dags/meteorisk_dag.py
[2026-09-18T13:48:00.522+0000] {logging_mixin.py:188} INFO - [2026-09-18T13:48:00.522+0000] {dag.py:3089} INFO - Sync 1 DAGs
[2026-09-18T13:48:00.548+0000] {logging_mixin.py:188} INFO - [2026-09-18T13:48:00.548+0000] {dag.py:3947} INFO - Setting next_dagrun for meteorisk_pipeline to 2026-09-18 00:00:00+00:00, run_after=2026-09-19 00:00:00+00:00
[2026-09-18T13:48:00.582+0000] {processor.py:183} INFO - Processing /opt/airflow/dags/meteorisk_dag.py took 0.151 seconds
[2026-09-18T13:48:30.897+0000] {processor.py:161} INFO - Started process (PID=3306) to work on /opt/airflow/dags/meteorisk_dag.py
[2026-09-18T13:48:30.900+0000] {processor.py:830} INFO - Processing file /opt/airflow/dags/meteorisk_dag.py for tasks to queue
[2026-09-18T13:48:30.905+0000] {logging_mixin.py:188} INFO - [2026-09-18T13:48:30.904+0000] {dagbag.py:545} INFO - Filling up the DagBag from /opt/airflow/dags/meteorisk_dag.py
[2026-09-18T13:48:30.973+0000] {processor.py:840} INFO - DAG(s) 'meteorisk_pipeline' retrieved from /opt/airflow/dags/meteorisk_dag.py
[2026-09-18T13:48:31.010+0000] {logging_mixin.py:188} INFO - [2026-09-18T13:48:31.010+0000] {dag.py:3089} INFO - Sync 1 DAGs
[2026-09-18T13:48:31.033+0000] {logging_mixin.py:188} INFO - [2026-09-18T13:48:31.033+0000] {dag.py:3947} INFO - Setting next_dagrun for meteorisk_pipeline to 2026-09-18 00:00:00+00:00, run_after=2026-09-19 00:00:00+00:00
[2026-09-18T13:48:31.060+0000] {processor.py:183} INFO - Processing /opt/airflow/dags/meteorisk_dag.py took 0.174 seconds
[2026-09-18T13:49:01.279+0000] {processor.py:161} INFO - Started process (PID=3311) to work on /opt/airflow/dags/meteorisk_dag.py
[2026-09-18T13:49:01.282+0000] {processor.py:830} INFO - Processing file /opt/airflow/dags/meteorisk_dag.py for tasks to queue
[2026-09-18T13:49:01.286+0000] {logging_mixin.py:188} INFO - [2026-09-18T13:49:01.285+0000] {dagbag.py:545} INFO - Filling up the DagBag from /opt/airflow/dags/meteorisk_dag.py
[2026-09-18T13:49:01.353+0000] {processor.py:840} INFO - DAG(s) 'meteorisk_pipeline' retrieved from /opt/airflow/dags/meteorisk_dag.py
[2026-09-18T13:49:01.393+0000] {logging_mixin.py:188} INFO - [2026-09-18T13:49:01.393+0000] {dag.py:3089} INFO - Sync 1 DAGs
[2026-09-18T13:49:01.417+0000] {logging_mixin.py:188} INFO - [2026-09-18T13:49:01.417+0000] {dag.py:3947} INFO - Setting next_dagrun for meteorisk_pipeline to 2026-09-18 00:00:00+00:00, run_after=2026-09-19 00:00:00+00:00
[2026-09-18T13:49:01.448+0000] {processor.py:183} INFO - Processing /opt/airflow/dags/meteorisk_dag.py took 0.180 seconds
[2026-09-18T13:49:31.786+0000] {processor.py:161} INFO - Started process (PID=3316) to work on /opt/airflow/dags/meteorisk_dag.py
[2026-09-18T13:49:31.788+0000] {processor.py:830} INFO - Processing file /opt/airflow/dags/meteorisk_dag.py for tasks to queue
[2026-09-18T13:49:31.790+0000] {logging_mixin.py:188} INFO - [2026-09-18T13:49:31.790+0000] {dagbag.py:545} INFO - Filling up the DagBag from /opt/airflow/dags/meteorisk_dag.py
[2026-09-18T13:49:31.825+0000] {processor.py:840} INFO - DAG(s) 'meteorisk_pipeline' retrieved from /opt/airflow/dags/meteorisk_dag.py
[2026-09-18T13:49:31.861+0000] {logging_mixin.py:188} INFO - [2026-09-18T13:49:31.861+0000] {dag.py:3089} INFO - Sync 1 DAGs
[2026-09-18T13:49:31.882+0000] {logging_mixin.py:188} INFO - [2026-09-18T13:49:31.882+0000] {dag.py:3947} INFO - Setting next_dagrun for meteorisk_pipeline to 2026-09-18 00:00:00+00:00, run_after=2026-09-19 00:00:00+00:00
[2026-09-18T13:49:31.906+0000] {processor.py:183} INFO - Processing /opt/airflow/dags/meteorisk_dag.py took 0.129 seconds
[2026-09-18T13:50:02.127+0000] {processor.py:161} INFO - Started process (PID=3321) to work on /opt/airflow/dags/meteorisk_dag.py
[2026-09-18T13:50:02.129+0000] {processor.py:830} INFO - Processing file /opt/airflow/dags/meteorisk_dag.py for tasks to queue
[2026-09-18T13:50:02.131+0000] {logging_mixin.py:188} INFO - [2026-09-18T13:50:02.131+0000] {dagbag.py:545} INFO - Filling up the DagBag from /opt/airflow/dags/meteorisk_dag.py
[2026-09-18T13:50:02.164+0000] {processor.py:840} INFO - DAG(s) 'meteorisk_pipeline' retrieved from /opt/airflow/dags/meteorisk_dag.py
[2026-09-18T13:50:02.220+0000] {logging_mixin.py:188} INFO - [2026-09-18T13:50:02.219+0000] {dag.py:3089} INFO - Sync 1 DAGs
[2026-09-18T13:50:02.255+0000] {logging_mixin.py:188} INFO - [2026-09-18T13:50:02.254+0000] {dag.py:3947} INFO - Setting next_dagrun for meteorisk_pipeline to 2026-09-18 00:00:00+00:00, run_after=2026-09-19 00:00:00+00:00
[2026-09-18T13:50:02.281+0000] {processor.py:183} INFO - Processing /opt/airflow/dags/meteorisk_dag.py took 0.162 seconds
[2026-09-18T13:50:32.634+0000] {processor.py:161} INFO - Started process (PID=3326) to work on /opt/airflow/dags/meteorisk_dag.py
[2026-09-18T13:50:32.637+0000] {processor.py:830} INFO - Processing file /opt/airflow/dags/meteorisk_dag.py for tasks to queue
[2026-09-18T13:50:32.640+0000] {logging_mixin.py:188} INFO - [2026-09-18T13:50:32.640+0000] {dagbag.py:545} INFO - Filling up the DagBag from /opt/airflow/dags/meteorisk_dag.py
[2026-09-18T13:50:32.713+0000] {processor.py:840} INFO - DAG(s) 'meteorisk_pipeline' retrieved from /opt/airflow/dags/meteorisk_dag.py
[2026-09-18T13:50:32.763+0000] {logging_mixin.py:188} INFO - [2026-09-18T13:50:32.762+0000] {dag.py:3089} INFO - Sync 1 DAGs
[2026-09-18T13:50:32.786+0000] {logging_mixin.py:188} INFO - [2026-09-18T13:50:32.786+0000] {dag.py:3947} INFO - Setting next_dagrun for meteorisk_pipeline to 2026-09-18 00:00:00+00:00, run_after=2026-09-19 00:00:00+00:00
[2026-09-18T13:50:32.823+0000] {processor.py:183} INFO - Processing /opt/airflow/dags/meteorisk_dag.py took 0.200 seconds
[2026-09-18T13:51:03.064+0000] {processor.py:161} INFO - Started process (PID=3331) to work on /opt/airflow/dags/meteorisk_dag.py
[2026-09-18T13:51:03.066+0000] {processor.py:830} INFO - Processing file /opt/airflow/dags/meteorisk_dag.py for tasks to queue
[2026-09-18T13:51:03.071+0000] {logging_mixin.py:188} INFO - [2026-09-18T13:51:03.071+0000] {dagbag.py:545} INFO - Filling up the DagBag from /opt/airflow/dags/meteorisk_dag.py
[2026-09-18T13:51:03.119+0000] {processor.py:840} INFO - DAG(s) 'meteorisk_pipeline' retrieved from /opt/airflow/dags/meteorisk_dag.py
[2026-09-18T13:51:03.185+0000] {logging_mixin.py:188} INFO - [2026-09-18T13:51:03.185+0000] {dag.py:3089} INFO - Sync 1 DAGs
[2026-09-18T13:51:03.214+0000] {logging_mixin.py:188} INFO - [2026-09-18T13:51:03.214+0000] {dag.py:3947} INFO - Setting next_dagrun for meteorisk_pipeline to 2026-09-18 00:00:00+00:00, run_after=2026-09-19 00:00:00+00:00
[2026-09-18T13:51:03.249+0000] {processor.py:183} INFO - Processing /opt/airflow/dags/meteorisk_dag.py took 0.197 seconds
[2026-09-18T13:51:33.617+0000] {processor.py:161} INFO - Started process (PID=3336) to work on /opt/airflow/dags/meteorisk_dag.py
[2026-09-18T13:51:33.619+0000] {processor.py:830} INFO - Processing file /opt/airflow/dags/meteorisk_dag.py for tasks to queue
[2026-09-18T13:51:33.624+0000] {logging_mixin.py:188} INFO - [2026-09-18T13:51:33.623+0000] {dagbag.py:545} INFO - Filling up the DagBag from /opt/airflow/dags/meteorisk_dag.py
[2026-09-18T13:51:33.676+0000] {processor.py:840} INFO - DAG(s) 'meteorisk_pipeline' retrieved from /opt/airflow/dags/meteorisk_dag.py
[2026-09-18T13:51:33.716+0000] {logging_mixin.py:188} INFO - [2026-09-18T13:51:33.715+0000] {dag.py:3089} INFO - Sync 1 DAGs
[2026-09-18T13:51:33.743+0000] {logging_mixin.py:188} INFO - [2026-09-18T13:51:33.742+0000] {dag.py:3947} INFO - Setting next_dagrun for meteorisk_pipeline to 2026-09-18 00:00:00+00:00, run_after=2026-09-19 00:00:00+00:00
[2026-09-18T13:51:33.769+0000] {processor.py:183} INFO - Processing /opt/airflow/dags/meteorisk_dag.py took 0.162 seconds
[2026-09-18T13:52:03.961+0000] {processor.py:161} INFO - Started process (PID=3341) to work on /opt/airflow/dags/meteorisk_dag.py
[2026-09-18T13:52:03.964+0000] {processor.py:830} INFO - Processing file /opt/airflow/dags/meteorisk_dag.py for tasks to queue
[2026-09-18T13:52:03.970+0000] {logging_mixin.py:188} INFO - [2026-09-18T13:52:03.969+0000] {dagbag.py:545} INFO - Filling up the DagBag from /opt/airflow/dags/meteorisk_dag.py
[2026-09-18T13:52:04.034+0000] {processor.py:840} INFO - DAG(s) 'meteorisk_pipeline' retrieved from /opt/airflow/dags/meteorisk_dag.py
[2026-09-18T13:52:04.086+0000] {logging_mixin.py:188} INFO - [2026-09-18T13:52:04.086+0000] {dag.py:3089} INFO - Sync 1 DAGs
[2026-09-18T13:52:04.112+0000] {logging_mixin.py:188} INFO - [2026-09-18T13:52:04.112+0000] {dag.py:3947} INFO - Setting next_dagrun for meteorisk_pipeline to 2026-09-18 00:00:00+00:00, run_after=2026-09-19 00:00:00+00:00
[2026-09-18T13:52:04.136+0000] {processor.py:183} INFO - Processing /opt/airflow/dags/meteorisk_dag.py took 0.191 seconds
[2026-09-18T13:52:34.509+0000] {processor.py:161} INFO - Started process (PID=3346) to work on /opt/airflow/dags/meteorisk_dag.py
[2026-09-18T13:52:34.513+0000] {processor.py:830} INFO - Processing file /opt/airflow/dags/meteorisk_dag.py for tasks to queue
[2026-09-18T13:52:34.519+0000] {logging_mixin.py:188} INFO - [2026-09-18T13:52:34.518+0000] {dagbag.py:545} INFO - Filling up the DagBag from /opt/airflow/dags/meteorisk_dag.py
[2026-09-18T13:52:34.573+0000] {processor.py:840} INFO - DAG(s) 'meteorisk_pipeline' retrieved from /opt/airflow/dags/meteorisk_dag.py
[2026-09-18T13:52:34.650+0000] {logging_mixin.py:188} INFO - [2026-09-18T13:52:34.650+0000] {dag.py:3089} INFO - Sync 1 DAGs
[2026-09-18T13:52:34.680+0000] {logging_mixin.py:188} INFO - [2026-09-18T13:52:34.680+0000] {dag.py:3947} INFO - Setting next_dagrun for meteorisk_pipeline to 2026-09-18 00:00:00+00:00, run_after=2026-09-19 00:00:00+00:00
[2026-09-18T13:52:34.713+0000] {processor.py:183} INFO - Processing /opt/airflow/dags/meteorisk_dag.py took 0.222 seconds
[2026-09-18T13:53:04.851+0000] {processor.py:161} INFO - Started process (PID=3351) to work on /opt/airflow/dags/meteorisk_dag.py
[2026-09-18T13:53:04.855+0000] {processor.py:830} INFO - Processing file /opt/airflow/dags/meteorisk_dag.py for tasks to queue
[2026-09-18T13:53:04.860+0000] {logging_mixin.py:188} INFO - [2026-09-18T13:53:04.859+0000] {dagbag.py:545} INFO - Filling up the DagBag from /opt/airflow/dags/meteorisk_dag.py
[2026-09-18T13:53:04.912+0000] {processor.py:840} INFO - DAG(s) 'meteorisk_pipeline' retrieved from /opt/airflow/dags/meteorisk_dag.py
[2026-09-18T13:53:04.980+0000] {logging_mixin.py:188} INFO - [2026-09-18T13:53:04.979+0000] {dag.py:3089} INFO - Sync 1 DAGs
[2026-09-18T13:53:05.026+0000] {logging_mixin.py:188} INFO - [2026-09-18T13:53:05.025+0000] {dag.py:3947} INFO - Setting next_dagrun for meteorisk_pipeline to 2026-09-18 00:00:00+00:00, run_after=2026-09-19 00:00:00+00:00
[2026-09-18T13:53:05.062+0000] {processor.py:183} INFO - Processing /opt/airflow/dags/meteorisk_dag.py took 0.223 seconds
[2026-09-18T13:53:35.416+0000] {processor.py:161} INFO - Started process (PID=3356) to work on /opt/airflow/dags/meteorisk_dag.py
[2026-09-18T13:53:35.418+0000] {processor.py:830} INFO - Processing file /opt/airflow/dags/meteorisk_dag.py for tasks to queue
[2026-09-18T13:53:35.423+0000] {logging_mixin.py:188} INFO - [2026-09-18T13:53:35.422+0000] {dagbag.py:545} INFO - Filling up the DagBag from /opt/airflow/dags/meteorisk_dag.py
[2026-09-18T13:53:35.504+0000] {processor.py:840} INFO - DAG(s) 'meteorisk_pipeline' retrieved from /opt/airflow/dags/meteorisk_dag.py
[2026-09-18T13:53:35.573+0000] {logging_mixin.py:188} INFO - [2026-09-18T13:53:35.573+0000] {dag.py:3089} INFO - Sync 1 DAGs
[2026-09-18T13:53:35.612+0000] {logging_mixin.py:188} INFO - [2026-09-18T13:53:35.612+0000] {dag.py:3947} INFO - Setting next_dagrun for meteorisk_pipeline to 2026-09-18 00:00:00+00:00, run_after=2026-09-19 00:00:00+00:00
[2026-09-18T13:53:35.656+0000] {processor.py:183} INFO - Processing /opt/airflow/dags/meteorisk_dag.py took 0.248 seconds
[2026-09-18T13:54:06.034+0000] {processor.py:161} INFO - Started process (PID=3361) to work on /opt/airflow/dags/meteorisk_dag.py
[2026-09-18T13:54:06.037+0000] {processor.py:830} INFO - Processing file /opt/airflow/dags/meteorisk_dag.py for tasks to queue
[2026-09-18T13:54:06.042+0000] {logging_mixin.py:188} INFO - [2026-09-18T13:54:06.041+0000] {dagbag.py:545} INFO - Filling up the DagBag from /opt/airflow/dags/meteorisk_dag.py
[2026-09-18T13:54:06.111+0000] {processor.py:840} INFO - DAG(s) 'meteorisk_pipeline' retrieved from /opt/airflow/dags/meteorisk_dag.py
[2026-09-18T13:54:06.176+0000] {logging_mixin.py:188} INFO - [2026-09-18T13:54:06.175+0000] {dag.py:3089} INFO - Sync 1 DAGs
[2026-09-18T13:54:06.201+0000] {logging_mixin.py:188} INFO - [2026-09-18T13:54:06.201+0000] {dag.py:3947} INFO - Setting next_dagrun for meteorisk_pipeline to 2026-09-18 00:00:00+00:00, run_after=2026-09-19 00:00:00+00:00
[2026-09-18T13:54:06.232+0000] {processor.py:183} INFO - Processing /opt/airflow/dags/meteorisk_dag.py took 0.211 seconds
[2026-09-18T13:54:36.413+0000] {processor.py:161} INFO - Started process (PID=3366) to work on /opt/airflow/dags/meteorisk_dag.py
[2026-09-18T13:54:36.416+0000] {processor.py:830} INFO - Processing file /opt/airflow/dags/meteorisk_dag.py for tasks to queue
[2026-09-18T13:54:36.424+0000] {logging_mixin.py:188} INFO - [2026-09-18T13:54:36.422+0000] {dagbag.py:545} INFO - Filling up the DagBag from /opt/airflow/dags/meteorisk_dag.py
[2026-09-18T13:54:36.498+0000] {processor.py:840} INFO - DAG(s) 'meteorisk_pipeline' retrieved from /opt/airflow/dags/meteorisk_dag.py
[2026-09-18T13:54:36.550+0000] {logging_mixin.py:188} INFO - [2026-09-18T13:54:36.550+0000] {dag.py:3089} INFO - Sync 1 DAGs
[2026-09-18T13:54:36.591+0000] {logging_mixin.py:188} INFO - [2026-09-18T13:54:36.591+0000] {dag.py:3947} INFO - Setting next_dagrun for meteorisk_pipeline to 2026-09-18 00:00:00+00:00, run_after=2026-09-19 00:00:00+00:00
[2026-09-18T13:54:36.623+0000] {processor.py:183} INFO - Processing /opt/airflow/dags/meteorisk_dag.py took 0.223 seconds
[2026-09-18T13:55:06.911+0000] {processor.py:161} INFO - Started process (PID=3371) to work on /opt/airflow/dags/meteorisk_dag.py
[2026-09-18T13:55:06.915+0000] {processor.py:830} INFO - Processing file /opt/airflow/dags/meteorisk_dag.py for tasks to queue
[2026-09-18T13:55:06.918+0000] {logging_mixin.py:188} INFO - [2026-09-18T13:55:06.918+0000] {dagbag.py:545} INFO - Filling up the DagBag from /opt/airflow/dags/meteorisk_dag.py
[2026-09-18T13:55:06.962+0000] {processor.py:840} INFO - DAG(s) 'meteorisk_pipeline' retrieved from /opt/airflow/dags/meteorisk_dag.py
[2026-09-18T13:55:07.000+0000] {logging_mixin.py:188} INFO - [2026-09-18T13:55:07.000+0000] {dag.py:3089} INFO - Sync 1 DAGs
[2026-09-18T13:55:07.040+0000] {logging_mixin.py:188} INFO - [2026-09-18T13:55:07.040+0000] {dag.py:3947} INFO - Setting next_dagrun for meteorisk_pipeline to 2026-09-18 00:00:00+00:00, run_after=2026-09-19 00:00:00+00:00
[2026-09-18T13:55:07.082+0000] {processor.py:183} INFO - Processing /opt/airflow/dags/meteorisk_dag.py took 0.178 seconds
[2026-09-18T13:55:37.315+0000] {processor.py:161} INFO - Started process (PID=3376) to work on /opt/airflow/dags/meteorisk_dag.py
[2026-09-18T13:55:37.318+0000] {processor.py:830} INFO - Processing file /opt/airflow/dags/meteorisk_dag.py for tasks to queue
[2026-09-18T13:55:37.327+0000] {logging_mixin.py:188} INFO - [2026-09-18T13:55:37.327+0000] {dagbag.py:545} INFO - Filling up the DagBag from /opt/airflow/dags/meteorisk_dag.py
[2026-09-18T13:55:37.385+0000] {processor.py:840} INFO - DAG(s) 'meteorisk_pipeline' retrieved from /opt/airflow/dags/meteorisk_dag.py
[2026-09-18T13:55:37.444+0000] {logging_mixin.py:188} INFO - [2026-09-18T13:55:37.444+0000] {dag.py:3089} INFO - Sync 1 DAGs
[2026-09-18T13:55:37.505+0000] {logging_mixin.py:188} INFO - [2026-09-18T13:55:37.505+0000] {dag.py:3947} INFO - Setting next_dagrun for meteorisk_pipeline to 2026-09-18 00:00:00+00:00, run_after=2026-09-19 00:00:00+00:00
[2026-09-18T13:55:37.557+0000] {processor.py:183} INFO - Processing /opt/airflow/dags/meteorisk_dag.py took 0.258 seconds
[2026-09-18T13:56:07.716+0000] {processor.py:161} INFO - Started process (PID=3381) to work on /opt/airflow/dags/meteorisk_dag.py
[2026-09-18T13:56:07.718+0000] {processor.py:830} INFO - Processing file /opt/airflow/dags/meteorisk_dag.py for tasks to queue
[2026-09-18T13:56:07.722+0000] {logging_mixin.py:188} INFO - [2026-09-18T13:56:07.721+0000] {dagbag.py:545} INFO - Filling up the DagBag from /opt/airflow/dags/meteorisk_dag.py
[2026-09-18T13:56:07.774+0000] {processor.py:840} INFO - DAG(s) 'meteorisk_pipeline' retrieved from /opt/airflow/dags/meteorisk_dag.py
[2026-09-18T13:56:07.810+0000] {logging_mixin.py:188} INFO - [2026-09-18T13:56:07.810+0000] {dag.py:3089} INFO - Sync 1 DAGs
[2026-09-18T13:56:07.833+0000] {logging_mixin.py:188} INFO - [2026-09-18T13:56:07.833+0000] {dag.py:3947} INFO - Setting next_dagrun for meteorisk_pipeline to 2026-09-18 00:00:00+00:00, run_after=2026-09-19 00:00:00+00:00
[2026-09-18T13:56:07.860+0000] {processor.py:183} INFO - Processing /opt/airflow/dags/meteorisk_dag.py took 0.151 seconds
[2026-09-18T13:56:38.356+0000] {processor.py:161} INFO - Started process (PID=3386) to work on /opt/airflow/dags/meteorisk_dag.py
[2026-09-18T13:56:38.359+0000] {processor.py:830} INFO - Processing file /opt/airflow/dags/meteorisk_dag.py for tasks to queue
[2026-09-18T13:56:38.363+0000] {logging_mixin.py:188} INFO - [2026-09-18T13:56:38.363+0000] {dagbag.py:545} INFO - Filling up the DagBag from /opt/airflow/dags/meteorisk_dag.py
[2026-09-18T13:56:38.424+0000] {processor.py:840} INFO - DAG(s) 'meteorisk_pipeline' retrieved from /opt/airflow/dags/meteorisk_dag.py
[2026-09-18T13:56:38.471+0000] {logging_mixin.py:188} INFO - [2026-09-18T13:56:38.471+0000] {dag.py:3089} INFO - Sync 1 DAGs
[2026-09-18T13:56:38.499+0000] {logging_mixin.py:188} INFO - [2026-09-18T13:56:38.499+0000] {dag.py:3947} INFO - Setting next_dagrun for meteorisk_pipeline to 2026-09-18 00:00:00+00:00, run_after=2026-09-19 00:00:00+00:00
[2026-09-18T13:56:38.535+0000] {processor.py:183} INFO - Processing /opt/airflow/dags/meteorisk_dag.py took 0.186 seconds
[2026-09-18T13:57:08.647+0000] {processor.py:161} INFO - Started process (PID=3391) to work on /opt/airflow/dags/meteorisk_dag.py
[2026-09-18T13:57:08.648+0000] {processor.py:830} INFO - Processing file /opt/airflow/dags/meteorisk_dag.py for tasks to queue
[2026-09-18T13:57:08.650+0000] {logging_mixin.py:188} INFO - [2026-09-18T13:57:08.650+0000] {dagbag.py:545} INFO - Filling up the DagBag from /opt/airflow/dags/meteorisk_dag.py
[2026-09-18T13:57:08.684+0000] {processor.py:840} INFO - DAG(s) 'meteorisk_pipeline' retrieved from /opt/airflow/dags/meteorisk_dag.py
[2026-09-18T13:57:08.724+0000] {logging_mixin.py:188} INFO - [2026-09-18T13:57:08.724+0000] {dag.py:3089} INFO - Sync 1 DAGs
[2026-09-18T13:57:08.748+0000] {logging_mixin.py:188} INFO - [2026-09-18T13:57:08.748+0000] {dag.py:3947} INFO - Setting next_dagrun for meteorisk_pipeline to 2026-09-18 00:00:00+00:00, run_after=2026-09-19 00:00:00+00:00
[2026-09-18T13:57:08.775+0000] {processor.py:183} INFO - Processing /opt/airflow/dags/meteorisk_dag.py took 0.137 seconds
[2026-09-18T13:57:39.010+0000] {processor.py:161} INFO - Started process (PID=3396) to work on /opt/airflow/dags/meteorisk_dag.py
[2026-09-18T13:57:39.013+0000] {processor.py:830} INFO - Processing file /opt/airflow/dags/meteorisk_dag.py for tasks to queue
[2026-09-18T13:57:39.017+0000] {logging_mixin.py:188} INFO - [2026-09-18T13:57:39.017+0000] {dagbag.py:545} INFO - Filling up the DagBag from /opt/airflow/dags/meteorisk_dag.py
[2026-09-18T13:57:39.078+0000] {processor.py:840} INFO - DAG(s) 'meteorisk_pipeline' retrieved from /opt/airflow/dags/meteorisk_dag.py
[2026-09-18T13:57:39.137+0000] {logging_mixin.py:188} INFO - [2026-09-18T13:57:39.136+0000] {dag.py:3089} INFO - Sync 1 DAGs
[2026-09-18T13:57:39.186+0000] {logging_mixin.py:188} INFO - [2026-09-18T13:57:39.185+0000] {dag.py:3947} INFO - Setting next_dagrun for meteorisk_pipeline to 2026-09-18 00:00:00+00:00, run_after=2026-09-19 00:00:00+00:00
[2026-09-18T13:57:39.231+0000] {processor.py:183} INFO - Processing /opt/airflow/dags/meteorisk_dag.py took 0.233 seconds
[2026-09-18T13:58:09.469+0000] {processor.py:161} INFO - Started process (PID=3401) to work on /opt/airflow/dags/meteorisk_dag.py
[2026-09-18T13:58:09.471+0000] {processor.py:830} INFO - Processing file /opt/airflow/dags/meteorisk_dag.py for tasks to queue
[2026-09-18T13:58:09.476+0000] {logging_mixin.py:188} INFO - [2026-09-18T13:58:09.475+0000] {dagbag.py:545} INFO - Filling up the DagBag from /opt/airflow/dags/meteorisk_dag.py
[2026-09-18T13:58:09.540+0000] {processor.py:840} INFO - DAG(s) 'meteorisk_pipeline' retrieved from /opt/airflow/dags/meteorisk_dag.py
[2026-09-18T13:58:09.578+0000] {logging_mixin.py:188} INFO - [2026-09-18T13:58:09.578+0000] {dag.py:3089} INFO - Sync 1 DAGs
[2026-09-18T13:58:09.602+0000] {logging_mixin.py:188} INFO - [2026-09-18T13:58:09.602+0000] {dag.py:3947} INFO - Setting next_dagrun for meteorisk_pipeline to 2026-09-18 00:00:00+00:00, run_after=2026-09-19 00:00:00+00:00
[2026-09-18T13:58:09.626+0000] {processor.py:183} INFO - Processing /opt/airflow/dags/meteorisk_dag.py took 0.171 seconds
[2026-09-18T13:58:39.915+0000] {processor.py:161} INFO - Started process (PID=3406) to work on /opt/airflow/dags/meteorisk_dag.py
[2026-09-18T13:58:39.918+0000] {processor.py:830} INFO - Processing file /opt/airflow/dags/meteorisk_dag.py for tasks to queue
[2026-09-18T13:58:39.922+0000] {logging_mixin.py:188} INFO - [2026-09-18T13:58:39.921+0000] {dagbag.py:545} INFO - Filling up the DagBag from /opt/airflow/dags/meteorisk_dag.py
[2026-09-18T13:58:39.977+0000] {processor.py:840} INFO - DAG(s) 'meteorisk_pipeline' retrieved from /opt/airflow/dags/meteorisk_dag.py
[2026-09-18T13:58:40.042+0000] {logging_mixin.py:188} INFO - [2026-09-18T13:58:40.042+0000] {dag.py:3089} INFO - Sync 1 DAGs
[2026-09-18T13:58:40.073+0000] {logging_mixin.py:188} INFO - [2026-09-18T13:58:40.073+0000] {dag.py:3947} INFO - Setting next_dagrun for meteorisk_pipeline to 2026-09-18 00:00:00+00:00, run_after=2026-09-19 00:00:00+00:00
[2026-09-18T13:58:40.105+0000] {processor.py:183} INFO - Processing /opt/airflow/dags/meteorisk_dag.py took 0.199 seconds
[2026-09-18T13:59:10.242+0000] {processor.py:161} INFO - Started process (PID=3411) to work on /opt/airflow/dags/meteorisk_dag.py
[2026-09-18T13:59:10.244+0000] {processor.py:830} INFO - Processing file /opt/airflow/dags/meteorisk_dag.py for tasks to queue
[2026-09-18T13:59:10.248+0000] {logging_mixin.py:188} INFO - [2026-09-18T13:59:10.248+0000] {dagbag.py:545} INFO - Filling up the DagBag from /opt/airflow/dags/meteorisk_dag.py
[2026-09-18T13:59:10.292+0000] {processor.py:840} INFO - DAG(s) 'meteorisk_pipeline' retrieved from /opt/airflow/dags/meteorisk_dag.py
[2026-09-18T13:59:10.335+0000] {logging_mixin.py:188} INFO - [2026-09-18T13:59:10.335+0000] {dag.py:3089} INFO - Sync 1 DAGs
[2026-09-18T13:59:10.363+0000] {logging_mixin.py:188} INFO - [2026-09-18T13:59:10.362+0000] {dag.py:3947} INFO - Setting next_dagrun for meteorisk_pipeline to 2026-09-18 00:00:00+00:00, run_after=2026-09-19 00:00:00+00:00
[2026-09-18T13:59:10.387+0000] {processor.py:183} INFO - Processing /opt/airflow/dags/meteorisk_dag.py took 0.155 seconds
[2026-09-18T13:59:40.753+0000] {processor.py:161} INFO - Started process (PID=3416) to work on /opt/airflow/dags/meteorisk_dag.py
[2026-09-18T13:59:40.755+0000] {processor.py:830} INFO - Processing file /opt/airflow/dags/meteorisk_dag.py for tasks to queue
[2026-09-18T13:59:40.760+0000] {logging_mixin.py:188} INFO - [2026-09-18T13:59:40.760+0000] {dagbag.py:545} INFO - Filling up the DagBag from /opt/airflow/dags/meteorisk_dag.py
[2026-09-18T13:59:40.821+0000] {processor.py:840} INFO - DAG(s) 'meteorisk_pipeline' retrieved from /opt/airflow/dags/meteorisk_dag.py
[2026-09-18T13:59:40.871+0000] {logging_mixin.py:188} INFO - [2026-09-18T13:59:40.871+0000] {dag.py:3089} INFO - Sync 1 DAGs
[2026-09-18T13:59:40.893+0000] {logging_mixin.py:188} INFO - [2026-09-18T13:59:40.892+0000] {dag.py:3947} INFO - Setting next_dagrun for meteorisk_pipeline to 2026-09-18 00:00:00+00:00, run_after=2026-09-19 00:00:00+00:00
[2026-09-18T13:59:40.919+0000] {processor.py:183} INFO - Processing /opt/airflow/dags/meteorisk_dag.py took 0.182 seconds
[2026-09-18T14:00:11.052+0000] {processor.py:161} INFO - Started process (PID=3421) to work on /opt/airflow/dags/meteorisk_dag.py
[2026-09-18T14:00:11.054+0000] {processor.py:830} INFO - Processing file /opt/airflow/dags/meteorisk_dag.py for tasks to queue
[2026-09-18T14:00:11.057+0000] {logging_mixin.py:188} INFO - [2026-09-18T14:00:11.056+0000] {dagbag.py:545} INFO - Filling up the DagBag from /opt/airflow/dags/meteorisk_dag.py
[2026-09-18T14:00:11.102+0000] {processor.py:840} INFO - DAG(s) 'meteorisk_pipeline' retrieved from /opt/airflow/dags/meteorisk_dag.py
[2026-09-18T14:00:11.141+0000] {logging_mixin.py:188} INFO - [2026-09-18T14:00:11.140+0000] {dag.py:3089} INFO - Sync 1 DAGs
[2026-09-18T14:00:11.165+0000] {logging_mixin.py:188} INFO - [2026-09-18T14:00:11.165+0000] {dag.py:3947} INFO - Setting next_dagrun for meteorisk_pipeline to 2026-09-18 00:00:00+00:00, run_after=2026-09-19 00:00:00+00:00
[2026-09-18T14:00:11.192+0000] {processor.py:183} INFO - Processing /opt/airflow/dags/meteorisk_dag.py took 0.147 seconds
[2026-09-18T14:00:41.564+0000] {processor.py:161} INFO - Started process (PID=3426) to work on /opt/airflow/dags/meteorisk_dag.py
[2026-09-18T14:00:41.568+0000] {processor.py:830} INFO - Processing file /opt/airflow/dags/meteorisk_dag.py for tasks to queue
[2026-09-18T14:00:41.573+0000] {logging_mixin.py:188} INFO - [2026-09-18T14:00:41.572+0000] {dagbag.py:545} INFO - Filling up the DagBag from /opt/airflow/dags/meteorisk_dag.py
[2026-09-18T14:00:41.634+0000] {processor.py:840} INFO - DAG(s) 'meteorisk_pipeline' retrieved from /opt/airflow/dags/meteorisk_dag.py
[2026-09-18T14:00:41.689+0000] {logging_mixin.py:188} INFO - [2026-09-18T14:00:41.689+0000] {dag.py:3089} INFO - Sync 1 DAGs
[2026-09-18T14:00:41.728+0000] {logging_mixin.py:188} INFO - [2026-09-18T14:00:41.727+0000] {dag.py:3947} INFO - Setting next_dagrun for meteorisk_pipeline to 2026-09-18 00:00:00+00:00, run_after=2026-09-19 00:00:00+00:00
[2026-09-18T14:00:41.756+0000] {processor.py:183} INFO - Processing /opt/airflow/dags/meteorisk_dag.py took 0.204 seconds
[2026-09-18T14:01:11.902+0000] {processor.py:161} INFO - Started process (PID=3431) to work on /opt/airflow/dags/meteorisk_dag.py
[2026-09-18T14:01:11.904+0000] {processor.py:830} INFO - Processing file /opt/airflow/dags/meteorisk_dag.py for tasks to queue
[2026-09-18T14:01:11.907+0000] {logging_mixin.py:188} INFO - [2026-09-18T14:01:11.907+0000] {dagbag.py:545} INFO - Filling up the DagBag from /opt/airflow/dags/meteorisk_dag.py
[2026-09-18T14:01:11.955+0000] {processor.py:840} INFO - DAG(s) 'meteorisk_pipeline' retrieved from /opt/airflow/dags/meteorisk_dag.py
[2026-09-18T14:01:12.002+0000] {logging_mixin.py:188} INFO - [2026-09-18T14:01:12.002+0000] {dag.py:3089} INFO - Sync 1 DAGs
[2026-09-18T14:01:12.027+0000] {logging_mixin.py:188} INFO - [2026-09-18T14:01:12.026+0000] {dag.py:3947} INFO - Setting next_dagrun for meteorisk_pipeline to 2026-09-18 00:00:00+00:00, run_after=2026-09-19 00:00:00+00:00
[2026-09-18T14:01:12.056+0000] {processor.py:183} INFO - Processing /opt/airflow/dags/meteorisk_dag.py took 0.163 seconds
[2026-09-18T14:01:42.624+0000] {processor.py:161} INFO - Started process (PID=3436) to work on /opt/airflow/dags/meteorisk_dag.py
[2026-09-18T14:01:42.627+0000] {processor.py:830} INFO - Processing file /opt/airflow/dags/meteorisk_dag.py for tasks to queue
[2026-09-18T14:01:42.632+0000] {logging_mixin.py:188} INFO - [2026-09-18T14:01:42.631+0000] {dagbag.py:545} INFO - Filling up the DagBag from /opt/airflow/dags/meteorisk_dag.py
[2026-09-18T14:01:42.696+0000] {processor.py:840} INFO - DAG(s) 'meteorisk_pipeline' retrieved from /opt/airflow/dags/meteorisk_dag.py
[2026-09-18T14:01:42.742+0000] {logging_mixin.py:188} INFO - [2026-09-18T14:01:42.741+0000] {dag.py:3089} INFO - Sync 1 DAGs
[2026-09-18T14:01:42.770+0000] {logging_mixin.py:188} INFO - [2026-09-18T14:01:42.770+0000] {dag.py:3947} INFO - Setting next_dagrun for meteorisk_pipeline to 2026-09-18 00:00:00+00:00, run_after=2026-09-19 00:00:00+00:00
[2026-09-18T14:01:42.801+0000] {processor.py:183} INFO - Processing /opt/airflow/dags/meteorisk_dag.py took 0.189 seconds
[2026-09-18T14:02:12.927+0000] {processor.py:161} INFO - Started process (PID=3441) to work on /opt/airflow/dags/meteorisk_dag.py
[2026-09-18T14:02:12.930+0000] {processor.py:830} INFO - Processing file /opt/airflow/dags/meteorisk_dag.py for tasks to queue
[2026-09-18T14:02:12.933+0000] {logging_mixin.py:188} INFO - [2026-09-18T14:02:12.933+0000] {dagbag.py:545} INFO - Filling up the DagBag from /opt/airflow/dags/meteorisk_dag.py
[2026-09-18T14:02:12.981+0000] {processor.py:840} INFO - DAG(s) 'meteorisk_pipeline' retrieved from /opt/airflow/dags/meteorisk_dag.py
[2026-09-18T14:02:13.019+0000] {logging_mixin.py:188} INFO - [2026-09-18T14:02:13.019+0000] {dag.py:3089} INFO - Sync 1 DAGs
[2026-09-18T14:02:13.044+0000] {logging_mixin.py:188} INFO - [2026-09-18T14:02:13.043+0000] {dag.py:3947} INFO - Setting next_dagrun for meteorisk_pipeline to 2026-09-18 00:00:00+00:00, run_after=2026-09-19 00:00:00+00:00
[2026-09-18T14:02:13.069+0000] {processor.py:183} INFO - Processing /opt/airflow/dags/meteorisk_dag.py took 0.151 seconds
[2026-09-18T14:02:43.291+0000] {processor.py:161} INFO - Started process (PID=3446) to work on /opt/airflow/dags/meteorisk_dag.py
[2026-09-18T14:02:43.293+0000] {processor.py:830} INFO - Processing file /opt/airflow/dags/meteorisk_dag.py for tasks to queue
[2026-09-18T14:02:43.296+0000] {logging_mixin.py:188} INFO - [2026-09-18T14:02:43.295+0000] {dagbag.py:545} INFO - Filling up the DagBag from /opt/airflow/dags/meteorisk_dag.py
[2026-09-18T14:02:43.348+0000] {processor.py:840} INFO - DAG(s) 'meteorisk_pipeline' retrieved from /opt/airflow/dags/meteorisk_dag.py
[2026-09-18T14:02:43.392+0000] {logging_mixin.py:188} INFO - [2026-09-18T14:02:43.391+0000] {dag.py:3089} INFO - Sync 1 DAGs
[2026-09-18T14:02:43.421+0000] {logging_mixin.py:188} INFO - [2026-09-18T14:02:43.421+0000] {dag.py:3947} INFO - Setting next_dagrun for meteorisk_pipeline to 2026-09-18 00:00:00+00:00, run_after=2026-09-19 00:00:00+00:00
[2026-09-18T14:02:43.450+0000] {processor.py:183} INFO - Processing /opt/airflow/dags/meteorisk_dag.py took 0.172 seconds
[2026-09-18T14:03:13.821+0000] {processor.py:161} INFO - Started process (PID=3451) to work on /opt/airflow/dags/meteorisk_dag.py
[2026-09-18T14:03:13.824+0000] {processor.py:830} INFO - Processing file /opt/airflow/dags/meteorisk_dag.py for tasks to queue
[2026-09-18T14:03:13.828+0000] {logging_mixin.py:188} INFO - [2026-09-18T14:03:13.828+0000] {dagbag.py:545} INFO - Filling up the DagBag from /opt/airflow/dags/meteorisk_dag.py
[2026-09-18T14:03:13.894+0000] {processor.py:840} INFO - DAG(s) 'meteorisk_pipeline' retrieved from /opt/airflow/dags/meteorisk_dag.py
[2026-09-18T14:03:13.955+0000] {logging_mixin.py:188} INFO - [2026-09-18T14:03:13.955+0000] {dag.py:3089} INFO - Sync 1 DAGs
[2026-09-18T14:03:13.990+0000] {logging_mixin.py:188} INFO - [2026-09-18T14:03:13.990+0000] {dag.py:3947} INFO - Setting next_dagrun for meteorisk_pipeline to 2026-09-18 00:00:00+00:00, run_after=2026-09-19 00:00:00+00:00
[2026-09-18T14:03:14.023+0000] {processor.py:183} INFO - Processing /opt/airflow/dags/meteorisk_dag.py took 0.214 seconds
[2026-09-18T14:03:44.402+0000] {processor.py:161} INFO - Started process (PID=3456) to work on /opt/airflow/dags/meteorisk_dag.py
[2026-09-18T14:03:44.406+0000] {processor.py:830} INFO - Processing file /opt/airflow/dags/meteorisk_dag.py for tasks to queue
[2026-09-18T14:03:44.410+0000] {logging_mixin.py:188} INFO - [2026-09-18T14:03:44.410+0000] {dagbag.py:545} INFO - Filling up the DagBag from /opt/airflow/dags/meteorisk_dag.py
[2026-09-18T14:03:44.469+0000] {processor.py:840} INFO - DAG(s) 'meteorisk_pipeline' retrieved from /opt/airflow/dags/meteorisk_dag.py
[2026-09-18T14:03:44.521+0000] {logging_mixin.py:188} INFO - [2026-09-18T14:03:44.521+0000] {dag.py:3089} INFO - Sync 1 DAGs
[2026-09-18T14:03:44.551+0000] {logging_mixin.py:188} INFO - [2026-09-18T14:03:44.551+0000] {dag.py:3947} INFO - Setting next_dagrun for meteorisk_pipeline to 2026-09-18 00:00:00+00:00, run_after=2026-09-19 00:00:00+00:00
[2026-09-18T14:03:44.583+0000] {processor.py:183} INFO - Processing /opt/airflow/dags/meteorisk_dag.py took 0.198 seconds
[2026-09-18T14:04:14.720+0000] {processor.py:161} INFO - Started process (PID=3461) to work on /opt/airflow/dags/meteorisk_dag.py
[2026-09-18T14:04:14.723+0000] {processor.py:830} INFO - Processing file /opt/airflow/dags/meteorisk_dag.py for tasks to queue
[2026-09-18T14:04:14.726+0000] {logging_mixin.py:188} INFO - [2026-09-18T14:04:14.726+0000] {dagbag.py:545} INFO - Filling up the DagBag from /opt/airflow/dags/meteorisk_dag.py
[2026-09-18T14:04:14.775+0000] {processor.py:840} INFO - DAG(s) 'meteorisk_pipeline' retrieved from /opt/airflow/dags/meteorisk_dag.py
[2026-09-18T14:04:14.819+0000] {logging_mixin.py:188} INFO - [2026-09-18T14:04:14.818+0000] {dag.py:3089} INFO - Sync 1 DAGs
[2026-09-18T14:04:14.850+0000] {logging_mixin.py:188} INFO - [2026-09-18T14:04:14.849+0000] {dag.py:3947} INFO - Setting next_dagrun for meteorisk_pipeline to 2026-09-18 00:00:00+00:00, run_after=2026-09-19 00:00:00+00:00
[2026-09-18T14:04:14.890+0000] {processor.py:183} INFO - Processing /opt/airflow/dags/meteorisk_dag.py took 0.182 seconds
[2026-09-18T14:04:45.239+0000] {processor.py:161} INFO - Started process (PID=3466) to work on /opt/airflow/dags/meteorisk_dag.py
[2026-09-18T14:04:45.241+0000] {processor.py:830} INFO - Processing file /opt/airflow/dags/meteorisk_dag.py for tasks to queue
[2026-09-18T14:04:45.245+0000] {logging_mixin.py:188} INFO - [2026-09-18T14:04:45.245+0000] {dagbag.py:545} INFO - Filling up the DagBag from /opt/airflow/dags/meteorisk_dag.py
[2026-09-18T14:04:45.298+0000] {processor.py:840} INFO - DAG(s) 'meteorisk_pipeline' retrieved from /opt/airflow/dags/meteorisk_dag.py
[2026-09-18T14:04:45.329+0000] {logging_mixin.py:188} INFO - [2026-09-18T14:04:45.329+0000] {dag.py:3089} INFO - Sync 1 DAGs
[2026-09-18T14:04:45.353+0000] {logging_mixin.py:188} INFO - [2026-09-18T14:04:45.353+0000] {dag.py:3947} INFO - Setting next_dagrun for meteorisk_pipeline to 2026-09-18 00:00:00+00:00, run_after=2026-09-19 00:00:00+00:00
[2026-09-18T14:04:45.379+0000] {processor.py:183} INFO - Processing /opt/airflow/dags/meteorisk_dag.py took 0.151 seconds
[2026-09-18T14:05:15.596+0000] {processor.py:161} INFO - Started process (PID=3471) to work on /opt/airflow/dags/meteorisk_dag.py
[2026-09-18T14:05:15.598+0000] {processor.py:830} INFO - Processing file /opt/airflow/dags/meteorisk_dag.py for tasks to queue
[2026-09-18T14:05:15.603+0000] {logging_mixin.py:188} INFO - [2026-09-18T14:05:15.603+0000] {dagbag.py:545} INFO - Filling up the DagBag from /opt/airflow/dags/meteorisk_dag.py
[2026-09-18T14:05:15.658+0000] {processor.py:840} INFO - DAG(s) 'meteorisk_pipeline' retrieved from /opt/airflow/dags/meteorisk_dag.py
[2026-09-18T14:05:15.743+0000] {logging_mixin.py:188} INFO - [2026-09-18T14:05:15.742+0000] {dag.py:3089} INFO - Sync 1 DAGs
[2026-09-18T14:05:15.770+0000] {logging_mixin.py:188} INFO - [2026-09-18T14:05:15.770+0000] {dag.py:3947} INFO - Setting next_dagrun for meteorisk_pipeline to 2026-09-18 00:00:00+00:00, run_after=2026-09-19 00:00:00+00:00
[2026-09-18T14:05:15.801+0000] {processor.py:183} INFO - Processing /opt/airflow/dags/meteorisk_dag.py took 0.215 seconds
[2026-09-18T14:05:46.079+0000] {processor.py:161} INFO - Started process (PID=3476) to work on /opt/airflow/dags/meteorisk_dag.py
[2026-09-18T14:05:46.082+0000] {processor.py:830} INFO - Processing file /opt/airflow/dags/meteorisk_dag.py for tasks to queue
[2026-09-18T14:05:46.087+0000] {logging_mixin.py:188} INFO - [2026-09-18T14:05:46.087+0000] {dagbag.py:545} INFO - Filling up the DagBag from /opt/airflow/dags/meteorisk_dag.py
[2026-09-18T14:05:46.139+0000] {processor.py:840} INFO - DAG(s) 'meteorisk_pipeline' retrieved from /opt/airflow/dags/meteorisk_dag.py
[2026-09-18T14:05:46.176+0000] {logging_mixin.py:188} INFO - [2026-09-18T14:05:46.175+0000] {dag.py:3089} INFO - Sync 1 DAGs
[2026-09-18T14:05:46.200+0000] {logging_mixin.py:188} INFO - [2026-09-18T14:05:46.199+0000] {dag.py:3947} INFO - Setting next_dagrun for meteorisk_pipeline to 2026-09-18 00:00:00+00:00, run_after=2026-09-19 00:00:00+00:00
[2026-09-18T14:05:46.231+0000] {processor.py:183} INFO - Processing /opt/airflow/dags/meteorisk_dag.py took 0.161 seconds
[2026-09-18T14:06:16.592+0000] {processor.py:161} INFO - Started process (PID=3481) to work on /opt/airflow/dags/meteorisk_dag.py
[2026-09-18T14:06:16.595+0000] {processor.py:830} INFO - Processing file /opt/airflow/dags/meteorisk_dag.py for tasks to queue
[2026-09-18T14:06:16.599+0000] {logging_mixin.py:188} INFO - [2026-09-18T14:06:16.599+0000] {dagbag.py:545} INFO - Filling up the DagBag from /opt/airflow/dags/meteorisk_dag.py
[2026-09-18T14:06:16.655+0000] {processor.py:840} INFO - DAG(s) 'meteorisk_pipeline' retrieved from /opt/airflow/dags/meteorisk_dag.py
[2026-09-18T14:06:16.709+0000] {logging_mixin.py:188} INFO - [2026-09-18T14:06:16.709+0000] {dag.py:3089} INFO - Sync 1 DAGs
[2026-09-18T14:06:16.742+0000] {logging_mixin.py:188} INFO - [2026-09-18T14:06:16.742+0000] {dag.py:3947} INFO - Setting next_dagrun for meteorisk_pipeline to 2026-09-18 00:00:00+00:00, run_after=2026-09-19 00:00:00+00:00
[2026-09-18T14:06:16.769+0000] {processor.py:183} INFO - Processing /opt/airflow/dags/meteorisk_dag.py took 0.190 seconds
[2026-09-18T14:06:46.963+0000] {processor.py:161} INFO - Started process (PID=3486) to work on /opt/airflow/dags/meteorisk_dag.py
[2026-09-18T14:06:46.965+0000] {processor.py:830} INFO - Processing file /opt/airflow/dags/meteorisk_dag.py for tasks to queue
[2026-09-18T14:06:46.967+0000] {logging_mixin.py:188} INFO - [2026-09-18T14:06:46.967+0000] {dagbag.py:545} INFO - Filling up the DagBag from /opt/airflow/dags/meteorisk_dag.py
[2026-09-18T14:06:47.025+0000] {processor.py:840} INFO - DAG(s) 'meteorisk_pipeline' retrieved from /opt/airflow/dags/meteorisk_dag.py
[2026-09-18T14:06:47.084+0000] {logging_mixin.py:188} INFO - [2026-09-18T14:06:47.083+0000] {dag.py:3089} INFO - Sync 1 DAGs
[2026-09-18T14:06:47.115+0000] {logging_mixin.py:188} INFO - [2026-09-18T14:06:47.114+0000] {dag.py:3947} INFO - Setting next_dagrun for meteorisk_pipeline to 2026-09-18 00:00:00+00:00, run_after=2026-09-19 00:00:00+00:00
[2026-09-18T14:06:47.141+0000] {processor.py:183} INFO - Processing /opt/airflow/dags/meteorisk_dag.py took 0.188 seconds
[2026-09-18T14:07:17.408+0000] {processor.py:161} INFO - Started process (PID=3491) to work on /opt/airflow/dags/meteorisk_dag.py
[2026-09-18T14:07:17.410+0000] {processor.py:830} INFO - Processing file /opt/airflow/dags/meteorisk_dag.py for tasks to queue
[2026-09-18T14:07:17.414+0000] {logging_mixin.py:188} INFO - [2026-09-18T14:07:17.414+0000] {dagbag.py:545} INFO - Filling up the DagBag from /opt/airflow/dags/meteorisk_dag.py
[2026-09-18T14:07:17.466+0000] {processor.py:840} INFO - DAG(s) 'meteorisk_pipeline' retrieved from /opt/airflow/dags/meteorisk_dag.py
[2026-09-18T14:07:17.509+0000] {logging_mixin.py:188} INFO - [2026-09-18T14:07:17.509+0000] {dag.py:3089} INFO - Sync 1 DAGs
[2026-09-18T14:07:17.531+0000] {logging_mixin.py:188} INFO - [2026-09-18T14:07:17.531+0000] {dag.py:3947} INFO - Setting next_dagrun for meteorisk_pipeline to 2026-09-18 00:00:00+00:00, run_after=2026-09-19 00:00:00+00:00
[2026-09-18T14:07:17.560+0000] {processor.py:183} INFO - Processing /opt/airflow/dags/meteorisk_dag.py took 0.166 seconds
[2026-09-18T14:07:47.868+0000] {processor.py:161} INFO - Started process (PID=3496) to work on /opt/airflow/dags/meteorisk_dag.py
[2026-09-18T14:07:47.874+0000] {processor.py:830} INFO - Processing file /opt/airflow/dags/meteorisk_dag.py for tasks to queue
[2026-09-18T14:07:47.879+0000] {logging_mixin.py:188} INFO - [2026-09-18T14:07:47.878+0000] {dagbag.py:545} INFO - Filling up the DagBag from /opt/airflow/dags/meteorisk_dag.py
[2026-09-18T14:07:47.946+0000] {processor.py:840} INFO - DAG(s) 'meteorisk_pipeline' retrieved from /opt/airflow/dags/meteorisk_dag.py
[2026-09-18T14:07:48.008+0000] {logging_mixin.py:188} INFO - [2026-09-18T14:07:48.007+0000] {dag.py:3089} INFO - Sync 1 DAGs
[2026-09-18T14:07:48.048+0000] {logging_mixin.py:188} INFO - [2026-09-18T14:07:48.048+0000] {dag.py:3947} INFO - Setting next_dagrun for meteorisk_pipeline to 2026-09-18 00:00:00+00:00, run_after=2026-09-19 00:00:00+00:00
[2026-09-18T14:07:48.075+0000] {processor.py:183} INFO - Processing /opt/airflow/dags/meteorisk_dag.py took 0.228 seconds
[2026-09-18T14:08:18.240+0000] {processor.py:161} INFO - Started process (PID=3501) to work on /opt/airflow/dags/meteorisk_dag.py
[2026-09-18T14:08:18.242+0000] {processor.py:830} INFO - Processing file /opt/airflow/dags/meteorisk_dag.py for tasks to queue
[2026-09-18T14:08:18.247+0000] {logging_mixin.py:188} INFO - [2026-09-18T14:08:18.246+0000] {dagbag.py:545} INFO - Filling up the DagBag from /opt/airflow/dags/meteorisk_dag.py
[2026-09-18T14:08:18.297+0000] {processor.py:840} INFO - DAG(s) 'meteorisk_pipeline' retrieved from /opt/airflow/dags/meteorisk_dag.py
[2026-09-18T14:08:18.346+0000] {logging_mixin.py:188} INFO - [2026-09-18T14:08:18.345+0000] {dag.py:3089} INFO - Sync 1 DAGs
[2026-09-18T14:08:18.369+0000] {logging_mixin.py:188} INFO - [2026-09-18T14:08:18.368+0000] {dag.py:3947} INFO - Setting next_dagrun for meteorisk_pipeline to 2026-09-18 00:00:00+00:00, run_after=2026-09-19 00:00:00+00:00
[2026-09-18T14:08:18.400+0000] {processor.py:183} INFO - Processing /opt/airflow/dags/meteorisk_dag.py took 0.173 seconds
[2026-09-18T14:08:48.784+0000] {processor.py:161} INFO - Started process (PID=3506) to work on /opt/airflow/dags/meteorisk_dag.py
[2026-09-18T14:08:48.787+0000] {processor.py:830} INFO - Processing file /opt/airflow/dags/meteorisk_dag.py for tasks to queue
[2026-09-18T14:08:48.795+0000] {logging_mixin.py:188} INFO - [2026-09-18T14:08:48.794+0000] {dagbag.py:545} INFO - Filling up the DagBag from /opt/airflow/dags/meteorisk_dag.py
[2026-09-18T14:08:48.849+0000] {processor.py:840} INFO - DAG(s) 'meteorisk_pipeline' retrieved from /opt/airflow/dags/meteorisk_dag.py
[2026-09-18T14:08:48.901+0000] {logging_mixin.py:188} INFO - [2026-09-18T14:08:48.901+0000] {dag.py:3089} INFO - Sync 1 DAGs
[2026-09-18T14:08:48.930+0000] {logging_mixin.py:188} INFO - [2026-09-18T14:08:48.929+0000] {dag.py:3947} INFO - Setting next_dagrun for meteorisk_pipeline to 2026-09-18 00:00:00+00:00, run_after=2026-09-19 00:00:00+00:00
[2026-09-18T14:08:48.967+0000] {processor.py:183} INFO - Processing /opt/airflow/dags/meteorisk_dag.py took 0.191 seconds
[2026-09-18T14:09:19.146+0000] {processor.py:161} INFO - Started process (PID=3511) to work on /opt/airflow/dags/meteorisk_dag.py
[2026-09-18T14:09:19.148+0000] {processor.py:830} INFO - Processing file /opt/airflow/dags/meteorisk_dag.py for tasks to queue
[2026-09-18T14:09:19.152+0000] {logging_mixin.py:188} INFO - [2026-09-18T14:09:19.151+0000] {dagbag.py:545} INFO - Filling up the DagBag from /opt/airflow/dags/meteorisk_dag.py
[2026-09-18T14:09:19.210+0000] {processor.py:840} INFO - DAG(s) 'meteorisk_pipeline' retrieved from /opt/airflow/dags/meteorisk_dag.py
[2026-09-18T14:09:19.252+0000] {logging_mixin.py:188} INFO - [2026-09-18T14:09:19.252+0000] {dag.py:3089} INFO - Sync 1 DAGs
[2026-09-18T14:09:19.277+0000] {logging_mixin.py:188} INFO - [2026-09-18T14:09:19.277+0000] {dag.py:3947} INFO - Setting next_dagrun for meteorisk_pipeline to 2026-09-18 00:00:00+00:00, run_after=2026-09-19 00:00:00+00:00
[2026-09-18T14:09:19.303+0000] {processor.py:183} INFO - Processing /opt/airflow/dags/meteorisk_dag.py took 0.170 seconds
[2026-09-18T14:09:49.660+0000] {processor.py:161} INFO - Started process (PID=3516) to work on /opt/airflow/dags/meteorisk_dag.py
[2026-09-18T14:09:49.663+0000] {processor.py:830} INFO - Processing file /opt/airflow/dags/meteorisk_dag.py for tasks to queue
[2026-09-18T14:09:49.666+0000] {logging_mixin.py:188} INFO - [2026-09-18T14:09:49.666+0000] {dagbag.py:545} INFO - Filling up the DagBag from /opt/airflow/dags/meteorisk_dag.py
[2026-09-18T14:09:49.716+0000] {processor.py:840} INFO - DAG(s) 'meteorisk_pipeline' retrieved from /opt/airflow/dags/meteorisk_dag.py
[2026-09-18T14:09:49.758+0000] {logging_mixin.py:188} INFO - [2026-09-18T14:09:49.758+0000] {dag.py:3089} INFO - Sync 1 DAGs
[2026-09-18T14:09:49.781+0000] {logging_mixin.py:188} INFO - [2026-09-18T14:09:49.780+0000] {dag.py:3947} INFO - Setting next_dagrun for meteorisk_pipeline to 2026-09-18 00:00:00+00:00, run_after=2026-09-19 00:00:00+00:00
[2026-09-18T14:09:49.804+0000] {processor.py:183} INFO - Processing /opt/airflow/dags/meteorisk_dag.py took 0.151 seconds
[2026-09-18T14:10:19.973+0000] {processor.py:161} INFO - Started process (PID=3521) to work on /opt/airflow/dags/meteorisk_dag.py
[2026-09-18T14:10:19.977+0000] {processor.py:830} INFO - Processing file /opt/airflow/dags/meteorisk_dag.py for tasks to queue
[2026-09-18T14:10:19.983+0000] {logging_mixin.py:188} INFO - [2026-09-18T14:10:19.982+0000] {dagbag.py:545} INFO - Filling up the DagBag from /opt/airflow/dags/meteorisk_dag.py
[2026-09-18T14:10:20.035+0000] {processor.py:840} INFO - DAG(s) 'meteorisk_pipeline' retrieved from /opt/airflow/dags/meteorisk_dag.py
[2026-09-18T14:10:20.080+0000] {logging_mixin.py:188} INFO - [2026-09-18T14:10:20.080+0000] {dag.py:3089} INFO - Sync 1 DAGs
[2026-09-18T14:10:20.102+0000] {logging_mixin.py:188} INFO - [2026-09-18T14:10:20.101+0000] {dag.py:3947} INFO - Setting next_dagrun for meteorisk_pipeline to 2026-09-18 00:00:00+00:00, run_after=2026-09-19 00:00:00+00:00
[2026-09-18T14:10:20.131+0000] {processor.py:183} INFO - Processing /opt/airflow/dags/meteorisk_dag.py took 0.168 seconds
[2026-09-18T14:10:50.454+0000] {processor.py:161} INFO - Started process (PID=3526) to work on /opt/airflow/dags/meteorisk_dag.py
[2026-09-18T14:10:50.457+0000] {processor.py:830} INFO - Processing file /opt/airflow/dags/meteorisk_dag.py for tasks to queue
[2026-09-18T14:10:50.461+0000] {logging_mixin.py:188} INFO - [2026-09-18T14:10:50.460+0000] {dagbag.py:545} INFO - Filling up the DagBag from /opt/airflow/dags/meteorisk_dag.py
[2026-09-18T14:10:50.519+0000] {processor.py:840} INFO - DAG(s) 'meteorisk_pipeline' retrieved from /opt/airflow/dags/meteorisk_dag.py
[2026-09-18T14:10:50.553+0000] {logging_mixin.py:188} INFO - [2026-09-18T14:10:50.553+0000] {dag.py:3089} INFO - Sync 1 DAGs
[2026-09-18T14:10:50.578+0000] {logging_mixin.py:188} INFO - [2026-09-18T14:10:50.578+0000] {dag.py:3947} INFO - Setting next_dagrun for meteorisk_pipeline to 2026-09-18 00:00:00+00:00, run_after=2026-09-19 00:00:00+00:00
[2026-09-18T14:10:50.606+0000] {processor.py:183} INFO - Processing /opt/airflow/dags/meteorisk_dag.py took 0.161 seconds
[2026-09-18T14:11:20.952+0000] {processor.py:161} INFO - Started process (PID=3532) to work on /opt/airflow/dags/meteorisk_dag.py
[2026-09-18T14:11:20.955+0000] {processor.py:830} INFO - Processing file /opt/airflow/dags/meteorisk_dag.py for tasks to queue
[2026-09-18T14:11:20.967+0000] {logging_mixin.py:188} INFO - [2026-09-18T14:11:20.967+0000] {dagbag.py:545} INFO - Filling up the DagBag from /opt/airflow/dags/meteorisk_dag.py
[2026-09-18T14:11:21.087+0000] {processor.py:840} INFO - DAG(s) 'meteorisk_pipeline' retrieved from /opt/airflow/dags/meteorisk_dag.py
[2026-09-18T14:11:21.202+0000] {logging_mixin.py:188} INFO - [2026-09-18T14:11:21.202+0000] {dag.py:3089} INFO - Sync 1 DAGs
[2026-09-18T14:11:21.304+0000] {logging_mixin.py:188} INFO - [2026-09-18T14:11:21.303+0000] {dag.py:3947} INFO - Setting next_dagrun for meteorisk_pipeline to 2026-09-18 00:00:00+00:00, run_after=2026-09-19 00:00:00+00:00
[2026-09-18T14:11:21.385+0000] {processor.py:183} INFO - Processing /opt/airflow/dags/meteorisk_dag.py took 0.493 seconds
[2026-09-18T14:11:51.784+0000] {processor.py:161} INFO - Started process (PID=3537) to work on /opt/airflow/dags/meteorisk_dag.py
[2026-09-18T14:11:51.787+0000] {processor.py:830} INFO - Processing file /opt/airflow/dags/meteorisk_dag.py for tasks to queue
[2026-09-18T14:11:51.791+0000] {logging_mixin.py:188} INFO - [2026-09-18T14:11:51.791+0000] {dagbag.py:545} INFO - Filling up the DagBag from /opt/airflow/dags/meteorisk_dag.py
[2026-09-18T14:11:51.862+0000] {processor.py:840} INFO - DAG(s) 'meteorisk_pipeline' retrieved from /opt/airflow/dags/meteorisk_dag.py
[2026-09-18T14:11:51.910+0000] {logging_mixin.py:188} INFO - [2026-09-18T14:11:51.909+0000] {dag.py:3089} INFO - Sync 1 DAGs
[2026-09-18T14:11:51.940+0000] {logging_mixin.py:188} INFO - [2026-09-18T14:11:51.940+0000] {dag.py:3947} INFO - Setting next_dagrun for meteorisk_pipeline to 2026-09-18 00:00:00+00:00, run_after=2026-09-19 00:00:00+00:00
[2026-09-18T14:11:51.971+0000] {processor.py:183} INFO - Processing /opt/airflow/dags/meteorisk_dag.py took 0.199 seconds
[2026-09-18T14:12:22.146+0000] {processor.py:161} INFO - Started process (PID=3542) to work on /opt/airflow/dags/meteorisk_dag.py
[2026-09-18T14:12:22.148+0000] {processor.py:830} INFO - Processing file /opt/airflow/dags/meteorisk_dag.py for tasks to queue
[2026-09-18T14:12:22.152+0000] {logging_mixin.py:188} INFO - [2026-09-18T14:12:22.152+0000] {dagbag.py:545} INFO - Filling up the DagBag from /opt/airflow/dags/meteorisk_dag.py
[2026-09-18T14:12:22.245+0000] {processor.py:840} INFO - DAG(s) 'meteorisk_pipeline' retrieved from /opt/airflow/dags/meteorisk_dag.py
[2026-09-18T14:12:22.280+0000] {logging_mixin.py:188} INFO - [2026-09-18T14:12:22.280+0000] {dag.py:3089} INFO - Sync 1 DAGs
[2026-09-18T14:12:22.306+0000] {logging_mixin.py:188} INFO - [2026-09-18T14:12:22.305+0000] {dag.py:3947} INFO - Setting next_dagrun for meteorisk_pipeline to 2026-09-18 00:00:00+00:00, run_after=2026-09-19 00:00:00+00:00
[2026-09-18T14:12:22.333+0000] {processor.py:183} INFO - Processing /opt/airflow/dags/meteorisk_dag.py took 0.199 seconds
[2026-09-18T14:12:52.686+0000] {processor.py:161} INFO - Started process (PID=3547) to work on /opt/airflow/dags/meteorisk_dag.py
[2026-09-18T14:12:52.689+0000] {processor.py:830} INFO - Processing file /opt/airflow/dags/meteorisk_dag.py for tasks to queue
[2026-09-18T14:12:52.695+0000] {logging_mixin.py:188} INFO - [2026-09-18T14:12:52.694+0000] {dagbag.py:545} INFO - Filling up the DagBag from /opt/airflow/dags/meteorisk_dag.py
[2026-09-18T14:12:52.776+0000] {processor.py:840} INFO - DAG(s) 'meteorisk_pipeline' retrieved from /opt/airflow/dags/meteorisk_dag.py
[2026-09-18T14:12:52.829+0000] {logging_mixin.py:188} INFO - [2026-09-18T14:12:52.829+0000] {dag.py:3089} INFO - Sync 1 DAGs
[2026-09-18T14:12:52.861+0000] {logging_mixin.py:188} INFO - [2026-09-18T14:12:52.860+0000] {dag.py:3947} INFO - Setting next_dagrun for meteorisk_pipeline to 2026-09-18 00:00:00+00:00, run_after=2026-09-19 00:00:00+00:00
[2026-09-18T14:12:52.896+0000] {processor.py:183} INFO - Processing /opt/airflow/dags/meteorisk_dag.py took 0.226 seconds
[2026-09-18T14:13:23.066+0000] {processor.py:161} INFO - Started process (PID=3552) to work on /opt/airflow/dags/meteorisk_dag.py
[2026-09-18T14:13:23.068+0000] {processor.py:830} INFO - Processing file /opt/airflow/dags/meteorisk_dag.py for tasks to queue
[2026-09-18T14:13:23.073+0000] {logging_mixin.py:188} INFO - [2026-09-18T14:13:23.072+0000] {dagbag.py:545} INFO - Filling up the DagBag from /opt/airflow/dags/meteorisk_dag.py
[2026-09-18T14:13:23.128+0000] {processor.py:840} INFO - DAG(s) 'meteorisk_pipeline' retrieved from /opt/airflow/dags/meteorisk_dag.py
[2026-09-18T14:13:23.193+0000] {logging_mixin.py:188} INFO - [2026-09-18T14:13:23.193+0000] {dag.py:3089} INFO - Sync 1 DAGs
[2026-09-18T14:13:23.225+0000] {logging_mixin.py:188} INFO - [2026-09-18T14:13:23.224+0000] {dag.py:3947} INFO - Setting next_dagrun for meteorisk_pipeline to 2026-09-18 00:00:00+00:00, run_after=2026-09-19 00:00:00+00:00
[2026-09-18T14:13:23.268+0000] {processor.py:183} INFO - Processing /opt/airflow/dags/meteorisk_dag.py took 0.214 seconds
[2026-09-18T14:13:53.545+0000] {processor.py:161} INFO - Started process (PID=3557) to work on /opt/airflow/dags/meteorisk_dag.py
[2026-09-18T14:13:53.547+0000] {processor.py:830} INFO - Processing file /opt/airflow/dags/meteorisk_dag.py for tasks to queue
[2026-09-18T14:13:53.551+0000] {logging_mixin.py:188} INFO - [2026-09-18T14:13:53.551+0000] {dagbag.py:545} INFO - Filling up the DagBag from /opt/airflow/dags/meteorisk_dag.py
[2026-09-18T14:13:53.588+0000] {processor.py:840} INFO - DAG(s) 'meteorisk_pipeline' retrieved from /opt/airflow/dags/meteorisk_dag.py
[2026-09-18T14:13:53.628+0000] {logging_mixin.py:188} INFO - [2026-09-18T14:13:53.628+0000] {dag.py:3089} INFO - Sync 1 DAGs
[2026-09-18T14:13:53.658+0000] {logging_mixin.py:188} INFO - [2026-09-18T14:13:53.658+0000] {dag.py:3947} INFO - Setting next_dagrun for meteorisk_pipeline to 2026-09-18 00:00:00+00:00, run_after=2026-09-19 00:00:00+00:00
[2026-09-18T14:13:53.687+0000] {processor.py:183} INFO - Processing /opt/airflow/dags/meteorisk_dag.py took 0.150 seconds
[2026-09-18T14:14:23.942+0000] {processor.py:161} INFO - Started process (PID=3562) to work on /opt/airflow/dags/meteorisk_dag.py
[2026-09-18T14:14:23.946+0000] {processor.py:830} INFO - Processing file /opt/airflow/dags/meteorisk_dag.py for tasks to queue
[2026-09-18T14:14:23.953+0000] {logging_mixin.py:188} INFO - [2026-09-18T14:14:23.951+0000] {dagbag.py:545} INFO - Filling up the DagBag from /opt/airflow/dags/meteorisk_dag.py
[2026-09-18T14:14:24.043+0000] {processor.py:840} INFO - DAG(s) 'meteorisk_pipeline' retrieved from /opt/airflow/dags/meteorisk_dag.py
[2026-09-18T14:14:24.095+0000] {logging_mixin.py:188} INFO - [2026-09-18T14:14:24.095+0000] {dag.py:3089} INFO - Sync 1 DAGs
[2026-09-18T14:14:24.125+0000] {logging_mixin.py:188} INFO - [2026-09-18T14:14:24.125+0000] {dag.py:3947} INFO - Setting next_dagrun for meteorisk_pipeline to 2026-09-18 00:00:00+00:00, run_after=2026-09-19 00:00:00+00:00
[2026-09-18T14:14:24.173+0000] {processor.py:183} INFO - Processing /opt/airflow/dags/meteorisk_dag.py took 0.249 seconds
[2026-09-18T14:14:54.319+0000] {processor.py:161} INFO - Started process (PID=3567) to work on /opt/airflow/dags/meteorisk_dag.py
[2026-09-18T14:14:54.322+0000] {processor.py:830} INFO - Processing file /opt/airflow/dags/meteorisk_dag.py for tasks to queue
[2026-09-18T14:14:54.327+0000] {logging_mixin.py:188} INFO - [2026-09-18T14:14:54.326+0000] {dagbag.py:545} INFO - Filling up the DagBag from /opt/airflow/dags/meteorisk_dag.py
[2026-09-18T14:14:54.385+0000] {processor.py:840} INFO - DAG(s) 'meteorisk_pipeline' retrieved from /opt/airflow/dags/meteorisk_dag.py
[2026-09-18T14:14:54.429+0000] {logging_mixin.py:188} INFO - [2026-09-18T14:14:54.429+0000] {dag.py:3089} INFO - Sync 1 DAGs
[2026-09-18T14:14:54.454+0000] {logging_mixin.py:188} INFO - [2026-09-18T14:14:54.454+0000] {dag.py:3947} INFO - Setting next_dagrun for meteorisk_pipeline to 2026-09-18 00:00:00+00:00, run_after=2026-09-19 00:00:00+00:00
[2026-09-18T14:14:54.480+0000] {processor.py:183} INFO - Processing /opt/airflow/dags/meteorisk_dag.py took 0.172 seconds
[2026-09-18T14:15:24.831+0000] {processor.py:161} INFO - Started process (PID=3572) to work on /opt/airflow/dags/meteorisk_dag.py
[2026-09-18T14:15:24.835+0000] {processor.py:830} INFO - Processing file /opt/airflow/dags/meteorisk_dag.py for tasks to queue
[2026-09-18T14:15:24.838+0000] {logging_mixin.py:188} INFO - [2026-09-18T14:15:24.838+0000] {dagbag.py:545} INFO - Filling up the DagBag from /opt/airflow/dags/meteorisk_dag.py
[2026-09-18T14:15:24.907+0000] {processor.py:840} INFO - DAG(s) 'meteorisk_pipeline' retrieved from /opt/airflow/dags/meteorisk_dag.py
[2026-09-18T14:15:24.974+0000] {logging_mixin.py:188} INFO - [2026-09-18T14:15:24.974+0000] {dag.py:3089} INFO - Sync 1 DAGs
[2026-09-18T14:15:25.009+0000] {logging_mixin.py:188} INFO - [2026-09-18T14:15:25.009+0000] {dag.py:3947} INFO - Setting next_dagrun for meteorisk_pipeline to 2026-09-18 00:00:00+00:00, run_after=2026-09-19 00:00:00+00:00
[2026-09-18T14:15:25.045+0000] {processor.py:183} INFO - Processing /opt/airflow/dags/meteorisk_dag.py took 0.226 seconds
[2026-09-18T14:15:55.194+0000] {processor.py:161} INFO - Started process (PID=3577) to work on /opt/airflow/dags/meteorisk_dag.py
[2026-09-18T14:15:55.197+0000] {processor.py:830} INFO - Processing file /opt/airflow/dags/meteorisk_dag.py for tasks to queue
[2026-09-18T14:15:55.202+0000] {logging_mixin.py:188} INFO - [2026-09-18T14:15:55.201+0000] {dagbag.py:545} INFO - Filling up the DagBag from /opt/airflow/dags/meteorisk_dag.py
[2026-09-18T14:15:55.269+0000] {processor.py:840} INFO - DAG(s) 'meteorisk_pipeline' retrieved from /opt/airflow/dags/meteorisk_dag.py
[2026-09-18T14:15:55.341+0000] {logging_mixin.py:188} INFO - [2026-09-18T14:15:55.340+0000] {dag.py:3089} INFO - Sync 1 DAGs
[2026-09-18T14:15:55.372+0000] {logging_mixin.py:188} INFO - [2026-09-18T14:15:55.372+0000] {dag.py:3947} INFO - Setting next_dagrun for meteorisk_pipeline to 2026-09-18 00:00:00+00:00, run_after=2026-09-19 00:00:00+00:00
[2026-09-18T14:15:55.407+0000] {processor.py:183} INFO - Processing /opt/airflow/dags/meteorisk_dag.py took 0.223 seconds
[2026-09-18T14:16:25.885+0000] {processor.py:161} INFO - Started process (PID=3582) to work on /opt/airflow/dags/meteorisk_dag.py
[2026-09-18T14:16:25.888+0000] {processor.py:830} INFO - Processing file /opt/airflow/dags/meteorisk_dag.py for tasks to queue
[2026-09-18T14:16:25.892+0000] {logging_mixin.py:188} INFO - [2026-09-18T14:16:25.891+0000] {dagbag.py:545} INFO - Filling up the DagBag from /opt/airflow/dags/meteorisk_dag.py
[2026-09-18T14:16:25.954+0000] {processor.py:840} INFO - DAG(s) 'meteorisk_pipeline' retrieved from /opt/airflow/dags/meteorisk_dag.py
[2026-09-18T14:16:25.998+0000] {logging_mixin.py:188} INFO - [2026-09-18T14:16:25.998+0000] {dag.py:3089} INFO - Sync 1 DAGs
[2026-09-18T14:16:26.027+0000] {logging_mixin.py:188} INFO - [2026-09-18T14:16:26.027+0000] {dag.py:3947} INFO - Setting next_dagrun for meteorisk_pipeline to 2026-09-18 00:00:00+00:00, run_after=2026-09-19 00:00:00+00:00
[2026-09-18T14:16:26.057+0000] {processor.py:183} INFO - Processing /opt/airflow/dags/meteorisk_dag.py took 0.183 seconds
[2026-09-18T14:16:56.225+0000] {processor.py:161} INFO - Started process (PID=3587) to work on /opt/airflow/dags/meteorisk_dag.py
[2026-09-18T14:16:56.227+0000] {processor.py:830} INFO - Processing file /opt/airflow/dags/meteorisk_dag.py for tasks to queue
[2026-09-18T14:16:56.232+0000] {logging_mixin.py:188} INFO - [2026-09-18T14:16:56.231+0000] {dagbag.py:545} INFO - Filling up the DagBag from /opt/airflow/dags/meteorisk_dag.py
[2026-09-18T14:16:56.299+0000] {processor.py:840} INFO - DAG(s) 'meteorisk_pipeline' retrieved from /opt/airflow/dags/meteorisk_dag.py
[2026-09-18T14:16:56.351+0000] {logging_mixin.py:188} INFO - [2026-09-18T14:16:56.351+0000] {dag.py:3089} INFO - Sync 1 DAGs
[2026-09-18T14:16:56.380+0000] {logging_mixin.py:188} INFO - [2026-09-18T14:16:56.379+0000] {dag.py:3947} INFO - Setting next_dagrun for meteorisk_pipeline to 2026-09-18 00:00:00+00:00, run_after=2026-09-19 00:00:00+00:00
[2026-09-18T14:16:56.412+0000] {processor.py:183} INFO - Processing /opt/airflow/dags/meteorisk_dag.py took 0.200 seconds
[2026-09-18T14:17:26.694+0000] {processor.py:161} INFO - Started process (PID=3592) to work on /opt/airflow/dags/meteorisk_dag.py
[2026-09-18T14:17:26.696+0000] {processor.py:830} INFO - Processing file /opt/airflow/dags/meteorisk_dag.py for tasks to queue
[2026-09-18T14:17:26.700+0000] {logging_mixin.py:188} INFO - [2026-09-18T14:17:26.699+0000] {dagbag.py:545} INFO - Filling up the DagBag from /opt/airflow/dags/meteorisk_dag.py
[2026-09-18T14:17:26.749+0000] {processor.py:840} INFO - DAG(s) 'meteorisk_pipeline' retrieved from /opt/airflow/dags/meteorisk_dag.py
[2026-09-18T14:17:26.825+0000] {logging_mixin.py:188} INFO - [2026-09-18T14:17:26.825+0000] {dag.py:3089} INFO - Sync 1 DAGs
[2026-09-18T14:17:26.862+0000] {logging_mixin.py:188} INFO - [2026-09-18T14:17:26.862+0000] {dag.py:3947} INFO - Setting next_dagrun for meteorisk_pipeline to 2026-09-18 00:00:00+00:00, run_after=2026-09-19 00:00:00+00:00
[2026-09-18T14:17:26.895+0000] {processor.py:183} INFO - Processing /opt/airflow/dags/meteorisk_dag.py took 0.207 seconds
[2026-09-18T14:17:57.049+0000] {processor.py:161} INFO - Started process (PID=3597) to work on /opt/airflow/dags/meteorisk_dag.py
[2026-09-18T14:17:57.051+0000] {processor.py:830} INFO - Processing file /opt/airflow/dags/meteorisk_dag.py for tasks to queue
[2026-09-18T14:17:57.056+0000] {logging_mixin.py:188} INFO - [2026-09-18T14:17:57.055+0000] {dagbag.py:545} INFO - Filling up the DagBag from /opt/airflow/dags/meteorisk_dag.py
[2026-09-18T14:17:57.109+0000] {processor.py:840} INFO - DAG(s) 'meteorisk_pipeline' retrieved from /opt/airflow/dags/meteorisk_dag.py
[2026-09-18T14:17:57.146+0000] {logging_mixin.py:188} INFO - [2026-09-18T14:17:57.146+0000] {dag.py:3089} INFO - Sync 1 DAGs
[2026-09-18T14:17:57.171+0000] {logging_mixin.py:188} INFO - [2026-09-18T14:17:57.171+0000] {dag.py:3947} INFO - Setting next_dagrun for meteorisk_pipeline to 2026-09-18 00:00:00+00:00, run_after=2026-09-19 00:00:00+00:00
[2026-09-18T14:17:57.197+0000] {processor.py:183} INFO - Processing /opt/airflow/dags/meteorisk_dag.py took 0.153 seconds
[2026-09-18T14:18:27.545+0000] {processor.py:161} INFO - Started process (PID=3602) to work on /opt/airflow/dags/meteorisk_dag.py
[2026-09-18T14:18:27.547+0000] {processor.py:830} INFO - Processing file /opt/airflow/dags/meteorisk_dag.py for tasks to queue
[2026-09-18T14:18:27.551+0000] {logging_mixin.py:188} INFO - [2026-09-18T14:18:27.551+0000] {dagbag.py:545} INFO - Filling up the DagBag from /opt/airflow/dags/meteorisk_dag.py
[2026-09-18T14:18:27.612+0000] {processor.py:840} INFO - DAG(s) 'meteorisk_pipeline' retrieved from /opt/airflow/dags/meteorisk_dag.py
[2026-09-18T14:18:27.655+0000] {logging_mixin.py:188} INFO - [2026-09-18T14:18:27.655+0000] {dag.py:3089} INFO - Sync 1 DAGs
[2026-09-18T14:18:27.685+0000] {logging_mixin.py:188} INFO - [2026-09-18T14:18:27.684+0000] {dag.py:3947} INFO - Setting next_dagrun for meteorisk_pipeline to 2026-09-18 00:00:00+00:00, run_after=2026-09-19 00:00:00+00:00
[2026-09-18T14:18:27.733+0000] {processor.py:183} INFO - Processing /opt/airflow/dags/meteorisk_dag.py took 0.199 seconds
[2026-09-18T14:18:57.848+0000] {processor.py:161} INFO - Started process (PID=3607) to work on /opt/airflow/dags/meteorisk_dag.py
[2026-09-18T14:18:57.850+0000] {processor.py:830} INFO - Processing file /opt/airflow/dags/meteorisk_dag.py for tasks to queue
[2026-09-18T14:18:57.854+0000] {logging_mixin.py:188} INFO - [2026-09-18T14:18:57.854+0000] {dagbag.py:545} INFO - Filling up the DagBag from /opt/airflow/dags/meteorisk_dag.py
[2026-09-18T14:18:57.904+0000] {processor.py:840} INFO - DAG(s) 'meteorisk_pipeline' retrieved from /opt/airflow/dags/meteorisk_dag.py
[2026-09-18T14:18:57.940+0000] {logging_mixin.py:188} INFO - [2026-09-18T14:18:57.939+0000] {dag.py:3089} INFO - Sync 1 DAGs
[2026-09-18T14:18:57.965+0000] {logging_mixin.py:188} INFO - [2026-09-18T14:18:57.964+0000] {dag.py:3947} INFO - Setting next_dagrun for meteorisk_pipeline to 2026-09-18 00:00:00+00:00, run_after=2026-09-19 00:00:00+00:00
[2026-09-18T14:18:57.994+0000] {processor.py:183} INFO - Processing /opt/airflow/dags/meteorisk_dag.py took 0.159 seconds
[2026-09-18T14:19:28.180+0000] {processor.py:161} INFO - Started process (PID=3612) to work on /opt/airflow/dags/meteorisk_dag.py
[2026-09-18T14:19:28.181+0000] {processor.py:830} INFO - Processing file /opt/airflow/dags/meteorisk_dag.py for tasks to queue
[2026-09-18T14:19:28.185+0000] {logging_mixin.py:188} INFO - [2026-09-18T14:19:28.184+0000] {dagbag.py:545} INFO - Filling up the DagBag from /opt/airflow/dags/meteorisk_dag.py
[2026-09-18T14:19:28.229+0000] {processor.py:840} INFO - DAG(s) 'meteorisk_pipeline' retrieved from /opt/airflow/dags/meteorisk_dag.py
[2026-09-18T14:19:28.293+0000] {logging_mixin.py:188} INFO - [2026-09-18T14:19:28.292+0000] {dag.py:3089} INFO - Sync 1 DAGs
[2026-09-18T14:19:28.332+0000] {logging_mixin.py:188} INFO - [2026-09-18T14:19:28.332+0000] {dag.py:3947} INFO - Setting next_dagrun for meteorisk_pipeline to 2026-09-18 00:00:00+00:00, run_after=2026-09-19 00:00:00+00:00
[2026-09-18T14:19:28.376+0000] {processor.py:183} INFO - Processing /opt/airflow/dags/meteorisk_dag.py took 0.206 seconds
[2026-09-18T14:19:58.702+0000] {processor.py:161} INFO - Started process (PID=3617) to work on /opt/airflow/dags/meteorisk_dag.py
[2026-09-18T14:19:58.703+0000] {processor.py:830} INFO - Processing file /opt/airflow/dags/meteorisk_dag.py for tasks to queue
[2026-09-18T14:19:58.710+0000] {logging_mixin.py:188} INFO - [2026-09-18T14:19:58.709+0000] {dagbag.py:545} INFO - Filling up the DagBag from /opt/airflow/dags/meteorisk_dag.py
[2026-09-18T14:19:58.768+0000] {processor.py:840} INFO - DAG(s) 'meteorisk_pipeline' retrieved from /opt/airflow/dags/meteorisk_dag.py
[2026-09-18T14:19:58.825+0000] {logging_mixin.py:188} INFO - [2026-09-18T14:19:58.824+0000] {dag.py:3089} INFO - Sync 1 DAGs
[2026-09-18T14:19:58.862+0000] {logging_mixin.py:188} INFO - [2026-09-18T14:19:58.861+0000] {dag.py:3947} INFO - Setting next_dagrun for meteorisk_pipeline to 2026-09-18 00:00:00+00:00, run_after=2026-09-19 00:00:00+00:00
[2026-09-18T14:19:58.896+0000] {processor.py:183} INFO - Processing /opt/airflow/dags/meteorisk_dag.py took 0.201 seconds
[2026-09-18T14:20:29.077+0000] {processor.py:161} INFO - Started process (PID=3622) to work on /opt/airflow/dags/meteorisk_dag.py
[2026-09-18T14:20:29.078+0000] {processor.py:830} INFO - Processing file /opt/airflow/dags/meteorisk_dag.py for tasks to queue
[2026-09-18T14:20:29.082+0000] {logging_mixin.py:188} INFO - [2026-09-18T14:20:29.082+0000] {dagbag.py:545} INFO - Filling up the DagBag from /opt/airflow/dags/meteorisk_dag.py
[2026-09-18T14:20:29.122+0000] {processor.py:840} INFO - DAG(s) 'meteorisk_pipeline' retrieved from /opt/airflow/dags/meteorisk_dag.py
[2026-09-18T14:20:29.200+0000] {logging_mixin.py:188} INFO - [2026-09-18T14:20:29.199+0000] {dag.py:3089} INFO - Sync 1 DAGs
[2026-09-18T14:20:29.238+0000] {logging_mixin.py:188} INFO - [2026-09-18T14:20:29.237+0000] {dag.py:3947} INFO - Setting next_dagrun for meteorisk_pipeline to 2026-09-18 00:00:00+00:00, run_after=2026-09-19 00:00:00+00:00
[2026-09-18T14:20:29.285+0000] {processor.py:183} INFO - Processing /opt/airflow/dags/meteorisk_dag.py took 0.218 seconds
[2026-09-18T14:20:59.651+0000] {processor.py:161} INFO - Started process (PID=3627) to work on /opt/airflow/dags/meteorisk_dag.py
[2026-09-18T14:20:59.653+0000] {processor.py:830} INFO - Processing file /opt/airflow/dags/meteorisk_dag.py for tasks to queue
[2026-09-18T14:20:59.656+0000] {logging_mixin.py:188} INFO - [2026-09-18T14:20:59.656+0000] {dagbag.py:545} INFO - Filling up the DagBag from /opt/airflow/dags/meteorisk_dag.py
[2026-09-18T14:20:59.703+0000] {processor.py:840} INFO - DAG(s) 'meteorisk_pipeline' retrieved from /opt/airflow/dags/meteorisk_dag.py
[2026-09-18T14:20:59.747+0000] {logging_mixin.py:188} INFO - [2026-09-18T14:20:59.747+0000] {dag.py:3089} INFO - Sync 1 DAGs
[2026-09-18T14:20:59.771+0000] {logging_mixin.py:188} INFO - [2026-09-18T14:20:59.771+0000] {dag.py:3947} INFO - Setting next_dagrun for meteorisk_pipeline to 2026-09-18 00:00:00+00:00, run_after=2026-09-19 00:00:00+00:00
[2026-09-18T14:20:59.804+0000] {processor.py:183} INFO - Processing /opt/airflow/dags/meteorisk_dag.py took 0.161 seconds
[2026-09-18T14:21:30.172+0000] {processor.py:161} INFO - Started process (PID=3632) to work on /opt/airflow/dags/meteorisk_dag.py
[2026-09-18T14:21:30.174+0000] {processor.py:830} INFO - Processing file /opt/airflow/dags/meteorisk_dag.py for tasks to queue
[2026-09-18T14:21:30.179+0000] {logging_mixin.py:188} INFO - [2026-09-18T14:21:30.179+0000] {dagbag.py:545} INFO - Filling up the DagBag from /opt/airflow/dags/meteorisk_dag.py
[2026-09-18T14:21:30.232+0000] {processor.py:840} INFO - DAG(s) 'meteorisk_pipeline' retrieved from /opt/airflow/dags/meteorisk_dag.py
[2026-09-18T14:21:30.286+0000] {logging_mixin.py:188} INFO - [2026-09-18T14:21:30.286+0000] {dag.py:3089} INFO - Sync 1 DAGs
[2026-09-18T14:21:30.323+0000] {logging_mixin.py:188} INFO - [2026-09-18T14:21:30.323+0000] {dag.py:3947} INFO - Setting next_dagrun for meteorisk_pipeline to 2026-09-18 00:00:00+00:00, run_after=2026-09-19 00:00:00+00:00
[2026-09-18T14:21:30.354+0000] {processor.py:183} INFO - Processing /opt/airflow/dags/meteorisk_dag.py took 0.192 seconds
[2026-09-18T14:22:00.595+0000] {processor.py:161} INFO - Started process (PID=3637) to work on /opt/airflow/dags/meteorisk_dag.py
[2026-09-18T14:22:00.597+0000] {processor.py:830} INFO - Processing file /opt/airflow/dags/meteorisk_dag.py for tasks to queue
[2026-09-18T14:22:00.602+0000] {logging_mixin.py:188} INFO - [2026-09-18T14:22:00.602+0000] {dagbag.py:545} INFO - Filling up the DagBag from /opt/airflow/dags/meteorisk_dag.py
[2026-09-18T14:22:00.694+0000] {processor.py:840} INFO - DAG(s) 'meteorisk_pipeline' retrieved from /opt/airflow/dags/meteorisk_dag.py
[2026-09-18T14:22:00.765+0000] {logging_mixin.py:188} INFO - [2026-09-18T14:22:00.765+0000] {dag.py:3089} INFO - Sync 1 DAGs
[2026-09-18T14:22:00.802+0000] {logging_mixin.py:188} INFO - [2026-09-18T14:22:00.801+0000] {dag.py:3947} INFO - Setting next_dagrun for meteorisk_pipeline to 2026-09-18 00:00:00+00:00, run_after=2026-09-19 00:00:00+00:00
[2026-09-18T14:22:00.839+0000] {processor.py:183} INFO - Processing /opt/airflow/dags/meteorisk_dag.py took 0.257 seconds
[2026-09-18T14:22:31.087+0000] {processor.py:161} INFO - Started process (PID=3642) to work on /opt/airflow/dags/meteorisk_dag.py
[2026-09-18T14:22:31.089+0000] {processor.py:830} INFO - Processing file /opt/airflow/dags/meteorisk_dag.py for tasks to queue
[2026-09-18T14:22:31.093+0000] {logging_mixin.py:188} INFO - [2026-09-18T14:22:31.092+0000] {dagbag.py:545} INFO - Filling up the DagBag from /opt/airflow/dags/meteorisk_dag.py
[2026-09-18T14:22:31.139+0000] {processor.py:840} INFO - DAG(s) 'meteorisk_pipeline' retrieved from /opt/airflow/dags/meteorisk_dag.py
[2026-09-18T14:22:31.182+0000] {logging_mixin.py:188} INFO - [2026-09-18T14:22:31.181+0000] {dag.py:3089} INFO - Sync 1 DAGs
[2026-09-18T14:22:31.210+0000] {logging_mixin.py:188} INFO - [2026-09-18T14:22:31.209+0000] {dag.py:3947} INFO - Setting next_dagrun for meteorisk_pipeline to 2026-09-18 00:00:00+00:00, run_after=2026-09-19 00:00:00+00:00
[2026-09-18T14:22:31.239+0000] {processor.py:183} INFO - Processing /opt/airflow/dags/meteorisk_dag.py took 0.161 seconds
[2026-09-18T14:23:01.532+0000] {processor.py:161} INFO - Started process (PID=3647) to work on /opt/airflow/dags/meteorisk_dag.py
[2026-09-18T14:23:01.535+0000] {processor.py:830} INFO - Processing file /opt/airflow/dags/meteorisk_dag.py for tasks to queue
[2026-09-18T14:23:01.539+0000] {logging_mixin.py:188} INFO - [2026-09-18T14:23:01.539+0000] {dagbag.py:545} INFO - Filling up the DagBag from /opt/airflow/dags/meteorisk_dag.py
[2026-09-18T14:23:01.591+0000] {processor.py:840} INFO - DAG(s) 'meteorisk_pipeline' retrieved from /opt/airflow/dags/meteorisk_dag.py
[2026-09-18T14:23:01.634+0000] {logging_mixin.py:188} INFO - [2026-09-18T14:23:01.633+0000] {dag.py:3089} INFO - Sync 1 DAGs
[2026-09-18T14:23:01.663+0000] {logging_mixin.py:188} INFO - [2026-09-18T14:23:01.663+0000] {dag.py:3947} INFO - Setting next_dagrun for meteorisk_pipeline to 2026-09-18 00:00:00+00:00, run_after=2026-09-19 00:00:00+00:00
[2026-09-18T14:23:01.690+0000] {processor.py:183} INFO - Processing /opt/airflow/dags/meteorisk_dag.py took 0.169 seconds
[2026-09-18T14:23:31.967+0000] {processor.py:161} INFO - Started process (PID=3652) to work on /opt/airflow/dags/meteorisk_dag.py
[2026-09-18T14:23:31.972+0000] {processor.py:830} INFO - Processing file /opt/airflow/dags/meteorisk_dag.py for tasks to queue
[2026-09-18T14:23:31.978+0000] {logging_mixin.py:188} INFO - [2026-09-18T14:23:31.976+0000] {dagbag.py:545} INFO - Filling up the DagBag from /opt/airflow/dags/meteorisk_dag.py
[2026-09-18T14:23:32.036+0000] {processor.py:840} INFO - DAG(s) 'meteorisk_pipeline' retrieved from /opt/airflow/dags/meteorisk_dag.py
[2026-09-18T14:23:32.085+0000] {logging_mixin.py:188} INFO - [2026-09-18T14:23:32.085+0000] {dag.py:3089} INFO - Sync 1 DAGs
[2026-09-18T14:23:32.127+0000] {logging_mixin.py:188} INFO - [2026-09-18T14:23:32.127+0000] {dag.py:3947} INFO - Setting next_dagrun for meteorisk_pipeline to 2026-09-18 00:00:00+00:00, run_after=2026-09-19 00:00:00+00:00
[2026-09-18T14:23:32.156+0000] {processor.py:183} INFO - Processing /opt/airflow/dags/meteorisk_dag.py took 0.208 seconds
[2026-09-18T14:24:02.445+0000] {processor.py:161} INFO - Started process (PID=3657) to work on /opt/airflow/dags/meteorisk_dag.py
[2026-09-18T14:24:02.446+0000] {processor.py:830} INFO - Processing file /opt/airflow/dags/meteorisk_dag.py for tasks to queue
[2026-09-18T14:24:02.448+0000] {logging_mixin.py:188} INFO - [2026-09-18T14:24:02.448+0000] {dagbag.py:545} INFO - Filling up the DagBag from /opt/airflow/dags/meteorisk_dag.py
[2026-09-18T14:24:02.501+0000] {processor.py:840} INFO - DAG(s) 'meteorisk_pipeline' retrieved from /opt/airflow/dags/meteorisk_dag.py
[2026-09-18T14:24:02.549+0000] {logging_mixin.py:188} INFO - [2026-09-18T14:24:02.549+0000] {dag.py:3089} INFO - Sync 1 DAGs
[2026-09-18T14:24:02.578+0000] {logging_mixin.py:188} INFO - [2026-09-18T14:24:02.578+0000] {dag.py:3947} INFO - Setting next_dagrun for meteorisk_pipeline to 2026-09-18 00:00:00+00:00, run_after=2026-09-19 00:00:00+00:00
[2026-09-18T14:24:02.610+0000] {processor.py:183} INFO - Processing /opt/airflow/dags/meteorisk_dag.py took 0.194 seconds
[2026-09-18T14:24:32.921+0000] {processor.py:161} INFO - Started process (PID=3662) to work on /opt/airflow/dags/meteorisk_dag.py
[2026-09-18T14:24:32.924+0000] {processor.py:830} INFO - Processing file /opt/airflow/dags/meteorisk_dag.py for tasks to queue
[2026-09-18T14:24:32.927+0000] {logging_mixin.py:188} INFO - [2026-09-18T14:24:32.926+0000] {dagbag.py:545} INFO - Filling up the DagBag from /opt/airflow/dags/meteorisk_dag.py
[2026-09-18T14:24:32.996+0000] {processor.py:840} INFO - DAG(s) 'meteorisk_pipeline' retrieved from /opt/airflow/dags/meteorisk_dag.py
[2026-09-18T14:24:33.033+0000] {logging_mixin.py:188} INFO - [2026-09-18T14:24:33.032+0000] {dag.py:3089} INFO - Sync 1 DAGs
[2026-09-18T14:24:33.057+0000] {logging_mixin.py:188} INFO - [2026-09-18T14:24:33.057+0000] {dag.py:3947} INFO - Setting next_dagrun for meteorisk_pipeline to 2026-09-18 00:00:00+00:00, run_after=2026-09-19 00:00:00+00:00
[2026-09-18T14:24:33.089+0000] {processor.py:183} INFO - Processing /opt/airflow/dags/meteorisk_dag.py took 0.180 seconds
[2026-09-18T14:25:03.345+0000] {processor.py:161} INFO - Started process (PID=3667) to work on /opt/airflow/dags/meteorisk_dag.py
[2026-09-18T14:25:03.347+0000] {processor.py:830} INFO - Processing file /opt/airflow/dags/meteorisk_dag.py for tasks to queue
[2026-09-18T14:25:03.351+0000] {logging_mixin.py:188} INFO - [2026-09-18T14:25:03.350+0000] {dagbag.py:545} INFO - Filling up the DagBag from /opt/airflow/dags/meteorisk_dag.py
[2026-09-18T14:25:03.397+0000] {processor.py:840} INFO - DAG(s) 'meteorisk_pipeline' retrieved from /opt/airflow/dags/meteorisk_dag.py
[2026-09-18T14:25:03.440+0000] {logging_mixin.py:188} INFO - [2026-09-18T14:25:03.440+0000] {dag.py:3089} INFO - Sync 1 DAGs
[2026-09-18T14:25:03.471+0000] {logging_mixin.py:188} INFO - [2026-09-18T14:25:03.471+0000] {dag.py:3947} INFO - Setting next_dagrun for meteorisk_pipeline to 2026-09-18 00:00:00+00:00, run_after=2026-09-19 00:00:00+00:00
[2026-09-18T14:25:03.505+0000] {processor.py:183} INFO - Processing /opt/airflow/dags/meteorisk_dag.py took 0.171 seconds
[2026-09-18T14:25:33.807+0000] {processor.py:161} INFO - Started process (PID=3672) to work on /opt/airflow/dags/meteorisk_dag.py
[2026-09-18T14:25:33.812+0000] {processor.py:830} INFO - Processing file /opt/airflow/dags/meteorisk_dag.py for tasks to queue
[2026-09-18T14:25:33.818+0000] {logging_mixin.py:188} INFO - [2026-09-18T14:25:33.817+0000] {dagbag.py:545} INFO - Filling up the DagBag from /opt/airflow/dags/meteorisk_dag.py
[2026-09-18T14:25:33.887+0000] {processor.py:840} INFO - DAG(s) 'meteorisk_pipeline' retrieved from /opt/airflow/dags/meteorisk_dag.py
[2026-09-18T14:25:33.955+0000] {logging_mixin.py:188} INFO - [2026-09-18T14:25:33.955+0000] {dag.py:3089} INFO - Sync 1 DAGs
[2026-09-18T14:25:33.985+0000] {logging_mixin.py:188} INFO - [2026-09-18T14:25:33.985+0000] {dag.py:3947} INFO - Setting next_dagrun for meteorisk_pipeline to 2026-09-18 00:00:00+00:00, run_after=2026-09-19 00:00:00+00:00
[2026-09-18T14:25:34.013+0000] {processor.py:183} INFO - Processing /opt/airflow/dags/meteorisk_dag.py took 0.225 seconds
[2026-09-18T14:26:04.311+0000] {processor.py:161} INFO - Started process (PID=3677) to work on /opt/airflow/dags/meteorisk_dag.py
[2026-09-18T14:26:04.493+0000] {processor.py:830} INFO - Processing file /opt/airflow/dags/meteorisk_dag.py for tasks to queue
[2026-09-18T14:26:04.504+0000] {logging_mixin.py:188} INFO - [2026-09-18T14:26:04.503+0000] {dagbag.py:545} INFO - Filling up the DagBag from /opt/airflow/dags/meteorisk_dag.py
[2026-09-18T14:26:04.706+0000] {processor.py:840} INFO - DAG(s) 'meteorisk_pipeline' retrieved from /opt/airflow/dags/meteorisk_dag.py
[2026-09-18T14:26:04.825+0000] {logging_mixin.py:188} INFO - [2026-09-18T14:26:04.824+0000] {dag.py:3089} INFO - Sync 1 DAGs
[2026-09-18T14:26:04.878+0000] {logging_mixin.py:188} INFO - [2026-09-18T14:26:04.878+0000] {dag.py:3947} INFO - Setting next_dagrun for meteorisk_pipeline to 2026-09-18 00:00:00+00:00, run_after=2026-09-19 00:00:00+00:00
[2026-09-18T14:26:04.920+0000] {processor.py:183} INFO - Processing /opt/airflow/dags/meteorisk_dag.py took 0.637 seconds
[2026-09-18T14:26:35.382+0000] {processor.py:161} INFO - Started process (PID=3682) to work on /opt/airflow/dags/meteorisk_dag.py
[2026-09-18T14:26:35.384+0000] {processor.py:830} INFO - Processing file /opt/airflow/dags/meteorisk_dag.py for tasks to queue
[2026-09-18T14:26:35.390+0000] {logging_mixin.py:188} INFO - [2026-09-18T14:26:35.389+0000] {dagbag.py:545} INFO - Filling up the DagBag from /opt/airflow/dags/meteorisk_dag.py
[2026-09-18T14:26:35.428+0000] {processor.py:840} INFO - DAG(s) 'meteorisk_pipeline' retrieved from /opt/airflow/dags/meteorisk_dag.py
[2026-09-18T14:26:35.481+0000] {logging_mixin.py:188} INFO - [2026-09-18T14:26:35.481+0000] {dag.py:3089} INFO - Sync 1 DAGs
[2026-09-18T14:26:35.512+0000] {logging_mixin.py:188} INFO - [2026-09-18T14:26:35.512+0000] {dag.py:3947} INFO - Setting next_dagrun for meteorisk_pipeline to 2026-09-18 00:00:00+00:00, run_after=2026-09-19 00:00:00+00:00
[2026-09-18T14:26:35.562+0000] {processor.py:183} INFO - Processing /opt/airflow/dags/meteorisk_dag.py took 0.187 seconds
[2026-09-18T14:27:05.648+0000] {processor.py:161} INFO - Started process (PID=3687) to work on /opt/airflow/dags/meteorisk_dag.py
[2026-09-18T14:27:05.649+0000] {processor.py:830} INFO - Processing file /opt/airflow/dags/meteorisk_dag.py for tasks to queue
[2026-09-18T14:27:05.652+0000] {logging_mixin.py:188} INFO - [2026-09-18T14:27:05.652+0000] {dagbag.py:545} INFO - Filling up the DagBag from /opt/airflow/dags/meteorisk_dag.py
[2026-09-18T14:27:05.692+0000] {processor.py:840} INFO - DAG(s) 'meteorisk_pipeline' retrieved from /opt/airflow/dags/meteorisk_dag.py
[2026-09-18T14:27:05.735+0000] {logging_mixin.py:188} INFO - [2026-09-18T14:27:05.735+0000] {dag.py:3089} INFO - Sync 1 DAGs
[2026-09-18T14:27:05.765+0000] {logging_mixin.py:188} INFO - [2026-09-18T14:27:05.765+0000] {dag.py:3947} INFO - Setting next_dagrun for meteorisk_pipeline to 2026-09-18 00:00:00+00:00, run_after=2026-09-19 00:00:00+00:00
[2026-09-18T14:27:05.795+0000] {processor.py:183} INFO - Processing /opt/airflow/dags/meteorisk_dag.py took 0.155 seconds
[2026-09-18T14:27:36.093+0000] {processor.py:161} INFO - Started process (PID=3692) to work on /opt/airflow/dags/meteorisk_dag.py
[2026-09-18T14:27:36.095+0000] {processor.py:830} INFO - Processing file /opt/airflow/dags/meteorisk_dag.py for tasks to queue
[2026-09-18T14:27:36.097+0000] {logging_mixin.py:188} INFO - [2026-09-18T14:27:36.097+0000] {dagbag.py:545} INFO - Filling up the DagBag from /opt/airflow/dags/meteorisk_dag.py
[2026-09-18T14:27:36.133+0000] {processor.py:840} INFO - DAG(s) 'meteorisk_pipeline' retrieved from /opt/airflow/dags/meteorisk_dag.py
[2026-09-18T14:27:36.174+0000] {logging_mixin.py:188} INFO - [2026-09-18T14:27:36.174+0000] {dag.py:3089} INFO - Sync 1 DAGs
[2026-09-18T14:27:36.204+0000] {logging_mixin.py:188} INFO - [2026-09-18T14:27:36.203+0000] {dag.py:3947} INFO - Setting next_dagrun for meteorisk_pipeline to 2026-09-18 00:00:00+00:00, run_after=2026-09-19 00:00:00+00:00
[2026-09-18T14:27:36.232+0000] {processor.py:183} INFO - Processing /opt/airflow/dags/meteorisk_dag.py took 0.146 seconds
[2026-09-18T14:28:06.345+0000] {processor.py:161} INFO - Started process (PID=3697) to work on /opt/airflow/dags/meteorisk_dag.py
[2026-09-18T14:28:06.346+0000] {processor.py:830} INFO - Processing file /opt/airflow/dags/meteorisk_dag.py for tasks to queue
[2026-09-18T14:28:06.351+0000] {logging_mixin.py:188} INFO - [2026-09-18T14:28:06.350+0000] {dagbag.py:545} INFO - Filling up the DagBag from /opt/airflow/dags/meteorisk_dag.py
[2026-09-18T14:28:06.387+0000] {processor.py:840} INFO - DAG(s) 'meteorisk_pipeline' retrieved from /opt/airflow/dags/meteorisk_dag.py
[2026-09-18T14:28:06.444+0000] {logging_mixin.py:188} INFO - [2026-09-18T14:28:06.444+0000] {dag.py:3089} INFO - Sync 1 DAGs
[2026-09-18T14:28:06.478+0000] {logging_mixin.py:188} INFO - [2026-09-18T14:28:06.477+0000] {dag.py:3947} INFO - Setting next_dagrun for meteorisk_pipeline to 2026-09-18 00:00:00+00:00, run_after=2026-09-19 00:00:00+00:00
[2026-09-18T14:28:06.510+0000] {processor.py:183} INFO - Processing /opt/airflow/dags/meteorisk_dag.py took 0.173 seconds
[2026-09-18T14:28:36.739+0000] {processor.py:161} INFO - Started process (PID=3702) to work on /opt/airflow/dags/meteorisk_dag.py
[2026-09-18T14:28:36.741+0000] {processor.py:830} INFO - Processing file /opt/airflow/dags/meteorisk_dag.py for tasks to queue
[2026-09-18T14:28:36.744+0000] {logging_mixin.py:188} INFO - [2026-09-18T14:28:36.744+0000] {dagbag.py:545} INFO - Filling up the DagBag from /opt/airflow/dags/meteorisk_dag.py
[2026-09-18T14:28:36.779+0000] {processor.py:840} INFO - DAG(s) 'meteorisk_pipeline' retrieved from /opt/airflow/dags/meteorisk_dag.py
[2026-09-18T14:28:36.821+0000] {logging_mixin.py:188} INFO - [2026-09-18T14:28:36.820+0000] {dag.py:3089} INFO - Sync 1 DAGs
[2026-09-18T14:28:36.853+0000] {logging_mixin.py:188} INFO - [2026-09-18T14:28:36.853+0000] {dag.py:3947} INFO - Setting next_dagrun for meteorisk_pipeline to 2026-09-18 00:00:00+00:00, run_after=2026-09-19 00:00:00+00:00
[2026-09-18T14:28:36.888+0000] {processor.py:183} INFO - Processing /opt/airflow/dags/meteorisk_dag.py took 0.156 seconds
[2026-09-18T14:29:07.055+0000] {processor.py:161} INFO - Started process (PID=3707) to work on /opt/airflow/dags/meteorisk_dag.py
[2026-09-18T14:29:07.057+0000] {processor.py:830} INFO - Processing file /opt/airflow/dags/meteorisk_dag.py for tasks to queue
[2026-09-18T14:29:07.061+0000] {logging_mixin.py:188} INFO - [2026-09-18T14:29:07.061+0000] {dagbag.py:545} INFO - Filling up the DagBag from /opt/airflow/dags/meteorisk_dag.py
[2026-09-18T14:29:07.099+0000] {processor.py:840} INFO - DAG(s) 'meteorisk_pipeline' retrieved from /opt/airflow/dags/meteorisk_dag.py
[2026-09-18T14:29:07.145+0000] {logging_mixin.py:188} INFO - [2026-09-18T14:29:07.145+0000] {dag.py:3089} INFO - Sync 1 DAGs
[2026-09-18T14:29:07.175+0000] {logging_mixin.py:188} INFO - [2026-09-18T14:29:07.175+0000] {dag.py:3947} INFO - Setting next_dagrun for meteorisk_pipeline to 2026-09-18 00:00:00+00:00, run_after=2026-09-19 00:00:00+00:00
[2026-09-18T14:29:07.204+0000] {processor.py:183} INFO - Processing /opt/airflow/dags/meteorisk_dag.py took 0.158 seconds
[2026-09-18T14:29:37.372+0000] {processor.py:161} INFO - Started process (PID=3712) to work on /opt/airflow/dags/meteorisk_dag.py
[2026-09-18T14:29:37.374+0000] {processor.py:830} INFO - Processing file /opt/airflow/dags/meteorisk_dag.py for tasks to queue
[2026-09-18T14:29:37.376+0000] {logging_mixin.py:188} INFO - [2026-09-18T14:29:37.376+0000] {dagbag.py:545} INFO - Filling up the DagBag from /opt/airflow/dags/meteorisk_dag.py
[2026-09-18T14:29:37.411+0000] {processor.py:840} INFO - DAG(s) 'meteorisk_pipeline' retrieved from /opt/airflow/dags/meteorisk_dag.py
[2026-09-18T14:29:37.456+0000] {logging_mixin.py:188} INFO - [2026-09-18T14:29:37.456+0000] {dag.py:3089} INFO - Sync 1 DAGs
[2026-09-18T14:29:37.485+0000] {logging_mixin.py:188} INFO - [2026-09-18T14:29:37.485+0000] {dag.py:3947} INFO - Setting next_dagrun for meteorisk_pipeline to 2026-09-18 00:00:00+00:00, run_after=2026-09-19 00:00:00+00:00
[2026-09-18T14:29:37.517+0000] {processor.py:183} INFO - Processing /opt/airflow/dags/meteorisk_dag.py took 0.153 seconds
[2026-09-18T14:30:07.691+0000] {processor.py:161} INFO - Started process (PID=3717) to work on /opt/airflow/dags/meteorisk_dag.py
[2026-09-18T14:30:07.693+0000] {processor.py:830} INFO - Processing file /opt/airflow/dags/meteorisk_dag.py for tasks to queue
[2026-09-18T14:30:07.696+0000] {logging_mixin.py:188} INFO - [2026-09-18T14:30:07.696+0000] {dagbag.py:545} INFO - Filling up the DagBag from /opt/airflow/dags/meteorisk_dag.py
[2026-09-18T14:30:07.727+0000] {processor.py:840} INFO - DAG(s) 'meteorisk_pipeline' retrieved from /opt/airflow/dags/meteorisk_dag.py
[2026-09-18T14:30:07.775+0000] {logging_mixin.py:188} INFO - [2026-09-18T14:30:07.775+0000] {dag.py:3089} INFO - Sync 1 DAGs
[2026-09-18T14:30:07.806+0000] {logging_mixin.py:188} INFO - [2026-09-18T14:30:07.806+0000] {dag.py:3947} INFO - Setting next_dagrun for meteorisk_pipeline to 2026-09-18 00:00:00+00:00, run_after=2026-09-19 00:00:00+00:00
[2026-09-18T14:30:07.839+0000] {processor.py:183} INFO - Processing /opt/airflow/dags/meteorisk_dag.py took 0.154 seconds
[2026-09-18T14:30:37.990+0000] {processor.py:161} INFO - Started process (PID=3722) to work on /opt/airflow/dags/meteorisk_dag.py
[2026-09-18T14:30:37.992+0000] {processor.py:830} INFO - Processing file /opt/airflow/dags/meteorisk_dag.py for tasks to queue
[2026-09-18T14:30:37.996+0000] {logging_mixin.py:188} INFO - [2026-09-18T14:30:37.996+0000] {dagbag.py:545} INFO - Filling up the DagBag from /opt/airflow/dags/meteorisk_dag.py
[2026-09-18T14:30:38.027+0000] {processor.py:840} INFO - DAG(s) 'meteorisk_pipeline' retrieved from /opt/airflow/dags/meteorisk_dag.py
[2026-09-18T14:30:38.069+0000] {logging_mixin.py:188} INFO - [2026-09-18T14:30:38.069+0000] {dag.py:3089} INFO - Sync 1 DAGs
[2026-09-18T14:30:38.108+0000] {logging_mixin.py:188} INFO - [2026-09-18T14:30:38.108+0000] {dag.py:3947} INFO - Setting next_dagrun for meteorisk_pipeline to 2026-09-18 00:00:00+00:00, run_after=2026-09-19 00:00:00+00:00
[2026-09-18T14:30:38.151+0000] {processor.py:183} INFO - Processing /opt/airflow/dags/meteorisk_dag.py took 0.169 seconds
[2026-09-18T14:31:08.322+0000] {processor.py:161} INFO - Started process (PID=3727) to work on /opt/airflow/dags/meteorisk_dag.py
[2026-09-18T14:31:08.324+0000] {processor.py:830} INFO - Processing file /opt/airflow/dags/meteorisk_dag.py for tasks to queue
[2026-09-18T14:31:08.327+0000] {logging_mixin.py:188} INFO - [2026-09-18T14:31:08.327+0000] {dagbag.py:545} INFO - Filling up the DagBag from /opt/airflow/dags/meteorisk_dag.py
[2026-09-18T14:31:08.374+0000] {processor.py:840} INFO - DAG(s) 'meteorisk_pipeline' retrieved from /opt/airflow/dags/meteorisk_dag.py
[2026-09-18T14:31:08.428+0000] {logging_mixin.py:188} INFO - [2026-09-18T14:31:08.428+0000] {dag.py:3089} INFO - Sync 1 DAGs
[2026-09-18T14:31:08.466+0000] {logging_mixin.py:188} INFO - [2026-09-18T14:31:08.466+0000] {dag.py:3947} INFO - Setting next_dagrun for meteorisk_pipeline to 2026-09-18 00:00:00+00:00, run_after=2026-09-19 00:00:00+00:00
[2026-09-18T14:31:08.520+0000] {processor.py:183} INFO - Processing /opt/airflow/dags/meteorisk_dag.py took 0.208 seconds
[2026-09-18T14:31:38.748+0000] {processor.py:161} INFO - Started process (PID=3732) to work on /opt/airflow/dags/meteorisk_dag.py
[2026-09-18T14:31:38.750+0000] {processor.py:830} INFO - Processing file /opt/airflow/dags/meteorisk_dag.py for tasks to queue
[2026-09-18T14:31:38.753+0000] {logging_mixin.py:188} INFO - [2026-09-18T14:31:38.752+0000] {dagbag.py:545} INFO - Filling up the DagBag from /opt/airflow/dags/meteorisk_dag.py
[2026-09-18T14:31:38.795+0000] {processor.py:840} INFO - DAG(s) 'meteorisk_pipeline' retrieved from /opt/airflow/dags/meteorisk_dag.py
[2026-09-18T14:31:38.847+0000] {logging_mixin.py:188} INFO - [2026-09-18T14:31:38.846+0000] {dag.py:3089} INFO - Sync 1 DAGs
[2026-09-18T14:31:38.888+0000] {logging_mixin.py:188} INFO - [2026-09-18T14:31:38.887+0000] {dag.py:3947} INFO - Setting next_dagrun for meteorisk_pipeline to 2026-09-18 00:00:00+00:00, run_after=2026-09-19 00:00:00+00:00
[2026-09-18T14:31:38.921+0000] {processor.py:183} INFO - Processing /opt/airflow/dags/meteorisk_dag.py took 0.180 seconds
[2026-09-18T14:32:09.055+0000] {processor.py:161} INFO - Started process (PID=3737) to work on /opt/airflow/dags/meteorisk_dag.py
[2026-09-18T14:32:09.057+0000] {processor.py:830} INFO - Processing file /opt/airflow/dags/meteorisk_dag.py for tasks to queue
[2026-09-18T14:32:09.060+0000] {logging_mixin.py:188} INFO - [2026-09-18T14:32:09.059+0000] {dagbag.py:545} INFO - Filling up the DagBag from /opt/airflow/dags/meteorisk_dag.py
[2026-09-18T14:32:09.107+0000] {processor.py:840} INFO - DAG(s) 'meteorisk_pipeline' retrieved from /opt/airflow/dags/meteorisk_dag.py
[2026-09-18T14:32:09.180+0000] {logging_mixin.py:188} INFO - [2026-09-18T14:32:09.179+0000] {dag.py:3089} INFO - Sync 1 DAGs
[2026-09-18T14:32:09.230+0000] {logging_mixin.py:188} INFO - [2026-09-18T14:32:09.230+0000] {dag.py:3947} INFO - Setting next_dagrun for meteorisk_pipeline to 2026-09-18 00:00:00+00:00, run_after=2026-09-19 00:00:00+00:00
[2026-09-18T14:32:09.277+0000] {processor.py:183} INFO - Processing /opt/airflow/dags/meteorisk_dag.py took 0.230 seconds
[2026-09-18T14:32:39.524+0000] {processor.py:161} INFO - Started process (PID=3742) to work on /opt/airflow/dags/meteorisk_dag.py
[2026-09-18T14:32:39.525+0000] {processor.py:830} INFO - Processing file /opt/airflow/dags/meteorisk_dag.py for tasks to queue
[2026-09-18T14:32:39.528+0000] {logging_mixin.py:188} INFO - [2026-09-18T14:32:39.528+0000] {dagbag.py:545} INFO - Filling up the DagBag from /opt/airflow/dags/meteorisk_dag.py
[2026-09-18T14:32:39.565+0000] {processor.py:840} INFO - DAG(s) 'meteorisk_pipeline' retrieved from /opt/airflow/dags/meteorisk_dag.py
[2026-09-18T14:32:39.610+0000] {logging_mixin.py:188} INFO - [2026-09-18T14:32:39.610+0000] {dag.py:3089} INFO - Sync 1 DAGs
[2026-09-18T14:32:39.639+0000] {logging_mixin.py:188} INFO - [2026-09-18T14:32:39.639+0000] {dag.py:3947} INFO - Setting next_dagrun for meteorisk_pipeline to 2026-09-18 00:00:00+00:00, run_after=2026-09-19 00:00:00+00:00
[2026-09-18T14:32:39.682+0000] {processor.py:183} INFO - Processing /opt/airflow/dags/meteorisk_dag.py took 0.166 seconds
[2026-09-18T14:33:09.857+0000] {processor.py:161} INFO - Started process (PID=3747) to work on /opt/airflow/dags/meteorisk_dag.py
[2026-09-18T14:33:09.859+0000] {processor.py:830} INFO - Processing file /opt/airflow/dags/meteorisk_dag.py for tasks to queue
[2026-09-18T14:33:09.862+0000] {logging_mixin.py:188} INFO - [2026-09-18T14:33:09.862+0000] {dagbag.py:545} INFO - Filling up the DagBag from /opt/airflow/dags/meteorisk_dag.py
[2026-09-18T14:33:09.899+0000] {processor.py:840} INFO - DAG(s) 'meteorisk_pipeline' retrieved from /opt/airflow/dags/meteorisk_dag.py
[2026-09-18T14:33:09.942+0000] {logging_mixin.py:188} INFO - [2026-09-18T14:33:09.942+0000] {dag.py:3089} INFO - Sync 1 DAGs
[2026-09-18T14:33:09.971+0000] {logging_mixin.py:188} INFO - [2026-09-18T14:33:09.971+0000] {dag.py:3947} INFO - Setting next_dagrun for meteorisk_pipeline to 2026-09-18 00:00:00+00:00, run_after=2026-09-19 00:00:00+00:00
[2026-09-18T14:33:10.003+0000] {processor.py:183} INFO - Processing /opt/airflow/dags/meteorisk_dag.py took 0.153 seconds
[2026-09-18T14:33:40.184+0000] {processor.py:161} INFO - Started process (PID=3752) to work on /opt/airflow/dags/meteorisk_dag.py
[2026-09-18T14:33:40.186+0000] {processor.py:830} INFO - Processing file /opt/airflow/dags/meteorisk_dag.py for tasks to queue
[2026-09-18T14:33:40.188+0000] {logging_mixin.py:188} INFO - [2026-09-18T14:33:40.188+0000] {dagbag.py:545} INFO - Filling up the DagBag from /opt/airflow/dags/meteorisk_dag.py
[2026-09-18T14:33:40.224+0000] {processor.py:840} INFO - DAG(s) 'meteorisk_pipeline' retrieved from /opt/airflow/dags/meteorisk_dag.py
[2026-09-18T14:33:40.274+0000] {logging_mixin.py:188} INFO - [2026-09-18T14:33:40.273+0000] {dag.py:3089} INFO - Sync 1 DAGs
[2026-09-18T14:33:40.305+0000] {logging_mixin.py:188} INFO - [2026-09-18T14:33:40.305+0000] {dag.py:3947} INFO - Setting next_dagrun for meteorisk_pipeline to 2026-09-18 00:00:00+00:00, run_after=2026-09-19 00:00:00+00:00
[2026-09-18T14:33:40.338+0000] {processor.py:183} INFO - Processing /opt/airflow/dags/meteorisk_dag.py took 0.161 seconds
[2026-09-18T14:34:10.501+0000] {processor.py:161} INFO - Started process (PID=3757) to work on /opt/airflow/dags/meteorisk_dag.py
[2026-09-18T14:34:10.504+0000] {processor.py:830} INFO - Processing file /opt/airflow/dags/meteorisk_dag.py for tasks to queue
[2026-09-18T14:34:10.508+0000] {logging_mixin.py:188} INFO - [2026-09-18T14:34:10.506+0000] {dagbag.py:545} INFO - Filling up the DagBag from /opt/airflow/dags/meteorisk_dag.py
[2026-09-18T14:34:10.548+0000] {processor.py:840} INFO - DAG(s) 'meteorisk_pipeline' retrieved from /opt/airflow/dags/meteorisk_dag.py
[2026-09-18T14:34:10.599+0000] {logging_mixin.py:188} INFO - [2026-09-18T14:34:10.598+0000] {dag.py:3089} INFO - Sync 1 DAGs
[2026-09-18T14:34:10.630+0000] {logging_mixin.py:188} INFO - [2026-09-18T14:34:10.630+0000] {dag.py:3947} INFO - Setting next_dagrun for meteorisk_pipeline to 2026-09-18 00:00:00+00:00, run_after=2026-09-19 00:00:00+00:00
[2026-09-18T14:34:10.664+0000] {processor.py:183} INFO - Processing /opt/airflow/dags/meteorisk_dag.py took 0.170 seconds
[2026-09-18T14:34:40.847+0000] {processor.py:161} INFO - Started process (PID=3762) to work on /opt/airflow/dags/meteorisk_dag.py
[2026-09-18T14:34:40.849+0000] {processor.py:830} INFO - Processing file /opt/airflow/dags/meteorisk_dag.py for tasks to queue
[2026-09-18T14:34:40.851+0000] {logging_mixin.py:188} INFO - [2026-09-18T14:34:40.851+0000] {dagbag.py:545} INFO - Filling up the DagBag from /opt/airflow/dags/meteorisk_dag.py
[2026-09-18T14:34:40.888+0000] {processor.py:840} INFO - DAG(s) 'meteorisk_pipeline' retrieved from /opt/airflow/dags/meteorisk_dag.py
[2026-09-18T14:34:40.930+0000] {logging_mixin.py:188} INFO - [2026-09-18T14:34:40.929+0000] {dag.py:3089} INFO - Sync 1 DAGs
[2026-09-18T14:34:40.960+0000] {logging_mixin.py:188} INFO - [2026-09-18T14:34:40.959+0000] {dag.py:3947} INFO - Setting next_dagrun for meteorisk_pipeline to 2026-09-18 00:00:00+00:00, run_after=2026-09-19 00:00:00+00:00
[2026-09-18T14:34:40.991+0000] {processor.py:183} INFO - Processing /opt/airflow/dags/meteorisk_dag.py took 0.151 seconds
[2026-09-18T14:35:11.154+0000] {processor.py:161} INFO - Started process (PID=3767) to work on /opt/airflow/dags/meteorisk_dag.py
[2026-09-18T14:35:11.155+0000] {processor.py:830} INFO - Processing file /opt/airflow/dags/meteorisk_dag.py for tasks to queue
[2026-09-18T14:35:11.158+0000] {logging_mixin.py:188} INFO - [2026-09-18T14:35:11.158+0000] {dagbag.py:545} INFO - Filling up the DagBag from /opt/airflow/dags/meteorisk_dag.py
[2026-09-18T14:35:11.193+0000] {processor.py:840} INFO - DAG(s) 'meteorisk_pipeline' retrieved from /opt/airflow/dags/meteorisk_dag.py
[2026-09-18T14:35:11.235+0000] {logging_mixin.py:188} INFO - [2026-09-18T14:35:11.234+0000] {dag.py:3089} INFO - Sync 1 DAGs
[2026-09-18T14:35:11.264+0000] {logging_mixin.py:188} INFO - [2026-09-18T14:35:11.263+0000] {dag.py:3947} INFO - Setting next_dagrun for meteorisk_pipeline to 2026-09-18 00:00:00+00:00, run_after=2026-09-19 00:00:00+00:00
[2026-09-18T14:35:11.294+0000] {processor.py:183} INFO - Processing /opt/airflow/dags/meteorisk_dag.py took 0.147 seconds
[2026-09-18T14:35:41.487+0000] {processor.py:161} INFO - Started process (PID=3772) to work on /opt/airflow/dags/meteorisk_dag.py
[2026-09-18T14:35:41.489+0000] {processor.py:830} INFO - Processing file /opt/airflow/dags/meteorisk_dag.py for tasks to queue
[2026-09-18T14:35:41.492+0000] {logging_mixin.py:188} INFO - [2026-09-18T14:35:41.492+0000] {dagbag.py:545} INFO - Filling up the DagBag from /opt/airflow/dags/meteorisk_dag.py
[2026-09-18T14:35:41.528+0000] {processor.py:840} INFO - DAG(s) 'meteorisk_pipeline' retrieved from /opt/airflow/dags/meteorisk_dag.py
[2026-09-18T14:35:41.582+0000] {logging_mixin.py:188} INFO - [2026-09-18T14:35:41.581+0000] {dag.py:3089} INFO - Sync 1 DAGs
[2026-09-18T14:35:41.615+0000] {logging_mixin.py:188} INFO - [2026-09-18T14:35:41.614+0000] {dag.py:3947} INFO - Setting next_dagrun for meteorisk_pipeline to 2026-09-18 00:00:00+00:00, run_after=2026-09-19 00:00:00+00:00
[2026-09-18T14:35:41.648+0000] {processor.py:183} INFO - Processing /opt/airflow/dags/meteorisk_dag.py took 0.172 seconds
[2026-09-18T14:36:11.785+0000] {processor.py:161} INFO - Started process (PID=3777) to work on /opt/airflow/dags/meteorisk_dag.py
[2026-09-18T14:36:11.787+0000] {processor.py:830} INFO - Processing file /opt/airflow/dags/meteorisk_dag.py for tasks to queue
[2026-09-18T14:36:11.790+0000] {logging_mixin.py:188} INFO - [2026-09-18T14:36:11.789+0000] {dagbag.py:545} INFO - Filling up the DagBag from /opt/airflow/dags/meteorisk_dag.py
[2026-09-18T14:36:11.826+0000] {processor.py:840} INFO - DAG(s) 'meteorisk_pipeline' retrieved from /opt/airflow/dags/meteorisk_dag.py
[2026-09-18T14:36:11.885+0000] {logging_mixin.py:188} INFO - [2026-09-18T14:36:11.885+0000] {dag.py:3089} INFO - Sync 1 DAGs
[2026-09-18T14:36:11.920+0000] {logging_mixin.py:188} INFO - [2026-09-18T14:36:11.920+0000] {dag.py:3947} INFO - Setting next_dagrun for meteorisk_pipeline to 2026-09-18 00:00:00+00:00, run_after=2026-09-19 00:00:00+00:00
[2026-09-18T14:36:11.960+0000] {processor.py:183} INFO - Processing /opt/airflow/dags/meteorisk_dag.py took 0.183 seconds
[2026-09-18T14:36:42.236+0000] {processor.py:161} INFO - Started process (PID=3782) to work on /opt/airflow/dags/meteorisk_dag.py
[2026-09-18T14:36:42.238+0000] {processor.py:830} INFO - Processing file /opt/airflow/dags/meteorisk_dag.py for tasks to queue
[2026-09-18T14:36:42.241+0000] {logging_mixin.py:188} INFO - [2026-09-18T14:36:42.241+0000] {dagbag.py:545} INFO - Filling up the DagBag from /opt/airflow/dags/meteorisk_dag.py
[2026-09-18T14:36:42.277+0000] {processor.py:840} INFO - DAG(s) 'meteorisk_pipeline' retrieved from /opt/airflow/dags/meteorisk_dag.py
[2026-09-18T14:36:42.317+0000] {logging_mixin.py:188} INFO - [2026-09-18T14:36:42.317+0000] {dag.py:3089} INFO - Sync 1 DAGs
[2026-09-18T14:36:42.350+0000] {logging_mixin.py:188} INFO - [2026-09-18T14:36:42.349+0000] {dag.py:3947} INFO - Setting next_dagrun for meteorisk_pipeline to 2026-09-18 00:00:00+00:00, run_after=2026-09-19 00:00:00+00:00
[2026-09-18T14:36:42.380+0000] {processor.py:183} INFO - Processing /opt/airflow/dags/meteorisk_dag.py took 0.151 seconds
[2026-09-18T14:37:12.509+0000] {processor.py:161} INFO - Started process (PID=3787) to work on /opt/airflow/dags/meteorisk_dag.py
[2026-09-18T14:37:12.511+0000] {processor.py:830} INFO - Processing file /opt/airflow/dags/meteorisk_dag.py for tasks to queue
[2026-09-18T14:37:12.514+0000] {logging_mixin.py:188} INFO - [2026-09-18T14:37:12.514+0000] {dagbag.py:545} INFO - Filling up the DagBag from /opt/airflow/dags/meteorisk_dag.py
[2026-09-18T14:37:12.551+0000] {processor.py:840} INFO - DAG(s) 'meteorisk_pipeline' retrieved from /opt/airflow/dags/meteorisk_dag.py
[2026-09-18T14:37:12.596+0000] {logging_mixin.py:188} INFO - [2026-09-18T14:37:12.595+0000] {dag.py:3089} INFO - Sync 1 DAGs
[2026-09-18T14:37:12.624+0000] {logging_mixin.py:188} INFO - [2026-09-18T14:37:12.624+0000] {dag.py:3947} INFO - Setting next_dagrun for meteorisk_pipeline to 2026-09-18 00:00:00+00:00, run_after=2026-09-19 00:00:00+00:00
[2026-09-18T14:37:12.655+0000] {processor.py:183} INFO - Processing /opt/airflow/dags/meteorisk_dag.py took 0.153 seconds
[2026-09-18T14:37:42.913+0000] {processor.py:161} INFO - Started process (PID=3792) to work on /opt/airflow/dags/meteorisk_dag.py
[2026-09-18T14:37:42.915+0000] {processor.py:830} INFO - Processing file /opt/airflow/dags/meteorisk_dag.py for tasks to queue
[2026-09-18T14:37:42.920+0000] {logging_mixin.py:188} INFO - [2026-09-18T14:37:42.919+0000] {dagbag.py:545} INFO - Filling up the DagBag from /opt/airflow/dags/meteorisk_dag.py
[2026-09-18T14:37:42.961+0000] {processor.py:840} INFO - DAG(s) 'meteorisk_pipeline' retrieved from /opt/airflow/dags/meteorisk_dag.py
[2026-09-18T14:37:43.024+0000] {logging_mixin.py:188} INFO - [2026-09-18T14:37:43.023+0000] {dag.py:3089} INFO - Sync 1 DAGs
[2026-09-18T14:37:43.084+0000] {logging_mixin.py:188} INFO - [2026-09-18T14:37:43.083+0000] {dag.py:3947} INFO - Setting next_dagrun for meteorisk_pipeline to 2026-09-18 00:00:00+00:00, run_after=2026-09-19 00:00:00+00:00
[2026-09-18T14:37:43.123+0000] {processor.py:183} INFO - Processing /opt/airflow/dags/meteorisk_dag.py took 0.219 seconds
[2026-09-18T14:38:13.397+0000] {processor.py:161} INFO - Started process (PID=3797) to work on /opt/airflow/dags/meteorisk_dag.py
[2026-09-18T14:38:13.398+0000] {processor.py:830} INFO - Processing file /opt/airflow/dags/meteorisk_dag.py for tasks to queue
[2026-09-18T14:38:13.401+0000] {logging_mixin.py:188} INFO - [2026-09-18T14:38:13.400+0000] {dagbag.py:545} INFO - Filling up the DagBag from /opt/airflow/dags/meteorisk_dag.py
[2026-09-18T14:38:13.438+0000] {processor.py:840} INFO - DAG(s) 'meteorisk_pipeline' retrieved from /opt/airflow/dags/meteorisk_dag.py
[2026-09-18T14:38:13.485+0000] {logging_mixin.py:188} INFO - [2026-09-18T14:38:13.484+0000] {dag.py:3089} INFO - Sync 1 DAGs
[2026-09-18T14:38:13.516+0000] {logging_mixin.py:188} INFO - [2026-09-18T14:38:13.516+0000] {dag.py:3947} INFO - Setting next_dagrun for meteorisk_pipeline to 2026-09-18 00:00:00+00:00, run_after=2026-09-19 00:00:00+00:00
[2026-09-18T14:38:13.544+0000] {processor.py:183} INFO - Processing /opt/airflow/dags/meteorisk_dag.py took 0.155 seconds
[2026-09-18T14:38:43.618+0000] {processor.py:161} INFO - Started process (PID=3802) to work on /opt/airflow/dags/meteorisk_dag.py
[2026-09-18T14:38:43.619+0000] {processor.py:830} INFO - Processing file /opt/airflow/dags/meteorisk_dag.py for tasks to queue
[2026-09-18T14:38:43.622+0000] {logging_mixin.py:188} INFO - [2026-09-18T14:38:43.621+0000] {dagbag.py:545} INFO - Filling up the DagBag from /opt/airflow/dags/meteorisk_dag.py
[2026-09-18T14:38:43.654+0000] {processor.py:840} INFO - DAG(s) 'meteorisk_pipeline' retrieved from /opt/airflow/dags/meteorisk_dag.py
[2026-09-18T14:38:43.700+0000] {logging_mixin.py:188} INFO - [2026-09-18T14:38:43.700+0000] {dag.py:3089} INFO - Sync 1 DAGs
[2026-09-18T14:38:43.728+0000] {logging_mixin.py:188} INFO - [2026-09-18T14:38:43.727+0000] {dag.py:3947} INFO - Setting next_dagrun for meteorisk_pipeline to 2026-09-18 00:00:00+00:00, run_after=2026-09-19 00:00:00+00:00
[2026-09-18T14:38:43.758+0000] {processor.py:183} INFO - Processing /opt/airflow/dags/meteorisk_dag.py took 0.148 seconds
[2026-09-18T14:39:14.009+0000] {processor.py:161} INFO - Started process (PID=3807) to work on /opt/airflow/dags/meteorisk_dag.py
[2026-09-18T14:39:14.011+0000] {processor.py:830} INFO - Processing file /opt/airflow/dags/meteorisk_dag.py for tasks to queue
[2026-09-18T14:39:14.013+0000] {logging_mixin.py:188} INFO - [2026-09-18T14:39:14.013+0000] {dagbag.py:545} INFO - Filling up the DagBag from /opt/airflow/dags/meteorisk_dag.py
[2026-09-18T14:39:14.045+0000] {processor.py:840} INFO - DAG(s) 'meteorisk_pipeline' retrieved from /opt/airflow/dags/meteorisk_dag.py
[2026-09-18T14:39:14.088+0000] {logging_mixin.py:188} INFO - [2026-09-18T14:39:14.088+0000] {dag.py:3089} INFO - Sync 1 DAGs
[2026-09-18T14:39:14.118+0000] {logging_mixin.py:188} INFO - [2026-09-18T14:39:14.117+0000] {dag.py:3947} INFO - Setting next_dagrun for meteorisk_pipeline to 2026-09-18 00:00:00+00:00, run_after=2026-09-19 00:00:00+00:00
[2026-09-18T14:39:14.145+0000] {processor.py:183} INFO - Processing /opt/airflow/dags/meteorisk_dag.py took 0.144 seconds
[2026-09-18T14:39:44.260+0000] {processor.py:161} INFO - Started process (PID=3812) to work on /opt/airflow/dags/meteorisk_dag.py
[2026-09-18T14:39:44.262+0000] {processor.py:830} INFO - Processing file /opt/airflow/dags/meteorisk_dag.py for tasks to queue
[2026-09-18T14:39:44.266+0000] {logging_mixin.py:188} INFO - [2026-09-18T14:39:44.265+0000] {dagbag.py:545} INFO - Filling up the DagBag from /opt/airflow/dags/meteorisk_dag.py
[2026-09-18T14:39:44.306+0000] {processor.py:840} INFO - DAG(s) 'meteorisk_pipeline' retrieved from /opt/airflow/dags/meteorisk_dag.py
[2026-09-18T14:39:44.364+0000] {logging_mixin.py:188} INFO - [2026-09-18T14:39:44.363+0000] {dag.py:3089} INFO - Sync 1 DAGs
[2026-09-18T14:39:44.401+0000] {logging_mixin.py:188} INFO - [2026-09-18T14:39:44.401+0000] {dag.py:3947} INFO - Setting next_dagrun for meteorisk_pipeline to 2026-09-18 00:00:00+00:00, run_after=2026-09-19 00:00:00+00:00
[2026-09-18T14:39:44.437+0000] {processor.py:183} INFO - Processing /opt/airflow/dags/meteorisk_dag.py took 0.186 seconds
[2026-09-18T14:40:14.659+0000] {processor.py:161} INFO - Started process (PID=3817) to work on /opt/airflow/dags/meteorisk_dag.py
[2026-09-18T14:40:14.661+0000] {processor.py:830} INFO - Processing file /opt/airflow/dags/meteorisk_dag.py for tasks to queue
[2026-09-18T14:40:14.665+0000] {logging_mixin.py:188} INFO - [2026-09-18T14:40:14.664+0000] {dagbag.py:545} INFO - Filling up the DagBag from /opt/airflow/dags/meteorisk_dag.py
[2026-09-18T14:40:14.697+0000] {processor.py:840} INFO - DAG(s) 'meteorisk_pipeline' retrieved from /opt/airflow/dags/meteorisk_dag.py
[2026-09-18T14:40:14.740+0000] {logging_mixin.py:188} INFO - [2026-09-18T14:40:14.740+0000] {dag.py:3089} INFO - Sync 1 DAGs
[2026-09-18T14:40:14.771+0000] {logging_mixin.py:188} INFO - [2026-09-18T14:40:14.771+0000] {dag.py:3947} INFO - Setting next_dagrun for meteorisk_pipeline to 2026-09-18 00:00:00+00:00, run_after=2026-09-19 00:00:00+00:00
[2026-09-18T14:40:14.803+0000] {processor.py:183} INFO - Processing /opt/airflow/dags/meteorisk_dag.py took 0.152 seconds
[2026-09-18T14:40:44.962+0000] {processor.py:161} INFO - Started process (PID=3822) to work on /opt/airflow/dags/meteorisk_dag.py
[2026-09-18T14:40:44.966+0000] {processor.py:830} INFO - Processing file /opt/airflow/dags/meteorisk_dag.py for tasks to queue
[2026-09-18T14:40:44.975+0000] {logging_mixin.py:188} INFO - [2026-09-18T14:40:44.974+0000] {dagbag.py:545} INFO - Filling up the DagBag from /opt/airflow/dags/meteorisk_dag.py
[2026-09-18T14:40:45.018+0000] {processor.py:840} INFO - DAG(s) 'meteorisk_pipeline' retrieved from /opt/airflow/dags/meteorisk_dag.py
[2026-09-18T14:40:45.059+0000] {logging_mixin.py:188} INFO - [2026-09-18T14:40:45.059+0000] {dag.py:3089} INFO - Sync 1 DAGs
[2026-09-18T14:40:45.089+0000] {logging_mixin.py:188} INFO - [2026-09-18T14:40:45.089+0000] {dag.py:3947} INFO - Setting next_dagrun for meteorisk_pipeline to 2026-09-18 00:00:00+00:00, run_after=2026-09-19 00:00:00+00:00
[2026-09-18T14:40:45.123+0000] {processor.py:183} INFO - Processing /opt/airflow/dags/meteorisk_dag.py took 0.173 seconds
[2026-09-18T14:41:15.298+0000] {processor.py:161} INFO - Started process (PID=3827) to work on /opt/airflow/dags/meteorisk_dag.py
[2026-09-18T14:41:15.300+0000] {processor.py:830} INFO - Processing file /opt/airflow/dags/meteorisk_dag.py for tasks to queue
[2026-09-18T14:41:15.304+0000] {logging_mixin.py:188} INFO - [2026-09-18T14:41:15.303+0000] {dagbag.py:545} INFO - Filling up the DagBag from /opt/airflow/dags/meteorisk_dag.py
[2026-09-18T14:41:15.353+0000] {processor.py:840} INFO - DAG(s) 'meteorisk_pipeline' retrieved from /opt/airflow/dags/meteorisk_dag.py
[2026-09-18T14:41:15.415+0000] {logging_mixin.py:188} INFO - [2026-09-18T14:41:15.415+0000] {dag.py:3089} INFO - Sync 1 DAGs
[2026-09-18T14:41:15.448+0000] {logging_mixin.py:188} INFO - [2026-09-18T14:41:15.447+0000] {dag.py:3947} INFO - Setting next_dagrun for meteorisk_pipeline to 2026-09-18 00:00:00+00:00, run_after=2026-09-19 00:00:00+00:00
[2026-09-18T14:41:15.490+0000] {processor.py:183} INFO - Processing /opt/airflow/dags/meteorisk_dag.py took 0.200 seconds
[2026-09-18T14:41:45.695+0000] {processor.py:161} INFO - Started process (PID=3832) to work on /opt/airflow/dags/meteorisk_dag.py
[2026-09-18T14:41:45.697+0000] {processor.py:830} INFO - Processing file /opt/airflow/dags/meteorisk_dag.py for tasks to queue
[2026-09-18T14:41:45.700+0000] {logging_mixin.py:188} INFO - [2026-09-18T14:41:45.699+0000] {dagbag.py:545} INFO - Filling up the DagBag from /opt/airflow/dags/meteorisk_dag.py
[2026-09-18T14:41:45.738+0000] {processor.py:840} INFO - DAG(s) 'meteorisk_pipeline' retrieved from /opt/airflow/dags/meteorisk_dag.py
[2026-09-18T14:41:45.782+0000] {logging_mixin.py:188} INFO - [2026-09-18T14:41:45.782+0000] {dag.py:3089} INFO - Sync 1 DAGs
[2026-09-18T14:41:45.810+0000] {logging_mixin.py:188} INFO - [2026-09-18T14:41:45.810+0000] {dag.py:3947} INFO - Setting next_dagrun for meteorisk_pipeline to 2026-09-18 00:00:00+00:00, run_after=2026-09-19 00:00:00+00:00
[2026-09-18T14:41:45.843+0000] {processor.py:183} INFO - Processing /opt/airflow/dags/meteorisk_dag.py took 0.155 seconds
[2026-09-18T14:42:15.982+0000] {processor.py:161} INFO - Started process (PID=3837) to work on /opt/airflow/dags/meteorisk_dag.py
[2026-09-18T14:42:15.983+0000] {processor.py:830} INFO - Processing file /opt/airflow/dags/meteorisk_dag.py for tasks to queue
[2026-09-18T14:42:15.986+0000] {logging_mixin.py:188} INFO - [2026-09-18T14:42:15.985+0000] {dagbag.py:545} INFO - Filling up the DagBag from /opt/airflow/dags/meteorisk_dag.py
[2026-09-18T14:42:16.022+0000] {processor.py:840} INFO - DAG(s) 'meteorisk_pipeline' retrieved from /opt/airflow/dags/meteorisk_dag.py
[2026-09-18T14:42:16.067+0000] {logging_mixin.py:188} INFO - [2026-09-18T14:42:16.067+0000] {dag.py:3089} INFO - Sync 1 DAGs
[2026-09-18T14:42:16.099+0000] {logging_mixin.py:188} INFO - [2026-09-18T14:42:16.099+0000] {dag.py:3947} INFO - Setting next_dagrun for meteorisk_pipeline to 2026-09-18 00:00:00+00:00, run_after=2026-09-19 00:00:00+00:00
[2026-09-18T14:42:16.131+0000] {processor.py:183} INFO - Processing /opt/airflow/dags/meteorisk_dag.py took 0.157 seconds
[2026-09-18T14:42:46.334+0000] {processor.py:161} INFO - Started process (PID=3842) to work on /opt/airflow/dags/meteorisk_dag.py
[2026-09-18T14:42:46.336+0000] {processor.py:830} INFO - Processing file /opt/airflow/dags/meteorisk_dag.py for tasks to queue
[2026-09-18T14:42:46.340+0000] {logging_mixin.py:188} INFO - [2026-09-18T14:42:46.339+0000] {dagbag.py:545} INFO - Filling up the DagBag from /opt/airflow/dags/meteorisk_dag.py
[2026-09-18T14:42:46.377+0000] {processor.py:840} INFO - DAG(s) 'meteorisk_pipeline' retrieved from /opt/airflow/dags/meteorisk_dag.py
[2026-09-18T14:42:46.422+0000] {logging_mixin.py:188} INFO - [2026-09-18T14:42:46.422+0000] {dag.py:3089} INFO - Sync 1 DAGs
[2026-09-18T14:42:46.455+0000] {logging_mixin.py:188} INFO - [2026-09-18T14:42:46.455+0000] {dag.py:3947} INFO - Setting next_dagrun for meteorisk_pipeline to 2026-09-18 00:00:00+00:00, run_after=2026-09-19 00:00:00+00:00
[2026-09-18T14:42:46.487+0000] {processor.py:183} INFO - Processing /opt/airflow/dags/meteorisk_dag.py took 0.163 seconds
[2026-09-18T14:43:16.605+0000] {processor.py:161} INFO - Started process (PID=3847) to work on /opt/airflow/dags/meteorisk_dag.py
[2026-09-18T14:43:16.607+0000] {processor.py:830} INFO - Processing file /opt/airflow/dags/meteorisk_dag.py for tasks to queue
[2026-09-18T14:43:16.611+0000] {logging_mixin.py:188} INFO - [2026-09-18T14:43:16.610+0000] {dagbag.py:545} INFO - Filling up the DagBag from /opt/airflow/dags/meteorisk_dag.py
[2026-09-18T14:43:16.646+0000] {processor.py:840} INFO - DAG(s) 'meteorisk_pipeline' retrieved from /opt/airflow/dags/meteorisk_dag.py
[2026-09-18T14:43:16.693+0000] {logging_mixin.py:188} INFO - [2026-09-18T14:43:16.692+0000] {dag.py:3089} INFO - Sync 1 DAGs
[2026-09-18T14:43:16.726+0000] {logging_mixin.py:188} INFO - [2026-09-18T14:43:16.726+0000] {dag.py:3947} INFO - Setting next_dagrun for meteorisk_pipeline to 2026-09-18 00:00:00+00:00, run_after=2026-09-19 00:00:00+00:00
[2026-09-18T14:43:16.759+0000] {processor.py:183} INFO - Processing /opt/airflow/dags/meteorisk_dag.py took 0.162 seconds
[2026-09-18T14:43:46.985+0000] {processor.py:161} INFO - Started process (PID=3852) to work on /opt/airflow/dags/meteorisk_dag.py
[2026-09-18T14:43:46.987+0000] {processor.py:830} INFO - Processing file /opt/airflow/dags/meteorisk_dag.py for tasks to queue
[2026-09-18T14:43:46.990+0000] {logging_mixin.py:188} INFO - [2026-09-18T14:43:46.989+0000] {dagbag.py:545} INFO - Filling up the DagBag from /opt/airflow/dags/meteorisk_dag.py
[2026-09-18T14:43:47.023+0000] {processor.py:840} INFO - DAG(s) 'meteorisk_pipeline' retrieved from /opt/airflow/dags/meteorisk_dag.py
[2026-09-18T14:43:47.068+0000] {logging_mixin.py:188} INFO - [2026-09-18T14:43:47.068+0000] {dag.py:3089} INFO - Sync 1 DAGs
[2026-09-18T14:43:47.100+0000] {logging_mixin.py:188} INFO - [2026-09-18T14:43:47.100+0000] {dag.py:3947} INFO - Setting next_dagrun for meteorisk_pipeline to 2026-09-18 00:00:00+00:00, run_after=2026-09-19 00:00:00+00:00
[2026-09-18T14:43:47.129+0000] {processor.py:183} INFO - Processing /opt/airflow/dags/meteorisk_dag.py took 0.151 seconds
[2026-09-18T14:44:17.277+0000] {processor.py:161} INFO - Started process (PID=3857) to work on /opt/airflow/dags/meteorisk_dag.py
[2026-09-18T14:44:17.285+0000] {processor.py:830} INFO - Processing file /opt/airflow/dags/meteorisk_dag.py for tasks to queue
[2026-09-18T14:44:17.295+0000] {logging_mixin.py:188} INFO - [2026-09-18T14:44:17.294+0000] {dagbag.py:545} INFO - Filling up the DagBag from /opt/airflow/dags/meteorisk_dag.py
[2026-09-18T14:44:17.393+0000] {processor.py:840} INFO - DAG(s) 'meteorisk_pipeline' retrieved from /opt/airflow/dags/meteorisk_dag.py
[2026-09-18T14:44:17.460+0000] {logging_mixin.py:188} INFO - [2026-09-18T14:44:17.460+0000] {dag.py:3089} INFO - Sync 1 DAGs
[2026-09-18T14:44:17.560+0000] {logging_mixin.py:188} INFO - [2026-09-18T14:44:17.560+0000] {dag.py:3947} INFO - Setting next_dagrun for meteorisk_pipeline to 2026-09-18 00:00:00+00:00, run_after=2026-09-19 00:00:00+00:00
[2026-09-18T14:44:17.644+0000] {processor.py:183} INFO - Processing /opt/airflow/dags/meteorisk_dag.py took 0.379 seconds
[2026-09-18T14:44:47.958+0000] {processor.py:161} INFO - Started process (PID=3862) to work on /opt/airflow/dags/meteorisk_dag.py
[2026-09-18T14:44:47.960+0000] {processor.py:830} INFO - Processing file /opt/airflow/dags/meteorisk_dag.py for tasks to queue
[2026-09-18T14:44:47.964+0000] {logging_mixin.py:188} INFO - [2026-09-18T14:44:47.964+0000] {dagbag.py:545} INFO - Filling up the DagBag from /opt/airflow/dags/meteorisk_dag.py
[2026-09-18T14:44:48.007+0000] {processor.py:840} INFO - DAG(s) 'meteorisk_pipeline' retrieved from /opt/airflow/dags/meteorisk_dag.py
[2026-09-18T14:44:48.061+0000] {logging_mixin.py:188} INFO - [2026-09-18T14:44:48.060+0000] {dag.py:3089} INFO - Sync 1 DAGs
[2026-09-18T14:44:48.093+0000] {logging_mixin.py:188} INFO - [2026-09-18T14:44:48.092+0000] {dag.py:3947} INFO - Setting next_dagrun for meteorisk_pipeline to 2026-09-18 00:00:00+00:00, run_after=2026-09-19 00:00:00+00:00
[2026-09-18T14:44:48.124+0000] {processor.py:183} INFO - Processing /opt/airflow/dags/meteorisk_dag.py took 0.174 seconds
[2026-09-18T14:45:18.218+0000] {processor.py:161} INFO - Started process (PID=3867) to work on /opt/airflow/dags/meteorisk_dag.py
[2026-09-18T14:45:18.221+0000] {processor.py:830} INFO - Processing file /opt/airflow/dags/meteorisk_dag.py for tasks to queue
[2026-09-18T14:45:18.223+0000] {logging_mixin.py:188} INFO - [2026-09-18T14:45:18.223+0000] {dagbag.py:545} INFO - Filling up the DagBag from /opt/airflow/dags/meteorisk_dag.py
[2026-09-18T14:45:18.258+0000] {processor.py:840} INFO - DAG(s) 'meteorisk_pipeline' retrieved from /opt/airflow/dags/meteorisk_dag.py
[2026-09-18T14:45:18.305+0000] {logging_mixin.py:188} INFO - [2026-09-18T14:45:18.305+0000] {dag.py:3089} INFO - Sync 1 DAGs
[2026-09-18T14:45:18.337+0000] {logging_mixin.py:188} INFO - [2026-09-18T14:45:18.336+0000] {dag.py:3947} INFO - Setting next_dagrun for meteorisk_pipeline to 2026-09-18 00:00:00+00:00, run_after=2026-09-19 00:00:00+00:00
[2026-09-18T14:45:18.371+0000] {processor.py:183} INFO - Processing /opt/airflow/dags/meteorisk_dag.py took 0.161 seconds
[2026-09-18T14:45:48.597+0000] {processor.py:161} INFO - Started process (PID=3872) to work on /opt/airflow/dags/meteorisk_dag.py
[2026-09-18T14:45:48.599+0000] {processor.py:830} INFO - Processing file /opt/airflow/dags/meteorisk_dag.py for tasks to queue
[2026-09-18T14:45:48.602+0000] {logging_mixin.py:188} INFO - [2026-09-18T14:45:48.601+0000] {dagbag.py:545} INFO - Filling up the DagBag from /opt/airflow/dags/meteorisk_dag.py
[2026-09-18T14:45:48.636+0000] {processor.py:840} INFO - DAG(s) 'meteorisk_pipeline' retrieved from /opt/airflow/dags/meteorisk_dag.py
[2026-09-18T14:45:48.679+0000] {logging_mixin.py:188} INFO - [2026-09-18T14:45:48.679+0000] {dag.py:3089} INFO - Sync 1 DAGs
[2026-09-18T14:45:48.709+0000] {logging_mixin.py:188} INFO - [2026-09-18T14:45:48.708+0000] {dag.py:3947} INFO - Setting next_dagrun for meteorisk_pipeline to 2026-09-18 00:00:00+00:00, run_after=2026-09-19 00:00:00+00:00
[2026-09-18T14:45:48.737+0000] {processor.py:183} INFO - Processing /opt/airflow/dags/meteorisk_dag.py took 0.146 seconds
[2026-09-18T14:46:18.852+0000] {processor.py:161} INFO - Started process (PID=3877) to work on /opt/airflow/dags/meteorisk_dag.py
[2026-09-18T14:46:18.854+0000] {processor.py:830} INFO - Processing file /opt/airflow/dags/meteorisk_dag.py for tasks to queue
[2026-09-18T14:46:18.856+0000] {logging_mixin.py:188} INFO - [2026-09-18T14:46:18.856+0000] {dagbag.py:545} INFO - Filling up the DagBag from /opt/airflow/dags/meteorisk_dag.py
[2026-09-18T14:46:18.890+0000] {processor.py:840} INFO - DAG(s) 'meteorisk_pipeline' retrieved from /opt/airflow/dags/meteorisk_dag.py
[2026-09-18T14:46:18.935+0000] {logging_mixin.py:188} INFO - [2026-09-18T14:46:18.935+0000] {dag.py:3089} INFO - Sync 1 DAGs
[2026-09-18T14:46:18.967+0000] {logging_mixin.py:188} INFO - [2026-09-18T14:46:18.967+0000] {dag.py:3947} INFO - Setting next_dagrun for meteorisk_pipeline to 2026-09-18 00:00:00+00:00, run_after=2026-09-19 00:00:00+00:00
[2026-09-18T14:46:18.999+0000] {processor.py:183} INFO - Processing /opt/airflow/dags/meteorisk_dag.py took 0.155 seconds
[2026-09-18T14:46:49.282+0000] {processor.py:161} INFO - Started process (PID=3882) to work on /opt/airflow/dags/meteorisk_dag.py
[2026-09-18T14:46:49.285+0000] {processor.py:830} INFO - Processing file /opt/airflow/dags/meteorisk_dag.py for tasks to queue
[2026-09-18T14:46:49.288+0000] {logging_mixin.py:188} INFO - [2026-09-18T14:46:49.287+0000] {dagbag.py:545} INFO - Filling up the DagBag from /opt/airflow/dags/meteorisk_dag.py
[2026-09-18T14:46:49.326+0000] {processor.py:840} INFO - DAG(s) 'meteorisk_pipeline' retrieved from /opt/airflow/dags/meteorisk_dag.py
[2026-09-18T14:46:49.370+0000] {logging_mixin.py:188} INFO - [2026-09-18T14:46:49.369+0000] {dag.py:3089} INFO - Sync 1 DAGs
[2026-09-18T14:46:49.404+0000] {logging_mixin.py:188} INFO - [2026-09-18T14:46:49.403+0000] {dag.py:3947} INFO - Setting next_dagrun for meteorisk_pipeline to 2026-09-18 00:00:00+00:00, run_after=2026-09-19 00:00:00+00:00
[2026-09-18T14:46:49.434+0000] {processor.py:183} INFO - Processing /opt/airflow/dags/meteorisk_dag.py took 0.161 seconds
[2026-09-18T14:47:19.532+0000] {processor.py:161} INFO - Started process (PID=3887) to work on /opt/airflow/dags/meteorisk_dag.py
[2026-09-18T14:47:19.534+0000] {processor.py:830} INFO - Processing file /opt/airflow/dags/meteorisk_dag.py for tasks to queue
[2026-09-18T14:47:19.539+0000] {logging_mixin.py:188} INFO - [2026-09-18T14:47:19.539+0000] {dagbag.py:545} INFO - Filling up the DagBag from /opt/airflow/dags/meteorisk_dag.py
[2026-09-18T14:47:19.571+0000] {processor.py:840} INFO - DAG(s) 'meteorisk_pipeline' retrieved from /opt/airflow/dags/meteorisk_dag.py
[2026-09-18T14:47:19.619+0000] {logging_mixin.py:188} INFO - [2026-09-18T14:47:19.619+0000] {dag.py:3089} INFO - Sync 1 DAGs
[2026-09-18T14:47:19.652+0000] {logging_mixin.py:188} INFO - [2026-09-18T14:47:19.651+0000] {dag.py:3947} INFO - Setting next_dagrun for meteorisk_pipeline to 2026-09-18 00:00:00+00:00, run_after=2026-09-19 00:00:00+00:00
[2026-09-18T14:47:19.685+0000] {processor.py:183} INFO - Processing /opt/airflow/dags/meteorisk_dag.py took 0.159 seconds
[2026-09-18T14:47:49.980+0000] {processor.py:161} INFO - Started process (PID=3892) to work on /opt/airflow/dags/meteorisk_dag.py
[2026-09-18T14:47:49.981+0000] {processor.py:830} INFO - Processing file /opt/airflow/dags/meteorisk_dag.py for tasks to queue
[2026-09-18T14:47:49.984+0000] {logging_mixin.py:188} INFO - [2026-09-18T14:47:49.984+0000] {dagbag.py:545} INFO - Filling up the DagBag from /opt/airflow/dags/meteorisk_dag.py
[2026-09-18T14:47:50.019+0000] {processor.py:840} INFO - DAG(s) 'meteorisk_pipeline' retrieved from /opt/airflow/dags/meteorisk_dag.py
[2026-09-18T14:47:50.063+0000] {logging_mixin.py:188} INFO - [2026-09-18T14:47:50.062+0000] {dag.py:3089} INFO - Sync 1 DAGs
[2026-09-18T14:47:50.092+0000] {logging_mixin.py:188} INFO - [2026-09-18T14:47:50.092+0000] {dag.py:3947} INFO - Setting next_dagrun for meteorisk_pipeline to 2026-09-18 00:00:00+00:00, run_after=2026-09-19 00:00:00+00:00
[2026-09-18T14:47:50.125+0000] {processor.py:183} INFO - Processing /opt/airflow/dags/meteorisk_dag.py took 0.153 seconds
[2026-09-18T14:48:20.243+0000] {processor.py:161} INFO - Started process (PID=3897) to work on /opt/airflow/dags/meteorisk_dag.py
[2026-09-18T14:48:20.246+0000] {processor.py:830} INFO - Processing file /opt/airflow/dags/meteorisk_dag.py for tasks to queue
[2026-09-18T14:48:20.249+0000] {logging_mixin.py:188} INFO - [2026-09-18T14:48:20.249+0000] {dagbag.py:545} INFO - Filling up the DagBag from /opt/airflow/dags/meteorisk_dag.py
[2026-09-18T14:48:20.281+0000] {processor.py:840} INFO - DAG(s) 'meteorisk_pipeline' retrieved from /opt/airflow/dags/meteorisk_dag.py
[2026-09-18T14:48:20.323+0000] {logging_mixin.py:188} INFO - [2026-09-18T14:48:20.323+0000] {dag.py:3089} INFO - Sync 1 DAGs
[2026-09-18T14:48:20.352+0000] {logging_mixin.py:188} INFO - [2026-09-18T14:48:20.351+0000] {dag.py:3947} INFO - Setting next_dagrun for meteorisk_pipeline to 2026-09-18 00:00:00+00:00, run_after=2026-09-19 00:00:00+00:00
[2026-09-18T14:48:20.380+0000] {processor.py:183} INFO - Processing /opt/airflow/dags/meteorisk_dag.py took 0.143 seconds
[2026-09-18T14:48:50.623+0000] {processor.py:161} INFO - Started process (PID=3902) to work on /opt/airflow/dags/meteorisk_dag.py
[2026-09-18T14:48:50.624+0000] {processor.py:830} INFO - Processing file /opt/airflow/dags/meteorisk_dag.py for tasks to queue
[2026-09-18T14:48:50.629+0000] {logging_mixin.py:188} INFO - [2026-09-18T14:48:50.628+0000] {dagbag.py:545} INFO - Filling up the DagBag from /opt/airflow/dags/meteorisk_dag.py
[2026-09-18T14:48:50.668+0000] {processor.py:840} INFO - DAG(s) 'meteorisk_pipeline' retrieved from /opt/airflow/dags/meteorisk_dag.py
[2026-09-18T14:48:50.712+0000] {logging_mixin.py:188} INFO - [2026-09-18T14:48:50.711+0000] {dag.py:3089} INFO - Sync 1 DAGs
[2026-09-18T14:48:50.743+0000] {logging_mixin.py:188} INFO - [2026-09-18T14:48:50.743+0000] {dag.py:3947} INFO - Setting next_dagrun for meteorisk_pipeline to 2026-09-18 00:00:00+00:00, run_after=2026-09-19 00:00:00+00:00
[2026-09-18T14:48:50.772+0000] {processor.py:183} INFO - Processing /opt/airflow/dags/meteorisk_dag.py took 0.157 seconds
[2026-09-18T14:49:20.869+0000] {processor.py:161} INFO - Started process (PID=3907) to work on /opt/airflow/dags/meteorisk_dag.py
[2026-09-18T14:49:20.871+0000] {processor.py:830} INFO - Processing file /opt/airflow/dags/meteorisk_dag.py for tasks to queue
[2026-09-18T14:49:20.874+0000] {logging_mixin.py:188} INFO - [2026-09-18T14:49:20.874+0000] {dagbag.py:545} INFO - Filling up the DagBag from /opt/airflow/dags/meteorisk_dag.py
[2026-09-18T14:49:20.909+0000] {processor.py:840} INFO - DAG(s) 'meteorisk_pipeline' retrieved from /opt/airflow/dags/meteorisk_dag.py
[2026-09-18T14:49:20.960+0000] {logging_mixin.py:188} INFO - [2026-09-18T14:49:20.960+0000] {dag.py:3089} INFO - Sync 1 DAGs
[2026-09-18T14:49:20.994+0000] {logging_mixin.py:188} INFO - [2026-09-18T14:49:20.994+0000] {dag.py:3947} INFO - Setting next_dagrun for meteorisk_pipeline to 2026-09-18 00:00:00+00:00, run_after=2026-09-19 00:00:00+00:00
[2026-09-18T14:49:21.028+0000] {processor.py:183} INFO - Processing /opt/airflow/dags/meteorisk_dag.py took 0.166 seconds
[2026-09-18T14:49:51.240+0000] {processor.py:161} INFO - Started process (PID=3912) to work on /opt/airflow/dags/meteorisk_dag.py
[2026-09-18T14:49:51.242+0000] {processor.py:830} INFO - Processing file /opt/airflow/dags/meteorisk_dag.py for tasks to queue
[2026-09-18T14:49:51.245+0000] {logging_mixin.py:188} INFO - [2026-09-18T14:49:51.245+0000] {dagbag.py:545} INFO - Filling up the DagBag from /opt/airflow/dags/meteorisk_dag.py
[2026-09-18T14:49:51.279+0000] {processor.py:840} INFO - DAG(s) 'meteorisk_pipeline' retrieved from /opt/airflow/dags/meteorisk_dag.py
[2026-09-18T14:49:51.329+0000] {logging_mixin.py:188} INFO - [2026-09-18T14:49:51.328+0000] {dag.py:3089} INFO - Sync 1 DAGs
[2026-09-18T14:49:51.357+0000] {logging_mixin.py:188} INFO - [2026-09-18T14:49:51.357+0000] {dag.py:3947} INFO - Setting next_dagrun for meteorisk_pipeline to 2026-09-18 00:00:00+00:00, run_after=2026-09-19 00:00:00+00:00
[2026-09-18T14:49:51.387+0000] {processor.py:183} INFO - Processing /opt/airflow/dags/meteorisk_dag.py took 0.156 seconds
[2026-09-18T14:50:21.523+0000] {processor.py:161} INFO - Started process (PID=3917) to work on /opt/airflow/dags/meteorisk_dag.py
[2026-09-18T14:50:21.526+0000] {processor.py:830} INFO - Processing file /opt/airflow/dags/meteorisk_dag.py for tasks to queue
[2026-09-18T14:50:21.530+0000] {logging_mixin.py:188} INFO - [2026-09-18T14:50:21.530+0000] {dagbag.py:545} INFO - Filling up the DagBag from /opt/airflow/dags/meteorisk_dag.py
[2026-09-18T14:50:21.570+0000] {processor.py:840} INFO - DAG(s) 'meteorisk_pipeline' retrieved from /opt/airflow/dags/meteorisk_dag.py
[2026-09-18T14:50:21.619+0000] {logging_mixin.py:188} INFO - [2026-09-18T14:50:21.619+0000] {dag.py:3089} INFO - Sync 1 DAGs
[2026-09-18T14:50:21.653+0000] {logging_mixin.py:188} INFO - [2026-09-18T14:50:21.652+0000] {dag.py:3947} INFO - Setting next_dagrun for meteorisk_pipeline to 2026-09-18 00:00:00+00:00, run_after=2026-09-19 00:00:00+00:00
[2026-09-18T14:50:21.686+0000] {processor.py:183} INFO - Processing /opt/airflow/dags/meteorisk_dag.py took 0.172 seconds
[2026-09-18T14:50:51.882+0000] {processor.py:161} INFO - Started process (PID=3922) to work on /opt/airflow/dags/meteorisk_dag.py
[2026-09-18T14:50:51.884+0000] {processor.py:830} INFO - Processing file /opt/airflow/dags/meteorisk_dag.py for tasks to queue
[2026-09-18T14:50:51.887+0000] {logging_mixin.py:188} INFO - [2026-09-18T14:50:51.887+0000] {dagbag.py:545} INFO - Filling up the DagBag from /opt/airflow/dags/meteorisk_dag.py
[2026-09-18T14:50:51.932+0000] {processor.py:840} INFO - DAG(s) 'meteorisk_pipeline' retrieved from /opt/airflow/dags/meteorisk_dag.py
[2026-09-18T14:50:51.986+0000] {logging_mixin.py:188} INFO - [2026-09-18T14:50:51.985+0000] {dag.py:3089} INFO - Sync 1 DAGs
[2026-09-18T14:50:52.022+0000] {logging_mixin.py:188} INFO - [2026-09-18T14:50:52.022+0000] {dag.py:3947} INFO - Setting next_dagrun for meteorisk_pipeline to 2026-09-18 00:00:00+00:00, run_after=2026-09-19 00:00:00+00:00
[2026-09-18T14:50:52.056+0000] {processor.py:183} INFO - Processing /opt/airflow/dags/meteorisk_dag.py took 0.181 seconds
[2026-09-18T14:51:22.250+0000] {processor.py:161} INFO - Started process (PID=3927) to work on /opt/airflow/dags/meteorisk_dag.py
[2026-09-18T14:51:22.252+0000] {processor.py:830} INFO - Processing file /opt/airflow/dags/meteorisk_dag.py for tasks to queue
[2026-09-18T14:51:22.256+0000] {logging_mixin.py:188} INFO - [2026-09-18T14:51:22.255+0000] {dagbag.py:545} INFO - Filling up the DagBag from /opt/airflow/dags/meteorisk_dag.py
[2026-09-18T14:51:22.290+0000] {processor.py:840} INFO - DAG(s) 'meteorisk_pipeline' retrieved from /opt/airflow/dags/meteorisk_dag.py
[2026-09-18T14:51:22.333+0000] {logging_mixin.py:188} INFO - [2026-09-18T14:51:22.333+0000] {dag.py:3089} INFO - Sync 1 DAGs
[2026-09-18T14:51:22.371+0000] {logging_mixin.py:188} INFO - [2026-09-18T14:51:22.370+0000] {dag.py:3947} INFO - Setting next_dagrun for meteorisk_pipeline to 2026-09-18 00:00:00+00:00, run_after=2026-09-19 00:00:00+00:00
[2026-09-18T14:51:22.398+0000] {processor.py:183} INFO - Processing /opt/airflow/dags/meteorisk_dag.py took 0.156 seconds
[2026-09-18T14:51:52.573+0000] {processor.py:161} INFO - Started process (PID=3932) to work on /opt/airflow/dags/meteorisk_dag.py
[2026-09-18T14:51:52.575+0000] {processor.py:830} INFO - Processing file /opt/airflow/dags/meteorisk_dag.py for tasks to queue
[2026-09-18T14:51:52.580+0000] {logging_mixin.py:188} INFO - [2026-09-18T14:51:52.579+0000] {dagbag.py:545} INFO - Filling up the DagBag from /opt/airflow/dags/meteorisk_dag.py
[2026-09-18T14:51:52.615+0000] {processor.py:840} INFO - DAG(s) 'meteorisk_pipeline' retrieved from /opt/airflow/dags/meteorisk_dag.py
[2026-09-18T14:51:52.658+0000] {logging_mixin.py:188} INFO - [2026-09-18T14:51:52.658+0000] {dag.py:3089} INFO - Sync 1 DAGs
[2026-09-18T14:51:52.686+0000] {logging_mixin.py:188} INFO - [2026-09-18T14:51:52.686+0000] {dag.py:3947} INFO - Setting next_dagrun for meteorisk_pipeline to 2026-09-18 00:00:00+00:00, run_after=2026-09-19 00:00:00+00:00
[2026-09-18T14:51:52.719+0000] {processor.py:183} INFO - Processing /opt/airflow/dags/meteorisk_dag.py took 0.155 seconds
[2026-09-18T14:52:22.913+0000] {processor.py:161} INFO - Started process (PID=3937) to work on /opt/airflow/dags/meteorisk_dag.py
[2026-09-18T14:52:22.915+0000] {processor.py:830} INFO - Processing file /opt/airflow/dags/meteorisk_dag.py for tasks to queue
[2026-09-18T14:52:22.922+0000] {logging_mixin.py:188} INFO - [2026-09-18T14:52:22.921+0000] {dagbag.py:545} INFO - Filling up the DagBag from /opt/airflow/dags/meteorisk_dag.py
[2026-09-18T14:52:22.961+0000] {processor.py:840} INFO - DAG(s) 'meteorisk_pipeline' retrieved from /opt/airflow/dags/meteorisk_dag.py
[2026-09-18T14:52:23.008+0000] {logging_mixin.py:188} INFO - [2026-09-18T14:52:23.007+0000] {dag.py:3089} INFO - Sync 1 DAGs
[2026-09-18T14:52:23.040+0000] {logging_mixin.py:188} INFO - [2026-09-18T14:52:23.040+0000] {dag.py:3947} INFO - Setting next_dagrun for meteorisk_pipeline to 2026-09-18 00:00:00+00:00, run_after=2026-09-19 00:00:00+00:00
[2026-09-18T14:52:23.069+0000] {processor.py:183} INFO - Processing /opt/airflow/dags/meteorisk_dag.py took 0.163 seconds
[2026-09-18T14:52:53.200+0000] {processor.py:161} INFO - Started process (PID=3942) to work on /opt/airflow/dags/meteorisk_dag.py
[2026-09-18T14:52:53.201+0000] {processor.py:830} INFO - Processing file /opt/airflow/dags/meteorisk_dag.py for tasks to queue
[2026-09-18T14:52:53.205+0000] {logging_mixin.py:188} INFO - [2026-09-18T14:52:53.205+0000] {dagbag.py:545} INFO - Filling up the DagBag from /opt/airflow/dags/meteorisk_dag.py
[2026-09-18T14:52:53.235+0000] {processor.py:840} INFO - DAG(s) 'meteorisk_pipeline' retrieved from /opt/airflow/dags/meteorisk_dag.py
[2026-09-18T14:52:53.281+0000] {logging_mixin.py:188} INFO - [2026-09-18T14:52:53.280+0000] {dag.py:3089} INFO - Sync 1 DAGs
[2026-09-18T14:52:53.310+0000] {logging_mixin.py:188} INFO - [2026-09-18T14:52:53.310+0000] {dag.py:3947} INFO - Setting next_dagrun for meteorisk_pipeline to 2026-09-18 00:00:00+00:00, run_after=2026-09-19 00:00:00+00:00
[2026-09-18T14:52:53.338+0000] {processor.py:183} INFO - Processing /opt/airflow/dags/meteorisk_dag.py took 0.145 seconds
[2026-09-18T14:53:23.553+0000] {processor.py:161} INFO - Started process (PID=3947) to work on /opt/airflow/dags/meteorisk_dag.py
[2026-09-18T14:53:23.554+0000] {processor.py:830} INFO - Processing file /opt/airflow/dags/meteorisk_dag.py for tasks to queue
[2026-09-18T14:53:23.560+0000] {logging_mixin.py:188} INFO - [2026-09-18T14:53:23.559+0000] {dagbag.py:545} INFO - Filling up the DagBag from /opt/airflow/dags/meteorisk_dag.py
[2026-09-18T14:53:23.594+0000] {processor.py:840} INFO - DAG(s) 'meteorisk_pipeline' retrieved from /opt/airflow/dags/meteorisk_dag.py
[2026-09-18T14:53:23.636+0000] {logging_mixin.py:188} INFO - [2026-09-18T14:53:23.636+0000] {dag.py:3089} INFO - Sync 1 DAGs
[2026-09-18T14:53:23.667+0000] {logging_mixin.py:188} INFO - [2026-09-18T14:53:23.667+0000] {dag.py:3947} INFO - Setting next_dagrun for meteorisk_pipeline to 2026-09-18 00:00:00+00:00, run_after=2026-09-19 00:00:00+00:00
[2026-09-18T14:53:23.697+0000] {processor.py:183} INFO - Processing /opt/airflow/dags/meteorisk_dag.py took 0.153 seconds
[2026-09-18T14:53:53.851+0000] {processor.py:161} INFO - Started process (PID=3952) to work on /opt/airflow/dags/meteorisk_dag.py
[2026-09-18T14:53:53.853+0000] {processor.py:830} INFO - Processing file /opt/airflow/dags/meteorisk_dag.py for tasks to queue
[2026-09-18T14:53:53.856+0000] {logging_mixin.py:188} INFO - [2026-09-18T14:53:53.856+0000] {dagbag.py:545} INFO - Filling up the DagBag from /opt/airflow/dags/meteorisk_dag.py
[2026-09-18T14:53:53.894+0000] {processor.py:840} INFO - DAG(s) 'meteorisk_pipeline' retrieved from /opt/airflow/dags/meteorisk_dag.py
[2026-09-18T14:53:53.942+0000] {logging_mixin.py:188} INFO - [2026-09-18T14:53:53.942+0000] {dag.py:3089} INFO - Sync 1 DAGs
[2026-09-18T14:53:53.974+0000] {logging_mixin.py:188} INFO - [2026-09-18T14:53:53.974+0000] {dag.py:3947} INFO - Setting next_dagrun for meteorisk_pipeline to 2026-09-18 00:00:00+00:00, run_after=2026-09-19 00:00:00+00:00
[2026-09-18T14:53:54.006+0000] {processor.py:183} INFO - Processing /opt/airflow/dags/meteorisk_dag.py took 0.165 seconds
[2026-09-18T14:54:24.213+0000] {processor.py:161} INFO - Started process (PID=3957) to work on /opt/airflow/dags/meteorisk_dag.py
[2026-09-18T14:54:24.215+0000] {processor.py:830} INFO - Processing file /opt/airflow/dags/meteorisk_dag.py for tasks to queue
[2026-09-18T14:54:24.219+0000] {logging_mixin.py:188} INFO - [2026-09-18T14:54:24.218+0000] {dagbag.py:545} INFO - Filling up the DagBag from /opt/airflow/dags/meteorisk_dag.py
[2026-09-18T14:54:24.257+0000] {processor.py:840} INFO - DAG(s) 'meteorisk_pipeline' retrieved from /opt/airflow/dags/meteorisk_dag.py
[2026-09-18T14:54:24.300+0000] {logging_mixin.py:188} INFO - [2026-09-18T14:54:24.300+0000] {dag.py:3089} INFO - Sync 1 DAGs
[2026-09-18T14:54:24.328+0000] {logging_mixin.py:188} INFO - [2026-09-18T14:54:24.328+0000] {dag.py:3947} INFO - Setting next_dagrun for meteorisk_pipeline to 2026-09-18 00:00:00+00:00, run_after=2026-09-19 00:00:00+00:00
[2026-09-18T14:54:24.359+0000] {processor.py:183} INFO - Processing /opt/airflow/dags/meteorisk_dag.py took 0.155 seconds
[2026-09-18T14:54:54.531+0000] {processor.py:161} INFO - Started process (PID=3962) to work on /opt/airflow/dags/meteorisk_dag.py
[2026-09-18T14:54:54.533+0000] {processor.py:830} INFO - Processing file /opt/airflow/dags/meteorisk_dag.py for tasks to queue
[2026-09-18T14:54:54.538+0000] {logging_mixin.py:188} INFO - [2026-09-18T14:54:54.537+0000] {dagbag.py:545} INFO - Filling up the DagBag from /opt/airflow/dags/meteorisk_dag.py
[2026-09-18T14:54:54.579+0000] {processor.py:840} INFO - DAG(s) 'meteorisk_pipeline' retrieved from /opt/airflow/dags/meteorisk_dag.py
[2026-09-18T14:54:54.635+0000] {logging_mixin.py:188} INFO - [2026-09-18T14:54:54.635+0000] {dag.py:3089} INFO - Sync 1 DAGs
[2026-09-18T14:54:54.666+0000] {logging_mixin.py:188} INFO - [2026-09-18T14:54:54.665+0000] {dag.py:3947} INFO - Setting next_dagrun for meteorisk_pipeline to 2026-09-18 00:00:00+00:00, run_after=2026-09-19 00:00:00+00:00
[2026-09-18T14:54:54.695+0000] {processor.py:183} INFO - Processing /opt/airflow/dags/meteorisk_dag.py took 0.174 seconds
[2026-09-18T14:55:24.886+0000] {processor.py:161} INFO - Started process (PID=3967) to work on /opt/airflow/dags/meteorisk_dag.py
[2026-09-18T14:55:24.888+0000] {processor.py:830} INFO - Processing file /opt/airflow/dags/meteorisk_dag.py for tasks to queue
[2026-09-18T14:55:24.890+0000] {logging_mixin.py:188} INFO - [2026-09-18T14:55:24.890+0000] {dagbag.py:545} INFO - Filling up the DagBag from /opt/airflow/dags/meteorisk_dag.py
[2026-09-18T14:55:24.919+0000] {processor.py:840} INFO - DAG(s) 'meteorisk_pipeline' retrieved from /opt/airflow/dags/meteorisk_dag.py
[2026-09-18T14:55:24.962+0000] {logging_mixin.py:188} INFO - [2026-09-18T14:55:24.962+0000] {dag.py:3089} INFO - Sync 1 DAGs
[2026-09-18T14:55:24.993+0000] {logging_mixin.py:188} INFO - [2026-09-18T14:55:24.993+0000] {dag.py:3947} INFO - Setting next_dagrun for meteorisk_pipeline to 2026-09-18 00:00:00+00:00, run_after=2026-09-19 00:00:00+00:00
[2026-09-18T14:55:25.019+0000] {processor.py:183} INFO - Processing /opt/airflow/dags/meteorisk_dag.py took 0.141 seconds
[2026-09-18T14:55:55.212+0000] {processor.py:161} INFO - Started process (PID=3972) to work on /opt/airflow/dags/meteorisk_dag.py
[2026-09-18T14:55:55.214+0000] {processor.py:830} INFO - Processing file /opt/airflow/dags/meteorisk_dag.py for tasks to queue
[2026-09-18T14:55:55.219+0000] {logging_mixin.py:188} INFO - [2026-09-18T14:55:55.218+0000] {dagbag.py:545} INFO - Filling up the DagBag from /opt/airflow/dags/meteorisk_dag.py
[2026-09-18T14:55:55.261+0000] {processor.py:840} INFO - DAG(s) 'meteorisk_pipeline' retrieved from /opt/airflow/dags/meteorisk_dag.py
[2026-09-18T14:55:55.315+0000] {logging_mixin.py:188} INFO - [2026-09-18T14:55:55.315+0000] {dag.py:3089} INFO - Sync 1 DAGs
[2026-09-18T14:55:55.352+0000] {logging_mixin.py:188} INFO - [2026-09-18T14:55:55.351+0000] {dag.py:3947} INFO - Setting next_dagrun for meteorisk_pipeline to 2026-09-18 00:00:00+00:00, run_after=2026-09-19 00:00:00+00:00
[2026-09-18T14:55:55.389+0000] {processor.py:183} INFO - Processing /opt/airflow/dags/meteorisk_dag.py took 0.189 seconds
[2026-09-18T14:56:25.598+0000] {processor.py:161} INFO - Started process (PID=3977) to work on /opt/airflow/dags/meteorisk_dag.py
[2026-09-18T14:56:25.601+0000] {processor.py:830} INFO - Processing file /opt/airflow/dags/meteorisk_dag.py for tasks to queue
[2026-09-18T14:56:25.604+0000] {logging_mixin.py:188} INFO - [2026-09-18T14:56:25.603+0000] {dagbag.py:545} INFO - Filling up the DagBag from /opt/airflow/dags/meteorisk_dag.py
[2026-09-18T14:56:25.647+0000] {processor.py:840} INFO - DAG(s) 'meteorisk_pipeline' retrieved from /opt/airflow/dags/meteorisk_dag.py
[2026-09-18T14:56:25.690+0000] {logging_mixin.py:188} INFO - [2026-09-18T14:56:25.690+0000] {dag.py:3089} INFO - Sync 1 DAGs
[2026-09-18T14:56:25.721+0000] {logging_mixin.py:188} INFO - [2026-09-18T14:56:25.721+0000] {dag.py:3947} INFO - Setting next_dagrun for meteorisk_pipeline to 2026-09-18 00:00:00+00:00, run_after=2026-09-19 00:00:00+00:00
[2026-09-18T14:56:25.753+0000] {processor.py:183} INFO - Processing /opt/airflow/dags/meteorisk_dag.py took 0.165 seconds
[2026-09-18T14:56:56.033+0000] {processor.py:161} INFO - Started process (PID=3982) to work on /opt/airflow/dags/meteorisk_dag.py
[2026-09-18T14:56:56.036+0000] {processor.py:830} INFO - Processing file /opt/airflow/dags/meteorisk_dag.py for tasks to queue
[2026-09-18T14:56:56.042+0000] {logging_mixin.py:188} INFO - [2026-09-18T14:56:56.041+0000] {dagbag.py:545} INFO - Filling up the DagBag from /opt/airflow/dags/meteorisk_dag.py
[2026-09-18T14:56:56.112+0000] {processor.py:840} INFO - DAG(s) 'meteorisk_pipeline' retrieved from /opt/airflow/dags/meteorisk_dag.py
[2026-09-18T14:56:56.173+0000] {logging_mixin.py:188} INFO - [2026-09-18T14:56:56.172+0000] {dag.py:3089} INFO - Sync 1 DAGs
[2026-09-18T14:56:56.210+0000] {logging_mixin.py:188} INFO - [2026-09-18T14:56:56.210+0000] {dag.py:3947} INFO - Setting next_dagrun for meteorisk_pipeline to 2026-09-18 00:00:00+00:00, run_after=2026-09-19 00:00:00+00:00
[2026-09-18T14:56:56.242+0000] {processor.py:183} INFO - Processing /opt/airflow/dags/meteorisk_dag.py took 0.219 seconds
[2026-09-18T14:57:26.391+0000] {processor.py:161} INFO - Started process (PID=3987) to work on /opt/airflow/dags/meteorisk_dag.py
[2026-09-18T14:57:26.393+0000] {processor.py:830} INFO - Processing file /opt/airflow/dags/meteorisk_dag.py for tasks to queue
[2026-09-18T14:57:26.396+0000] {logging_mixin.py:188} INFO - [2026-09-18T14:57:26.396+0000] {dagbag.py:545} INFO - Filling up the DagBag from /opt/airflow/dags/meteorisk_dag.py
[2026-09-18T14:57:26.431+0000] {processor.py:840} INFO - DAG(s) 'meteorisk_pipeline' retrieved from /opt/airflow/dags/meteorisk_dag.py
[2026-09-18T14:57:26.484+0000] {logging_mixin.py:188} INFO - [2026-09-18T14:57:26.483+0000] {dag.py:3089} INFO - Sync 1 DAGs
[2026-09-18T14:57:26.515+0000] {logging_mixin.py:188} INFO - [2026-09-18T14:57:26.515+0000] {dag.py:3947} INFO - Setting next_dagrun for meteorisk_pipeline to 2026-09-18 00:00:00+00:00, run_after=2026-09-19 00:00:00+00:00
[2026-09-18T14:57:26.548+0000] {processor.py:183} INFO - Processing /opt/airflow/dags/meteorisk_dag.py took 0.164 seconds
[2026-09-18T14:57:56.645+0000] {processor.py:161} INFO - Started process (PID=3992) to work on /opt/airflow/dags/meteorisk_dag.py
[2026-09-18T14:57:56.646+0000] {processor.py:830} INFO - Processing file /opt/airflow/dags/meteorisk_dag.py for tasks to queue
[2026-09-18T14:57:56.649+0000] {logging_mixin.py:188} INFO - [2026-09-18T14:57:56.648+0000] {dagbag.py:545} INFO - Filling up the DagBag from /opt/airflow/dags/meteorisk_dag.py
[2026-09-18T14:57:56.685+0000] {processor.py:840} INFO - DAG(s) 'meteorisk_pipeline' retrieved from /opt/airflow/dags/meteorisk_dag.py
[2026-09-18T14:57:56.731+0000] {logging_mixin.py:188} INFO - [2026-09-18T14:57:56.731+0000] {dag.py:3089} INFO - Sync 1 DAGs
[2026-09-18T14:57:56.760+0000] {logging_mixin.py:188} INFO - [2026-09-18T14:57:56.760+0000] {dag.py:3947} INFO - Setting next_dagrun for meteorisk_pipeline to 2026-09-18 00:00:00+00:00, run_after=2026-09-19 00:00:00+00:00
[2026-09-18T14:57:56.791+0000] {processor.py:183} INFO - Processing /opt/airflow/dags/meteorisk_dag.py took 0.154 seconds
[2026-09-18T14:58:26.919+0000] {processor.py:161} INFO - Started process (PID=3997) to work on /opt/airflow/dags/meteorisk_dag.py
[2026-09-18T14:58:26.922+0000] {processor.py:830} INFO - Processing file /opt/airflow/dags/meteorisk_dag.py for tasks to queue
[2026-09-18T14:58:26.925+0000] {logging_mixin.py:188} INFO - [2026-09-18T14:58:26.925+0000] {dagbag.py:545} INFO - Filling up the DagBag from /opt/airflow/dags/meteorisk_dag.py
[2026-09-18T14:58:26.962+0000] {processor.py:840} INFO - DAG(s) 'meteorisk_pipeline' retrieved from /opt/airflow/dags/meteorisk_dag.py
[2026-09-18T14:58:27.018+0000] {logging_mixin.py:188} INFO - [2026-09-18T14:58:27.017+0000] {dag.py:3089} INFO - Sync 1 DAGs
[2026-09-18T14:58:27.051+0000] {logging_mixin.py:188} INFO - [2026-09-18T14:58:27.050+0000] {dag.py:3947} INFO - Setting next_dagrun for meteorisk_pipeline to 2026-09-18 00:00:00+00:00, run_after=2026-09-19 00:00:00+00:00
[2026-09-18T14:58:27.082+0000] {processor.py:183} INFO - Processing /opt/airflow/dags/meteorisk_dag.py took 0.171 seconds
[2026-09-18T14:58:57.326+0000] {processor.py:161} INFO - Started process (PID=4002) to work on /opt/airflow/dags/meteorisk_dag.py
[2026-09-18T14:58:57.328+0000] {processor.py:830} INFO - Processing file /opt/airflow/dags/meteorisk_dag.py for tasks to queue
[2026-09-18T14:58:57.331+0000] {logging_mixin.py:188} INFO - [2026-09-18T14:58:57.331+0000] {dagbag.py:545} INFO - Filling up the DagBag from /opt/airflow/dags/meteorisk_dag.py
[2026-09-18T14:58:57.370+0000] {processor.py:840} INFO - DAG(s) 'meteorisk_pipeline' retrieved from /opt/airflow/dags/meteorisk_dag.py
[2026-09-18T14:58:57.422+0000] {logging_mixin.py:188} INFO - [2026-09-18T14:58:57.421+0000] {dag.py:3089} INFO - Sync 1 DAGs
[2026-09-18T14:58:57.459+0000] {logging_mixin.py:188} INFO - [2026-09-18T14:58:57.459+0000] {dag.py:3947} INFO - Setting next_dagrun for meteorisk_pipeline to 2026-09-18 00:00:00+00:00, run_after=2026-09-19 00:00:00+00:00
[2026-09-18T14:58:57.490+0000] {processor.py:183} INFO - Processing /opt/airflow/dags/meteorisk_dag.py took 0.178 seconds
[2026-09-18T14:59:27.625+0000] {processor.py:161} INFO - Started process (PID=4007) to work on /opt/airflow/dags/meteorisk_dag.py
[2026-09-18T14:59:27.627+0000] {processor.py:830} INFO - Processing file /opt/airflow/dags/meteorisk_dag.py for tasks to queue
[2026-09-18T14:59:27.630+0000] {logging_mixin.py:188} INFO - [2026-09-18T14:59:27.629+0000] {dagbag.py:545} INFO - Filling up the DagBag from /opt/airflow/dags/meteorisk_dag.py
[2026-09-18T14:59:27.659+0000] {processor.py:840} INFO - DAG(s) 'meteorisk_pipeline' retrieved from /opt/airflow/dags/meteorisk_dag.py
[2026-09-18T14:59:27.708+0000] {logging_mixin.py:188} INFO - [2026-09-18T14:59:27.707+0000] {dag.py:3089} INFO - Sync 1 DAGs
[2026-09-18T14:59:27.743+0000] {logging_mixin.py:188} INFO - [2026-09-18T14:59:27.743+0000] {dag.py:3947} INFO - Setting next_dagrun for meteorisk_pipeline to 2026-09-18 00:00:00+00:00, run_after=2026-09-19 00:00:00+00:00
[2026-09-18T14:59:27.774+0000] {processor.py:183} INFO - Processing /opt/airflow/dags/meteorisk_dag.py took 0.158 seconds
[2026-09-18T14:59:58.072+0000] {processor.py:161} INFO - Started process (PID=4012) to work on /opt/airflow/dags/meteorisk_dag.py
[2026-09-18T14:59:58.074+0000] {processor.py:830} INFO - Processing file /opt/airflow/dags/meteorisk_dag.py for tasks to queue
[2026-09-18T14:59:58.076+0000] {logging_mixin.py:188} INFO - [2026-09-18T14:59:58.076+0000] {dagbag.py:545} INFO - Filling up the DagBag from /opt/airflow/dags/meteorisk_dag.py
[2026-09-18T14:59:58.113+0000] {processor.py:840} INFO - DAG(s) 'meteorisk_pipeline' retrieved from /opt/airflow/dags/meteorisk_dag.py
[2026-09-18T14:59:58.158+0000] {logging_mixin.py:188} INFO - [2026-09-18T14:59:58.157+0000] {dag.py:3089} INFO - Sync 1 DAGs
[2026-09-18T14:59:58.192+0000] {logging_mixin.py:188} INFO - [2026-09-18T14:59:58.192+0000] {dag.py:3947} INFO - Setting next_dagrun for meteorisk_pipeline to 2026-09-18 00:00:00+00:00, run_after=2026-09-19 00:00:00+00:00
[2026-09-18T14:59:58.221+0000] {processor.py:183} INFO - Processing /opt/airflow/dags/meteorisk_dag.py took 0.156 seconds
[2026-09-18T15:00:28.388+0000] {processor.py:161} INFO - Started process (PID=4017) to work on /opt/airflow/dags/meteorisk_dag.py
[2026-09-18T15:00:28.391+0000] {processor.py:830} INFO - Processing file /opt/airflow/dags/meteorisk_dag.py for tasks to queue
[2026-09-18T15:00:28.394+0000] {logging_mixin.py:188} INFO - [2026-09-18T15:00:28.394+0000] {dagbag.py:545} INFO - Filling up the DagBag from /opt/airflow/dags/meteorisk_dag.py
[2026-09-18T15:00:28.463+0000] {processor.py:840} INFO - DAG(s) 'meteorisk_pipeline' retrieved from /opt/airflow/dags/meteorisk_dag.py
[2026-09-18T15:00:28.542+0000] {logging_mixin.py:188} INFO - [2026-09-18T15:00:28.542+0000] {dag.py:3089} INFO - Sync 1 DAGs
[2026-09-18T15:00:28.577+0000] {logging_mixin.py:188} INFO - [2026-09-18T15:00:28.576+0000] {dag.py:3947} INFO - Setting next_dagrun for meteorisk_pipeline to 2026-09-18 00:00:00+00:00, run_after=2026-09-19 00:00:00+00:00
[2026-09-18T15:00:28.609+0000] {processor.py:183} INFO - Processing /opt/airflow/dags/meteorisk_dag.py took 0.233 seconds
[2026-09-18T15:00:58.769+0000] {processor.py:161} INFO - Started process (PID=4022) to work on /opt/airflow/dags/meteorisk_dag.py
[2026-09-18T15:00:58.770+0000] {processor.py:830} INFO - Processing file /opt/airflow/dags/meteorisk_dag.py for tasks to queue
[2026-09-18T15:00:58.773+0000] {logging_mixin.py:188} INFO - [2026-09-18T15:00:58.773+0000] {dagbag.py:545} INFO - Filling up the DagBag from /opt/airflow/dags/meteorisk_dag.py
[2026-09-18T15:00:58.808+0000] {processor.py:840} INFO - DAG(s) 'meteorisk_pipeline' retrieved from /opt/airflow/dags/meteorisk_dag.py
[2026-09-18T15:00:58.856+0000] {logging_mixin.py:188} INFO - [2026-09-18T15:00:58.856+0000] {dag.py:3089} INFO - Sync 1 DAGs
[2026-09-18T15:00:58.887+0000] {logging_mixin.py:188} INFO - [2026-09-18T15:00:58.887+0000] {dag.py:3947} INFO - Setting next_dagrun for meteorisk_pipeline to 2026-09-18 00:00:00+00:00, run_after=2026-09-19 00:00:00+00:00
[2026-09-18T15:00:58.918+0000] {processor.py:183} INFO - Processing /opt/airflow/dags/meteorisk_dag.py took 0.158 seconds
[2026-09-18T15:01:29.255+0000] {processor.py:161} INFO - Started process (PID=4027) to work on /opt/airflow/dags/meteorisk_dag.py
[2026-09-18T15:01:29.257+0000] {processor.py:830} INFO - Processing file /opt/airflow/dags/meteorisk_dag.py for tasks to queue
[2026-09-18T15:01:29.260+0000] {logging_mixin.py:188} INFO - [2026-09-18T15:01:29.260+0000] {dagbag.py:545} INFO - Filling up the DagBag from /opt/airflow/dags/meteorisk_dag.py
[2026-09-18T15:01:29.298+0000] {processor.py:840} INFO - DAG(s) 'meteorisk_pipeline' retrieved from /opt/airflow/dags/meteorisk_dag.py
[2026-09-18T15:01:29.346+0000] {logging_mixin.py:188} INFO - [2026-09-18T15:01:29.345+0000] {dag.py:3089} INFO - Sync 1 DAGs
[2026-09-18T15:01:29.378+0000] {logging_mixin.py:188} INFO - [2026-09-18T15:01:29.378+0000] {dag.py:3947} INFO - Setting next_dagrun for meteorisk_pipeline to 2026-09-18 00:00:00+00:00, run_after=2026-09-19 00:00:00+00:00
[2026-09-18T15:01:29.412+0000] {processor.py:183} INFO - Processing /opt/airflow/dags/meteorisk_dag.py took 0.166 seconds
[2026-09-18T15:01:59.533+0000] {processor.py:161} INFO - Started process (PID=4032) to work on /opt/airflow/dags/meteorisk_dag.py
[2026-09-18T15:01:59.535+0000] {processor.py:830} INFO - Processing file /opt/airflow/dags/meteorisk_dag.py for tasks to queue
[2026-09-18T15:01:59.539+0000] {logging_mixin.py:188} INFO - [2026-09-18T15:01:59.538+0000] {dagbag.py:545} INFO - Filling up the DagBag from /opt/airflow/dags/meteorisk_dag.py
[2026-09-18T15:01:59.577+0000] {processor.py:840} INFO - DAG(s) 'meteorisk_pipeline' retrieved from /opt/airflow/dags/meteorisk_dag.py
[2026-09-18T15:01:59.627+0000] {logging_mixin.py:188} INFO - [2026-09-18T15:01:59.626+0000] {dag.py:3089} INFO - Sync 1 DAGs
[2026-09-18T15:01:59.661+0000] {logging_mixin.py:188} INFO - [2026-09-18T15:01:59.660+0000] {dag.py:3947} INFO - Setting next_dagrun for meteorisk_pipeline to 2026-09-18 00:00:00+00:00, run_after=2026-09-19 00:00:00+00:00
[2026-09-18T15:01:59.691+0000] {processor.py:183} INFO - Processing /opt/airflow/dags/meteorisk_dag.py took 0.169 seconds
[2026-09-18T15:02:29.984+0000] {processor.py:161} INFO - Started process (PID=4037) to work on /opt/airflow/dags/meteorisk_dag.py
[2026-09-18T15:02:29.986+0000] {processor.py:830} INFO - Processing file /opt/airflow/dags/meteorisk_dag.py for tasks to queue
[2026-09-18T15:02:29.990+0000] {logging_mixin.py:188} INFO - [2026-09-18T15:02:29.989+0000] {dagbag.py:545} INFO - Filling up the DagBag from /opt/airflow/dags/meteorisk_dag.py
[2026-09-18T15:02:30.038+0000] {processor.py:840} INFO - DAG(s) 'meteorisk_pipeline' retrieved from /opt/airflow/dags/meteorisk_dag.py
[2026-09-18T15:02:30.093+0000] {logging_mixin.py:188} INFO - [2026-09-18T15:02:30.092+0000] {dag.py:3089} INFO - Sync 1 DAGs
[2026-09-18T15:02:30.128+0000] {logging_mixin.py:188} INFO - [2026-09-18T15:02:30.128+0000] {dag.py:3947} INFO - Setting next_dagrun for meteorisk_pipeline to 2026-09-18 00:00:00+00:00, run_after=2026-09-19 00:00:00+00:00
[2026-09-18T15:02:30.162+0000] {processor.py:183} INFO - Processing /opt/airflow/dags/meteorisk_dag.py took 0.187 seconds
[2026-09-18T15:03:00.253+0000] {processor.py:161} INFO - Started process (PID=4042) to work on /opt/airflow/dags/meteorisk_dag.py
[2026-09-18T15:03:00.256+0000] {processor.py:830} INFO - Processing file /opt/airflow/dags/meteorisk_dag.py for tasks to queue
[2026-09-18T15:03:00.259+0000] {logging_mixin.py:188} INFO - [2026-09-18T15:03:00.258+0000] {dagbag.py:545} INFO - Filling up the DagBag from /opt/airflow/dags/meteorisk_dag.py
[2026-09-18T15:03:00.297+0000] {processor.py:840} INFO - DAG(s) 'meteorisk_pipeline' retrieved from /opt/airflow/dags/meteorisk_dag.py
[2026-09-18T15:03:00.345+0000] {logging_mixin.py:188} INFO - [2026-09-18T15:03:00.344+0000] {dag.py:3089} INFO - Sync 1 DAGs
[2026-09-18T15:03:00.377+0000] {logging_mixin.py:188} INFO - [2026-09-18T15:03:00.376+0000] {dag.py:3947} INFO - Setting next_dagrun for meteorisk_pipeline to 2026-09-18 00:00:00+00:00, run_after=2026-09-19 00:00:00+00:00
[2026-09-18T15:03:00.410+0000] {processor.py:183} INFO - Processing /opt/airflow/dags/meteorisk_dag.py took 0.165 seconds
[2026-09-18T15:03:30.746+0000] {processor.py:161} INFO - Started process (PID=4047) to work on /opt/airflow/dags/meteorisk_dag.py
[2026-09-18T15:03:30.748+0000] {processor.py:830} INFO - Processing file /opt/airflow/dags/meteorisk_dag.py for tasks to queue
[2026-09-18T15:03:30.752+0000] {logging_mixin.py:188} INFO - [2026-09-18T15:03:30.751+0000] {dagbag.py:545} INFO - Filling up the DagBag from /opt/airflow/dags/meteorisk_dag.py
[2026-09-18T15:03:30.789+0000] {processor.py:840} INFO - DAG(s) 'meteorisk_pipeline' retrieved from /opt/airflow/dags/meteorisk_dag.py
[2026-09-18T15:03:30.833+0000] {logging_mixin.py:188} INFO - [2026-09-18T15:03:30.833+0000] {dag.py:3089} INFO - Sync 1 DAGs
[2026-09-18T15:03:30.866+0000] {logging_mixin.py:188} INFO - [2026-09-18T15:03:30.866+0000] {dag.py:3947} INFO - Setting next_dagrun for meteorisk_pipeline to 2026-09-18 00:00:00+00:00, run_after=2026-09-19 00:00:00+00:00
[2026-09-18T15:03:30.895+0000] {processor.py:183} INFO - Processing /opt/airflow/dags/meteorisk_dag.py took 0.156 seconds
[2026-09-18T15:04:01.000+0000] {processor.py:161} INFO - Started process (PID=4052) to work on /opt/airflow/dags/meteorisk_dag.py
[2026-09-18T15:04:01.001+0000] {processor.py:830} INFO - Processing file /opt/airflow/dags/meteorisk_dag.py for tasks to queue
[2026-09-18T15:04:01.004+0000] {logging_mixin.py:188} INFO - [2026-09-18T15:04:01.004+0000] {dagbag.py:545} INFO - Filling up the DagBag from /opt/airflow/dags/meteorisk_dag.py
[2026-09-18T15:04:01.043+0000] {processor.py:840} INFO - DAG(s) 'meteorisk_pipeline' retrieved from /opt/airflow/dags/meteorisk_dag.py
[2026-09-18T15:04:01.098+0000] {logging_mixin.py:188} INFO - [2026-09-18T15:04:01.098+0000] {dag.py:3089} INFO - Sync 1 DAGs
[2026-09-18T15:04:01.138+0000] {logging_mixin.py:188} INFO - [2026-09-18T15:04:01.138+0000] {dag.py:3947} INFO - Setting next_dagrun for meteorisk_pipeline to 2026-09-18 00:00:00+00:00, run_after=2026-09-19 00:00:00+00:00
[2026-09-18T15:04:01.175+0000] {processor.py:183} INFO - Processing /opt/airflow/dags/meteorisk_dag.py took 0.183 seconds
[2026-09-18T15:04:31.463+0000] {processor.py:161} INFO - Started process (PID=4057) to work on /opt/airflow/dags/meteorisk_dag.py
[2026-09-18T15:04:31.465+0000] {processor.py:830} INFO - Processing file /opt/airflow/dags/meteorisk_dag.py for tasks to queue
[2026-09-18T15:04:31.468+0000] {logging_mixin.py:188} INFO - [2026-09-18T15:04:31.468+0000] {dagbag.py:545} INFO - Filling up the DagBag from /opt/airflow/dags/meteorisk_dag.py
[2026-09-18T15:04:31.501+0000] {processor.py:840} INFO - DAG(s) 'meteorisk_pipeline' retrieved from /opt/airflow/dags/meteorisk_dag.py
[2026-09-18T15:04:31.545+0000] {logging_mixin.py:188} INFO - [2026-09-18T15:04:31.544+0000] {dag.py:3089} INFO - Sync 1 DAGs
[2026-09-18T15:04:31.577+0000] {logging_mixin.py:188} INFO - [2026-09-18T15:04:31.576+0000] {dag.py:3947} INFO - Setting next_dagrun for meteorisk_pipeline to 2026-09-18 00:00:00+00:00, run_after=2026-09-19 00:00:00+00:00
[2026-09-18T15:04:31.610+0000] {processor.py:183} INFO - Processing /opt/airflow/dags/meteorisk_dag.py took 0.157 seconds
[2026-09-18T15:05:01.720+0000] {processor.py:161} INFO - Started process (PID=4062) to work on /opt/airflow/dags/meteorisk_dag.py
[2026-09-18T15:05:01.722+0000] {processor.py:830} INFO - Processing file /opt/airflow/dags/meteorisk_dag.py for tasks to queue
[2026-09-18T15:05:01.726+0000] {logging_mixin.py:188} INFO - [2026-09-18T15:05:01.725+0000] {dagbag.py:545} INFO - Filling up the DagBag from /opt/airflow/dags/meteorisk_dag.py
[2026-09-18T15:05:01.762+0000] {processor.py:840} INFO - DAG(s) 'meteorisk_pipeline' retrieved from /opt/airflow/dags/meteorisk_dag.py
[2026-09-18T15:05:01.807+0000] {logging_mixin.py:188} INFO - [2026-09-18T15:05:01.807+0000] {dag.py:3089} INFO - Sync 1 DAGs
[2026-09-18T15:05:01.838+0000] {logging_mixin.py:188} INFO - [2026-09-18T15:05:01.838+0000] {dag.py:3947} INFO - Setting next_dagrun for meteorisk_pipeline to 2026-09-18 00:00:00+00:00, run_after=2026-09-19 00:00:00+00:00
[2026-09-18T15:05:01.869+0000] {processor.py:183} INFO - Processing /opt/airflow/dags/meteorisk_dag.py took 0.158 seconds
[2026-09-18T15:05:32.153+0000] {processor.py:161} INFO - Started process (PID=4067) to work on /opt/airflow/dags/meteorisk_dag.py
[2026-09-18T15:05:32.155+0000] {processor.py:830} INFO - Processing file /opt/airflow/dags/meteorisk_dag.py for tasks to queue
[2026-09-18T15:05:32.159+0000] {logging_mixin.py:188} INFO - [2026-09-18T15:05:32.158+0000] {dagbag.py:545} INFO - Filling up the DagBag from /opt/airflow/dags/meteorisk_dag.py
[2026-09-18T15:05:32.218+0000] {processor.py:840} INFO - DAG(s) 'meteorisk_pipeline' retrieved from /opt/airflow/dags/meteorisk_dag.py
[2026-09-18T15:05:32.303+0000] {logging_mixin.py:188} INFO - [2026-09-18T15:05:32.302+0000] {dag.py:3089} INFO - Sync 1 DAGs
[2026-09-18T15:05:32.348+0000] {logging_mixin.py:188} INFO - [2026-09-18T15:05:32.347+0000] {dag.py:3947} INFO - Setting next_dagrun for meteorisk_pipeline to 2026-09-18 00:00:00+00:00, run_after=2026-09-19 00:00:00+00:00
[2026-09-18T15:05:32.406+0000] {processor.py:183} INFO - Processing /opt/airflow/dags/meteorisk_dag.py took 0.260 seconds
[2026-09-18T15:06:02.731+0000] {processor.py:161} INFO - Started process (PID=4072) to work on /opt/airflow/dags/meteorisk_dag.py
[2026-09-18T15:06:02.733+0000] {processor.py:830} INFO - Processing file /opt/airflow/dags/meteorisk_dag.py for tasks to queue
[2026-09-18T15:06:02.736+0000] {logging_mixin.py:188} INFO - [2026-09-18T15:06:02.735+0000] {dagbag.py:545} INFO - Filling up the DagBag from /opt/airflow/dags/meteorisk_dag.py
[2026-09-18T15:06:02.776+0000] {processor.py:840} INFO - DAG(s) 'meteorisk_pipeline' retrieved from /opt/airflow/dags/meteorisk_dag.py
[2026-09-18T15:06:02.820+0000] {logging_mixin.py:188} INFO - [2026-09-18T15:06:02.819+0000] {dag.py:3089} INFO - Sync 1 DAGs
[2026-09-18T15:06:02.851+0000] {logging_mixin.py:188} INFO - [2026-09-18T15:06:02.850+0000] {dag.py:3947} INFO - Setting next_dagrun for meteorisk_pipeline to 2026-09-18 00:00:00+00:00, run_after=2026-09-19 00:00:00+00:00
[2026-09-18T15:06:02.884+0000] {processor.py:183} INFO - Processing /opt/airflow/dags/meteorisk_dag.py took 0.161 seconds
[2026-09-18T15:06:33.052+0000] {processor.py:161} INFO - Started process (PID=4077) to work on /opt/airflow/dags/meteorisk_dag.py
[2026-09-18T15:06:33.054+0000] {processor.py:830} INFO - Processing file /opt/airflow/dags/meteorisk_dag.py for tasks to queue
[2026-09-18T15:06:33.058+0000] {logging_mixin.py:188} INFO - [2026-09-18T15:06:33.057+0000] {dagbag.py:545} INFO - Filling up the DagBag from /opt/airflow/dags/meteorisk_dag.py
[2026-09-18T15:06:33.092+0000] {processor.py:840} INFO - DAG(s) 'meteorisk_pipeline' retrieved from /opt/airflow/dags/meteorisk_dag.py
[2026-09-18T15:06:33.148+0000] {logging_mixin.py:188} INFO - [2026-09-18T15:06:33.147+0000] {dag.py:3089} INFO - Sync 1 DAGs
[2026-09-18T15:06:33.187+0000] {logging_mixin.py:188} INFO - [2026-09-18T15:06:33.187+0000] {dag.py:3947} INFO - Setting next_dagrun for meteorisk_pipeline to 2026-09-18 00:00:00+00:00, run_after=2026-09-19 00:00:00+00:00
[2026-09-18T15:06:33.227+0000] {processor.py:183} INFO - Processing /opt/airflow/dags/meteorisk_dag.py took 0.182 seconds
[2026-09-18T15:07:03.446+0000] {processor.py:161} INFO - Started process (PID=4082) to work on /opt/airflow/dags/meteorisk_dag.py
[2026-09-18T15:07:03.448+0000] {processor.py:830} INFO - Processing file /opt/airflow/dags/meteorisk_dag.py for tasks to queue
[2026-09-18T15:07:03.452+0000] {logging_mixin.py:188} INFO - [2026-09-18T15:07:03.452+0000] {dagbag.py:545} INFO - Filling up the DagBag from /opt/airflow/dags/meteorisk_dag.py
[2026-09-18T15:07:03.496+0000] {processor.py:840} INFO - DAG(s) 'meteorisk_pipeline' retrieved from /opt/airflow/dags/meteorisk_dag.py
[2026-09-18T15:07:03.540+0000] {logging_mixin.py:188} INFO - [2026-09-18T15:07:03.539+0000] {dag.py:3089} INFO - Sync 1 DAGs
[2026-09-18T15:07:03.571+0000] {logging_mixin.py:188} INFO - [2026-09-18T15:07:03.570+0000] {dag.py:3947} INFO - Setting next_dagrun for meteorisk_pipeline to 2026-09-18 00:00:00+00:00, run_after=2026-09-19 00:00:00+00:00
[2026-09-18T15:07:03.602+0000] {processor.py:183} INFO - Processing /opt/airflow/dags/meteorisk_dag.py took 0.168 seconds
[2026-09-18T15:07:33.810+0000] {processor.py:161} INFO - Started process (PID=4087) to work on /opt/airflow/dags/meteorisk_dag.py
[2026-09-18T15:07:33.811+0000] {processor.py:830} INFO - Processing file /opt/airflow/dags/meteorisk_dag.py for tasks to queue
[2026-09-18T15:07:33.815+0000] {logging_mixin.py:188} INFO - [2026-09-18T15:07:33.814+0000] {dagbag.py:545} INFO - Filling up the DagBag from /opt/airflow/dags/meteorisk_dag.py
[2026-09-18T15:07:33.854+0000] {processor.py:840} INFO - DAG(s) 'meteorisk_pipeline' retrieved from /opt/airflow/dags/meteorisk_dag.py
[2026-09-18T15:07:33.896+0000] {logging_mixin.py:188} INFO - [2026-09-18T15:07:33.896+0000] {dag.py:3089} INFO - Sync 1 DAGs
[2026-09-18T15:07:33.928+0000] {logging_mixin.py:188} INFO - [2026-09-18T15:07:33.928+0000] {dag.py:3947} INFO - Setting next_dagrun for meteorisk_pipeline to 2026-09-18 00:00:00+00:00, run_after=2026-09-19 00:00:00+00:00
[2026-09-18T15:07:33.960+0000] {processor.py:183} INFO - Processing /opt/airflow/dags/meteorisk_dag.py took 0.159 seconds
[2026-09-18T15:08:04.132+0000] {processor.py:161} INFO - Started process (PID=4092) to work on /opt/airflow/dags/meteorisk_dag.py
[2026-09-18T15:08:04.135+0000] {processor.py:830} INFO - Processing file /opt/airflow/dags/meteorisk_dag.py for tasks to queue
[2026-09-18T15:08:04.139+0000] {logging_mixin.py:188} INFO - [2026-09-18T15:08:04.138+0000] {dagbag.py:545} INFO - Filling up the DagBag from /opt/airflow/dags/meteorisk_dag.py
[2026-09-18T15:08:04.179+0000] {processor.py:840} INFO - DAG(s) 'meteorisk_pipeline' retrieved from /opt/airflow/dags/meteorisk_dag.py
[2026-09-18T15:08:04.225+0000] {logging_mixin.py:188} INFO - [2026-09-18T15:08:04.224+0000] {dag.py:3089} INFO - Sync 1 DAGs
[2026-09-18T15:08:04.253+0000] {logging_mixin.py:188} INFO - [2026-09-18T15:08:04.253+0000] {dag.py:3947} INFO - Setting next_dagrun for meteorisk_pipeline to 2026-09-18 00:00:00+00:00, run_after=2026-09-19 00:00:00+00:00
[2026-09-18T15:08:04.284+0000] {processor.py:183} INFO - Processing /opt/airflow/dags/meteorisk_dag.py took 0.160 seconds
[2026-09-18T15:08:34.569+0000] {processor.py:161} INFO - Started process (PID=4097) to work on /opt/airflow/dags/meteorisk_dag.py
[2026-09-18T15:08:34.572+0000] {processor.py:830} INFO - Processing file /opt/airflow/dags/meteorisk_dag.py for tasks to queue
[2026-09-18T15:08:34.578+0000] {logging_mixin.py:188} INFO - [2026-09-18T15:08:34.578+0000] {dagbag.py:545} INFO - Filling up the DagBag from /opt/airflow/dags/meteorisk_dag.py
[2026-09-18T15:08:34.614+0000] {processor.py:840} INFO - DAG(s) 'meteorisk_pipeline' retrieved from /opt/airflow/dags/meteorisk_dag.py
[2026-09-18T15:08:34.664+0000] {logging_mixin.py:188} INFO - [2026-09-18T15:08:34.664+0000] {dag.py:3089} INFO - Sync 1 DAGs
[2026-09-18T15:08:34.698+0000] {logging_mixin.py:188} INFO - [2026-09-18T15:08:34.698+0000] {dag.py:3947} INFO - Setting next_dagrun for meteorisk_pipeline to 2026-09-18 00:00:00+00:00, run_after=2026-09-19 00:00:00+00:00
[2026-09-18T15:08:34.731+0000] {processor.py:183} INFO - Processing /opt/airflow/dags/meteorisk_dag.py took 0.175 seconds
[2026-09-18T15:09:05.020+0000] {processor.py:161} INFO - Started process (PID=4102) to work on /opt/airflow/dags/meteorisk_dag.py
[2026-09-18T15:09:05.022+0000] {processor.py:830} INFO - Processing file /opt/airflow/dags/meteorisk_dag.py for tasks to queue
[2026-09-18T15:09:05.026+0000] {logging_mixin.py:188} INFO - [2026-09-18T15:09:05.025+0000] {dagbag.py:545} INFO - Filling up the DagBag from /opt/airflow/dags/meteorisk_dag.py
[2026-09-18T15:09:05.099+0000] {processor.py:840} INFO - DAG(s) 'meteorisk_pipeline' retrieved from /opt/airflow/dags/meteorisk_dag.py
[2026-09-18T15:09:05.153+0000] {logging_mixin.py:188} INFO - [2026-09-18T15:09:05.153+0000] {dag.py:3089} INFO - Sync 1 DAGs
[2026-09-18T15:09:05.186+0000] {logging_mixin.py:188} INFO - [2026-09-18T15:09:05.186+0000] {dag.py:3947} INFO - Setting next_dagrun for meteorisk_pipeline to 2026-09-18 00:00:00+00:00, run_after=2026-09-19 00:00:00+00:00
[2026-09-18T15:09:05.222+0000] {processor.py:183} INFO - Processing /opt/airflow/dags/meteorisk_dag.py took 0.211 seconds
[2026-09-18T15:09:35.486+0000] {processor.py:161} INFO - Started process (PID=4107) to work on /opt/airflow/dags/meteorisk_dag.py
[2026-09-18T15:09:35.490+0000] {processor.py:830} INFO - Processing file /opt/airflow/dags/meteorisk_dag.py for tasks to queue
[2026-09-18T15:09:35.499+0000] {logging_mixin.py:188} INFO - [2026-09-18T15:09:35.497+0000] {dagbag.py:545} INFO - Filling up the DagBag from /opt/airflow/dags/meteorisk_dag.py
[2026-09-18T15:09:35.565+0000] {processor.py:840} INFO - DAG(s) 'meteorisk_pipeline' retrieved from /opt/airflow/dags/meteorisk_dag.py
[2026-09-18T15:09:35.660+0000] {logging_mixin.py:188} INFO - [2026-09-18T15:09:35.659+0000] {dag.py:3089} INFO - Sync 1 DAGs
[2026-09-18T15:09:35.711+0000] {logging_mixin.py:188} INFO - [2026-09-18T15:09:35.710+0000] {dag.py:3947} INFO - Setting next_dagrun for meteorisk_pipeline to 2026-09-18 00:00:00+00:00, run_after=2026-09-19 00:00:00+00:00
[2026-09-18T15:09:35.747+0000] {processor.py:183} INFO - Processing /opt/airflow/dags/meteorisk_dag.py took 0.279 seconds
[2026-09-18T15:10:05.977+0000] {processor.py:161} INFO - Started process (PID=4112) to work on /opt/airflow/dags/meteorisk_dag.py
[2026-09-18T15:10:05.980+0000] {processor.py:830} INFO - Processing file /opt/airflow/dags/meteorisk_dag.py for tasks to queue
[2026-09-18T15:10:05.985+0000] {logging_mixin.py:188} INFO - [2026-09-18T15:10:05.985+0000] {dagbag.py:545} INFO - Filling up the DagBag from /opt/airflow/dags/meteorisk_dag.py
[2026-09-18T15:10:06.047+0000] {processor.py:840} INFO - DAG(s) 'meteorisk_pipeline' retrieved from /opt/airflow/dags/meteorisk_dag.py
[2026-09-18T15:10:06.119+0000] {logging_mixin.py:188} INFO - [2026-09-18T15:10:06.118+0000] {dag.py:3089} INFO - Sync 1 DAGs
[2026-09-18T15:10:06.168+0000] {logging_mixin.py:188} INFO - [2026-09-18T15:10:06.168+0000] {dag.py:3947} INFO - Setting next_dagrun for meteorisk_pipeline to 2026-09-18 00:00:00+00:00, run_after=2026-09-19 00:00:00+00:00
[2026-09-18T15:10:06.216+0000] {processor.py:183} INFO - Processing /opt/airflow/dags/meteorisk_dag.py took 0.247 seconds
[2026-09-18T15:10:36.481+0000] {processor.py:161} INFO - Started process (PID=4117) to work on /opt/airflow/dags/meteorisk_dag.py
[2026-09-18T15:10:36.485+0000] {processor.py:830} INFO - Processing file /opt/airflow/dags/meteorisk_dag.py for tasks to queue
[2026-09-18T15:10:36.491+0000] {logging_mixin.py:188} INFO - [2026-09-18T15:10:36.489+0000] {dagbag.py:545} INFO - Filling up the DagBag from /opt/airflow/dags/meteorisk_dag.py
[2026-09-18T15:10:36.554+0000] {processor.py:840} INFO - DAG(s) 'meteorisk_pipeline' retrieved from /opt/airflow/dags/meteorisk_dag.py
[2026-09-18T15:10:36.608+0000] {logging_mixin.py:188} INFO - [2026-09-18T15:10:36.608+0000] {dag.py:3089} INFO - Sync 1 DAGs
[2026-09-18T15:10:36.658+0000] {logging_mixin.py:188} INFO - [2026-09-18T15:10:36.658+0000] {dag.py:3947} INFO - Setting next_dagrun for meteorisk_pipeline to 2026-09-18 00:00:00+00:00, run_after=2026-09-19 00:00:00+00:00
[2026-09-18T15:10:36.725+0000] {processor.py:183} INFO - Processing /opt/airflow/dags/meteorisk_dag.py took 0.253 seconds
[2026-09-18T15:11:06.938+0000] {processor.py:161} INFO - Started process (PID=4122) to work on /opt/airflow/dags/meteorisk_dag.py
[2026-09-18T15:11:06.940+0000] {processor.py:830} INFO - Processing file /opt/airflow/dags/meteorisk_dag.py for tasks to queue
[2026-09-18T15:11:06.945+0000] {logging_mixin.py:188} INFO - [2026-09-18T15:11:06.943+0000] {dagbag.py:545} INFO - Filling up the DagBag from /opt/airflow/dags/meteorisk_dag.py
[2026-09-18T15:11:07.007+0000] {processor.py:840} INFO - DAG(s) 'meteorisk_pipeline' retrieved from /opt/airflow/dags/meteorisk_dag.py
[2026-09-18T15:11:07.068+0000] {logging_mixin.py:188} INFO - [2026-09-18T15:11:07.067+0000] {dag.py:3089} INFO - Sync 1 DAGs
[2026-09-18T15:11:07.107+0000] {logging_mixin.py:188} INFO - [2026-09-18T15:11:07.106+0000] {dag.py:3947} INFO - Setting next_dagrun for meteorisk_pipeline to 2026-09-18 00:00:00+00:00, run_after=2026-09-19 00:00:00+00:00
[2026-09-18T15:11:07.143+0000] {processor.py:183} INFO - Processing /opt/airflow/dags/meteorisk_dag.py took 0.219 seconds
[2026-09-18T15:11:37.560+0000] {processor.py:161} INFO - Started process (PID=4127) to work on /opt/airflow/dags/meteorisk_dag.py
[2026-09-18T15:11:37.562+0000] {processor.py:830} INFO - Processing file /opt/airflow/dags/meteorisk_dag.py for tasks to queue
[2026-09-18T15:11:37.566+0000] {logging_mixin.py:188} INFO - [2026-09-18T15:11:37.566+0000] {dagbag.py:545} INFO - Filling up the DagBag from /opt/airflow/dags/meteorisk_dag.py
[2026-09-18T15:11:37.618+0000] {processor.py:840} INFO - DAG(s) 'meteorisk_pipeline' retrieved from /opt/airflow/dags/meteorisk_dag.py
[2026-09-18T15:11:37.689+0000] {logging_mixin.py:188} INFO - [2026-09-18T15:11:37.688+0000] {dag.py:3089} INFO - Sync 1 DAGs
[2026-09-18T15:11:37.724+0000] {logging_mixin.py:188} INFO - [2026-09-18T15:11:37.723+0000] {dag.py:3947} INFO - Setting next_dagrun for meteorisk_pipeline to 2026-09-18 00:00:00+00:00, run_after=2026-09-19 00:00:00+00:00
[2026-09-18T15:11:37.762+0000] {processor.py:183} INFO - Processing /opt/airflow/dags/meteorisk_dag.py took 0.211 seconds
[2026-09-18T15:12:07.913+0000] {processor.py:161} INFO - Started process (PID=4132) to work on /opt/airflow/dags/meteorisk_dag.py
[2026-09-18T15:12:07.916+0000] {processor.py:830} INFO - Processing file /opt/airflow/dags/meteorisk_dag.py for tasks to queue
[2026-09-18T15:12:07.918+0000] {logging_mixin.py:188} INFO - [2026-09-18T15:12:07.918+0000] {dagbag.py:545} INFO - Filling up the DagBag from /opt/airflow/dags/meteorisk_dag.py
[2026-09-18T15:12:07.975+0000] {processor.py:840} INFO - DAG(s) 'meteorisk_pipeline' retrieved from /opt/airflow/dags/meteorisk_dag.py
[2026-09-18T15:12:08.023+0000] {logging_mixin.py:188} INFO - [2026-09-18T15:12:08.023+0000] {dag.py:3089} INFO - Sync 1 DAGs
[2026-09-18T15:12:08.063+0000] {logging_mixin.py:188} INFO - [2026-09-18T15:12:08.062+0000] {dag.py:3947} INFO - Setting next_dagrun for meteorisk_pipeline to 2026-09-18 00:00:00+00:00, run_after=2026-09-19 00:00:00+00:00
[2026-09-18T15:12:08.095+0000] {processor.py:183} INFO - Processing /opt/airflow/dags/meteorisk_dag.py took 0.190 seconds
[2026-09-18T15:12:38.508+0000] {processor.py:161} INFO - Started process (PID=4137) to work on /opt/airflow/dags/meteorisk_dag.py
[2026-09-18T15:12:38.511+0000] {processor.py:830} INFO - Processing file /opt/airflow/dags/meteorisk_dag.py for tasks to queue
[2026-09-18T15:12:38.514+0000] {logging_mixin.py:188} INFO - [2026-09-18T15:12:38.513+0000] {dagbag.py:545} INFO - Filling up the DagBag from /opt/airflow/dags/meteorisk_dag.py
[2026-09-18T15:12:38.563+0000] {processor.py:840} INFO - DAG(s) 'meteorisk_pipeline' retrieved from /opt/airflow/dags/meteorisk_dag.py
[2026-09-18T15:12:38.613+0000] {logging_mixin.py:188} INFO - [2026-09-18T15:12:38.613+0000] {dag.py:3089} INFO - Sync 1 DAGs
[2026-09-18T15:12:38.646+0000] {logging_mixin.py:188} INFO - [2026-09-18T15:12:38.646+0000] {dag.py:3947} INFO - Setting next_dagrun for meteorisk_pipeline to 2026-09-18 00:00:00+00:00, run_after=2026-09-19 00:00:00+00:00
[2026-09-18T15:12:38.680+0000] {processor.py:183} INFO - Processing /opt/airflow/dags/meteorisk_dag.py took 0.184 seconds
[2026-09-18T15:13:08.822+0000] {processor.py:161} INFO - Started process (PID=4142) to work on /opt/airflow/dags/meteorisk_dag.py
[2026-09-18T15:13:08.824+0000] {processor.py:830} INFO - Processing file /opt/airflow/dags/meteorisk_dag.py for tasks to queue
[2026-09-18T15:13:08.826+0000] {logging_mixin.py:188} INFO - [2026-09-18T15:13:08.826+0000] {dagbag.py:545} INFO - Filling up the DagBag from /opt/airflow/dags/meteorisk_dag.py
[2026-09-18T15:13:08.860+0000] {processor.py:840} INFO - DAG(s) 'meteorisk_pipeline' retrieved from /opt/airflow/dags/meteorisk_dag.py
[2026-09-18T15:13:08.905+0000] {logging_mixin.py:188} INFO - [2026-09-18T15:13:08.905+0000] {dag.py:3089} INFO - Sync 1 DAGs
[2026-09-18T15:13:08.936+0000] {logging_mixin.py:188} INFO - [2026-09-18T15:13:08.935+0000] {dag.py:3947} INFO - Setting next_dagrun for meteorisk_pipeline to 2026-09-18 00:00:00+00:00, run_after=2026-09-19 00:00:00+00:00
[2026-09-18T15:13:08.969+0000] {processor.py:183} INFO - Processing /opt/airflow/dags/meteorisk_dag.py took 0.156 seconds
[2026-09-18T15:13:39.270+0000] {processor.py:161} INFO - Started process (PID=4147) to work on /opt/airflow/dags/meteorisk_dag.py
[2026-09-18T15:13:39.272+0000] {processor.py:830} INFO - Processing file /opt/airflow/dags/meteorisk_dag.py for tasks to queue
[2026-09-18T15:13:39.277+0000] {logging_mixin.py:188} INFO - [2026-09-18T15:13:39.276+0000] {dagbag.py:545} INFO - Filling up the DagBag from /opt/airflow/dags/meteorisk_dag.py
[2026-09-18T15:13:39.322+0000] {processor.py:840} INFO - DAG(s) 'meteorisk_pipeline' retrieved from /opt/airflow/dags/meteorisk_dag.py
[2026-09-18T15:13:39.364+0000] {logging_mixin.py:188} INFO - [2026-09-18T15:13:39.364+0000] {dag.py:3089} INFO - Sync 1 DAGs
[2026-09-18T15:13:39.396+0000] {logging_mixin.py:188} INFO - [2026-09-18T15:13:39.396+0000] {dag.py:3947} INFO - Setting next_dagrun for meteorisk_pipeline to 2026-09-18 00:00:00+00:00, run_after=2026-09-19 00:00:00+00:00
[2026-09-18T15:13:39.425+0000] {processor.py:183} INFO - Processing /opt/airflow/dags/meteorisk_dag.py took 0.163 seconds
[2026-09-18T15:14:09.559+0000] {processor.py:161} INFO - Started process (PID=4152) to work on /opt/airflow/dags/meteorisk_dag.py
[2026-09-18T15:14:09.562+0000] {processor.py:830} INFO - Processing file /opt/airflow/dags/meteorisk_dag.py for tasks to queue
[2026-09-18T15:14:09.565+0000] {logging_mixin.py:188} INFO - [2026-09-18T15:14:09.565+0000] {dagbag.py:545} INFO - Filling up the DagBag from /opt/airflow/dags/meteorisk_dag.py
[2026-09-18T15:14:09.610+0000] {processor.py:840} INFO - DAG(s) 'meteorisk_pipeline' retrieved from /opt/airflow/dags/meteorisk_dag.py
[2026-09-18T15:14:09.655+0000] {logging_mixin.py:188} INFO - [2026-09-18T15:14:09.655+0000] {dag.py:3089} INFO - Sync 1 DAGs
[2026-09-18T15:14:09.686+0000] {logging_mixin.py:188} INFO - [2026-09-18T15:14:09.685+0000] {dag.py:3947} INFO - Setting next_dagrun for meteorisk_pipeline to 2026-09-18 00:00:00+00:00, run_after=2026-09-19 00:00:00+00:00
[2026-09-18T15:14:09.717+0000] {processor.py:183} INFO - Processing /opt/airflow/dags/meteorisk_dag.py took 0.165 seconds
[2026-09-18T15:14:39.995+0000] {processor.py:161} INFO - Started process (PID=4157) to work on /opt/airflow/dags/meteorisk_dag.py
[2026-09-18T15:14:39.997+0000] {processor.py:830} INFO - Processing file /opt/airflow/dags/meteorisk_dag.py for tasks to queue
[2026-09-18T15:14:40.000+0000] {logging_mixin.py:188} INFO - [2026-09-18T15:14:39.999+0000] {dagbag.py:545} INFO - Filling up the DagBag from /opt/airflow/dags/meteorisk_dag.py
[2026-09-18T15:14:40.030+0000] {processor.py:840} INFO - DAG(s) 'meteorisk_pipeline' retrieved from /opt/airflow/dags/meteorisk_dag.py
[2026-09-18T15:14:40.073+0000] {logging_mixin.py:188} INFO - [2026-09-18T15:14:40.072+0000] {dag.py:3089} INFO - Sync 1 DAGs
[2026-09-18T15:14:40.104+0000] {logging_mixin.py:188} INFO - [2026-09-18T15:14:40.104+0000] {dag.py:3947} INFO - Setting next_dagrun for meteorisk_pipeline to 2026-09-18 00:00:00+00:00, run_after=2026-09-19 00:00:00+00:00
[2026-09-18T15:14:40.136+0000] {processor.py:183} INFO - Processing /opt/airflow/dags/meteorisk_dag.py took 0.149 seconds
[2026-09-18T15:15:10.313+0000] {processor.py:161} INFO - Started process (PID=4162) to work on /opt/airflow/dags/meteorisk_dag.py
[2026-09-18T15:15:10.316+0000] {processor.py:830} INFO - Processing file /opt/airflow/dags/meteorisk_dag.py for tasks to queue
[2026-09-18T15:15:10.320+0000] {logging_mixin.py:188} INFO - [2026-09-18T15:15:10.319+0000] {dagbag.py:545} INFO - Filling up the DagBag from /opt/airflow/dags/meteorisk_dag.py
[2026-09-18T15:15:10.372+0000] {processor.py:840} INFO - DAG(s) 'meteorisk_pipeline' retrieved from /opt/airflow/dags/meteorisk_dag.py
[2026-09-18T15:15:10.422+0000] {logging_mixin.py:188} INFO - [2026-09-18T15:15:10.421+0000] {dag.py:3089} INFO - Sync 1 DAGs
[2026-09-18T15:15:10.454+0000] {logging_mixin.py:188} INFO - [2026-09-18T15:15:10.453+0000] {dag.py:3947} INFO - Setting next_dagrun for meteorisk_pipeline to 2026-09-18 00:00:00+00:00, run_after=2026-09-19 00:00:00+00:00
[2026-09-18T15:15:10.632+0000] {processor.py:183} INFO - Processing /opt/airflow/dags/meteorisk_dag.py took 0.327 seconds
[2026-09-18T15:15:40.740+0000] {processor.py:161} INFO - Started process (PID=4167) to work on /opt/airflow/dags/meteorisk_dag.py
[2026-09-18T15:15:40.742+0000] {processor.py:830} INFO - Processing file /opt/airflow/dags/meteorisk_dag.py for tasks to queue
[2026-09-18T15:15:40.747+0000] {logging_mixin.py:188} INFO - [2026-09-18T15:15:40.746+0000] {dagbag.py:545} INFO - Filling up the DagBag from /opt/airflow/dags/meteorisk_dag.py
[2026-09-18T15:15:40.805+0000] {processor.py:840} INFO - DAG(s) 'meteorisk_pipeline' retrieved from /opt/airflow/dags/meteorisk_dag.py
[2026-09-18T15:15:40.862+0000] {logging_mixin.py:188} INFO - [2026-09-18T15:15:40.861+0000] {dag.py:3089} INFO - Sync 1 DAGs
[2026-09-18T15:15:40.896+0000] {logging_mixin.py:188} INFO - [2026-09-18T15:15:40.895+0000] {dag.py:3947} INFO - Setting next_dagrun for meteorisk_pipeline to 2026-09-18 00:00:00+00:00, run_after=2026-09-19 00:00:00+00:00
[2026-09-18T15:15:40.928+0000] {processor.py:183} INFO - Processing /opt/airflow/dags/meteorisk_dag.py took 0.197 seconds
[2026-09-18T15:16:11.173+0000] {processor.py:161} INFO - Started process (PID=4172) to work on /opt/airflow/dags/meteorisk_dag.py
[2026-09-18T15:16:11.175+0000] {processor.py:830} INFO - Processing file /opt/airflow/dags/meteorisk_dag.py for tasks to queue
[2026-09-18T15:16:11.178+0000] {logging_mixin.py:188} INFO - [2026-09-18T15:16:11.177+0000] {dagbag.py:545} INFO - Filling up the DagBag from /opt/airflow/dags/meteorisk_dag.py
[2026-09-18T15:16:11.212+0000] {processor.py:840} INFO - DAG(s) 'meteorisk_pipeline' retrieved from /opt/airflow/dags/meteorisk_dag.py
[2026-09-18T15:16:11.261+0000] {logging_mixin.py:188} INFO - [2026-09-18T15:16:11.260+0000] {dag.py:3089} INFO - Sync 1 DAGs
[2026-09-18T15:16:11.304+0000] {logging_mixin.py:188} INFO - [2026-09-18T15:16:11.304+0000] {dag.py:3947} INFO - Setting next_dagrun for meteorisk_pipeline to 2026-09-18 00:00:00+00:00, run_after=2026-09-19 00:00:00+00:00
[2026-09-18T15:16:11.336+0000] {processor.py:183} INFO - Processing /opt/airflow/dags/meteorisk_dag.py took 0.172 seconds
[2026-09-18T15:16:41.522+0000] {processor.py:161} INFO - Started process (PID=4177) to work on /opt/airflow/dags/meteorisk_dag.py
[2026-09-18T15:16:41.525+0000] {processor.py:830} INFO - Processing file /opt/airflow/dags/meteorisk_dag.py for tasks to queue
[2026-09-18T15:16:41.532+0000] {logging_mixin.py:188} INFO - [2026-09-18T15:16:41.531+0000] {dagbag.py:545} INFO - Filling up the DagBag from /opt/airflow/dags/meteorisk_dag.py
[2026-09-18T15:16:41.574+0000] {processor.py:840} INFO - DAG(s) 'meteorisk_pipeline' retrieved from /opt/airflow/dags/meteorisk_dag.py
[2026-09-18T15:16:41.621+0000] {logging_mixin.py:188} INFO - [2026-09-18T15:16:41.621+0000] {dag.py:3089} INFO - Sync 1 DAGs
[2026-09-18T15:16:41.663+0000] {logging_mixin.py:188} INFO - [2026-09-18T15:16:41.662+0000] {dag.py:3947} INFO - Setting next_dagrun for meteorisk_pipeline to 2026-09-18 00:00:00+00:00, run_after=2026-09-19 00:00:00+00:00
[2026-09-18T15:16:41.699+0000] {processor.py:183} INFO - Processing /opt/airflow/dags/meteorisk_dag.py took 0.186 seconds
[2026-09-18T15:17:11.894+0000] {processor.py:161} INFO - Started process (PID=4182) to work on /opt/airflow/dags/meteorisk_dag.py
[2026-09-18T15:17:11.896+0000] {processor.py:830} INFO - Processing file /opt/airflow/dags/meteorisk_dag.py for tasks to queue
[2026-09-18T15:17:11.899+0000] {logging_mixin.py:188} INFO - [2026-09-18T15:17:11.898+0000] {dagbag.py:545} INFO - Filling up the DagBag from /opt/airflow/dags/meteorisk_dag.py
[2026-09-18T15:17:11.933+0000] {processor.py:840} INFO - DAG(s) 'meteorisk_pipeline' retrieved from /opt/airflow/dags/meteorisk_dag.py
[2026-09-18T15:17:11.986+0000] {logging_mixin.py:188} INFO - [2026-09-18T15:17:11.985+0000] {dag.py:3089} INFO - Sync 1 DAGs
[2026-09-18T15:17:12.019+0000] {logging_mixin.py:188} INFO - [2026-09-18T15:17:12.018+0000] {dag.py:3947} INFO - Setting next_dagrun for meteorisk_pipeline to 2026-09-18 00:00:00+00:00, run_after=2026-09-19 00:00:00+00:00
[2026-09-18T15:17:12.050+0000] {processor.py:183} INFO - Processing /opt/airflow/dags/meteorisk_dag.py took 0.164 seconds
[2026-09-18T15:17:42.300+0000] {processor.py:161} INFO - Started process (PID=4187) to work on /opt/airflow/dags/meteorisk_dag.py
[2026-09-18T15:17:42.303+0000] {processor.py:830} INFO - Processing file /opt/airflow/dags/meteorisk_dag.py for tasks to queue
[2026-09-18T15:17:42.309+0000] {logging_mixin.py:188} INFO - [2026-09-18T15:17:42.309+0000] {dagbag.py:545} INFO - Filling up the DagBag from /opt/airflow/dags/meteorisk_dag.py
[2026-09-18T15:17:42.355+0000] {processor.py:840} INFO - DAG(s) 'meteorisk_pipeline' retrieved from /opt/airflow/dags/meteorisk_dag.py
[2026-09-18T15:17:42.409+0000] {logging_mixin.py:188} INFO - [2026-09-18T15:17:42.408+0000] {dag.py:3089} INFO - Sync 1 DAGs
[2026-09-18T15:17:42.443+0000] {logging_mixin.py:188} INFO - [2026-09-18T15:17:42.442+0000] {dag.py:3947} INFO - Setting next_dagrun for meteorisk_pipeline to 2026-09-18 00:00:00+00:00, run_after=2026-09-19 00:00:00+00:00
[2026-09-18T15:17:42.477+0000] {processor.py:183} INFO - Processing /opt/airflow/dags/meteorisk_dag.py took 0.191 seconds
[2026-09-18T15:18:12.749+0000] {processor.py:161} INFO - Started process (PID=4192) to work on /opt/airflow/dags/meteorisk_dag.py
[2026-09-18T15:18:12.751+0000] {processor.py:830} INFO - Processing file /opt/airflow/dags/meteorisk_dag.py for tasks to queue
[2026-09-18T15:18:12.755+0000] {logging_mixin.py:188} INFO - [2026-09-18T15:18:12.754+0000] {dagbag.py:545} INFO - Filling up the DagBag from /opt/airflow/dags/meteorisk_dag.py
[2026-09-18T15:18:12.819+0000] {processor.py:840} INFO - DAG(s) 'meteorisk_pipeline' retrieved from /opt/airflow/dags/meteorisk_dag.py
[2026-09-18T15:18:12.883+0000] {logging_mixin.py:188} INFO - [2026-09-18T15:18:12.883+0000] {dag.py:3089} INFO - Sync 1 DAGs
[2026-09-18T15:18:12.931+0000] {logging_mixin.py:188} INFO - [2026-09-18T15:18:12.931+0000] {dag.py:3947} INFO - Setting next_dagrun for meteorisk_pipeline to 2026-09-18 00:00:00+00:00, run_after=2026-09-19 00:00:00+00:00
[2026-09-18T15:18:13.005+0000] {processor.py:183} INFO - Processing /opt/airflow/dags/meteorisk_dag.py took 0.269 seconds
[2026-09-18T15:18:43.216+0000] {processor.py:161} INFO - Started process (PID=4197) to work on /opt/airflow/dags/meteorisk_dag.py
[2026-09-18T15:18:43.218+0000] {processor.py:830} INFO - Processing file /opt/airflow/dags/meteorisk_dag.py for tasks to queue
[2026-09-18T15:18:43.221+0000] {logging_mixin.py:188} INFO - [2026-09-18T15:18:43.221+0000] {dagbag.py:545} INFO - Filling up the DagBag from /opt/airflow/dags/meteorisk_dag.py
[2026-09-18T15:18:43.282+0000] {processor.py:840} INFO - DAG(s) 'meteorisk_pipeline' retrieved from /opt/airflow/dags/meteorisk_dag.py
[2026-09-18T15:18:43.341+0000] {logging_mixin.py:188} INFO - [2026-09-18T15:18:43.341+0000] {dag.py:3089} INFO - Sync 1 DAGs
[2026-09-18T15:18:43.377+0000] {logging_mixin.py:188} INFO - [2026-09-18T15:18:43.377+0000] {dag.py:3947} INFO - Setting next_dagrun for meteorisk_pipeline to 2026-09-18 00:00:00+00:00, run_after=2026-09-19 00:00:00+00:00
[2026-09-18T15:18:43.419+0000] {processor.py:183} INFO - Processing /opt/airflow/dags/meteorisk_dag.py took 0.217 seconds
[2026-09-18T15:19:13.721+0000] {processor.py:161} INFO - Started process (PID=4202) to work on /opt/airflow/dags/meteorisk_dag.py
[2026-09-18T15:19:13.722+0000] {processor.py:830} INFO - Processing file /opt/airflow/dags/meteorisk_dag.py for tasks to queue
[2026-09-18T15:19:13.725+0000] {logging_mixin.py:188} INFO - [2026-09-18T15:19:13.725+0000] {dagbag.py:545} INFO - Filling up the DagBag from /opt/airflow/dags/meteorisk_dag.py
[2026-09-18T15:19:13.772+0000] {processor.py:840} INFO - DAG(s) 'meteorisk_pipeline' retrieved from /opt/airflow/dags/meteorisk_dag.py
[2026-09-18T15:19:13.828+0000] {logging_mixin.py:188} INFO - [2026-09-18T15:19:13.828+0000] {dag.py:3089} INFO - Sync 1 DAGs
[2026-09-18T15:19:13.866+0000] {logging_mixin.py:188} INFO - [2026-09-18T15:19:13.865+0000] {dag.py:3947} INFO - Setting next_dagrun for meteorisk_pipeline to 2026-09-18 00:00:00+00:00, run_after=2026-09-19 00:00:00+00:00
[2026-09-18T15:19:13.901+0000] {processor.py:183} INFO - Processing /opt/airflow/dags/meteorisk_dag.py took 0.189 seconds
[2026-09-18T15:19:44.142+0000] {processor.py:161} INFO - Started process (PID=4207) to work on /opt/airflow/dags/meteorisk_dag.py
[2026-09-18T15:19:44.144+0000] {processor.py:830} INFO - Processing file /opt/airflow/dags/meteorisk_dag.py for tasks to queue
[2026-09-18T15:19:44.150+0000] {logging_mixin.py:188} INFO - [2026-09-18T15:19:44.149+0000] {dagbag.py:545} INFO - Filling up the DagBag from /opt/airflow/dags/meteorisk_dag.py
[2026-09-18T15:19:44.228+0000] {processor.py:840} INFO - DAG(s) 'meteorisk_pipeline' retrieved from /opt/airflow/dags/meteorisk_dag.py
[2026-09-18T15:19:44.300+0000] {logging_mixin.py:188} INFO - [2026-09-18T15:19:44.300+0000] {dag.py:3089} INFO - Sync 1 DAGs
[2026-09-18T15:19:44.342+0000] {logging_mixin.py:188} INFO - [2026-09-18T15:19:44.341+0000] {dag.py:3947} INFO - Setting next_dagrun for meteorisk_pipeline to 2026-09-18 00:00:00+00:00, run_after=2026-09-19 00:00:00+00:00
[2026-09-18T15:19:44.379+0000] {processor.py:183} INFO - Processing /opt/airflow/dags/meteorisk_dag.py took 0.254 seconds
[2026-09-18T15:20:14.646+0000] {processor.py:161} INFO - Started process (PID=4212) to work on /opt/airflow/dags/meteorisk_dag.py
[2026-09-18T15:20:14.649+0000] {processor.py:830} INFO - Processing file /opt/airflow/dags/meteorisk_dag.py for tasks to queue
[2026-09-18T15:20:14.652+0000] {logging_mixin.py:188} INFO - [2026-09-18T15:20:14.651+0000] {dagbag.py:545} INFO - Filling up the DagBag from /opt/airflow/dags/meteorisk_dag.py
[2026-09-18T15:20:14.697+0000] {processor.py:840} INFO - DAG(s) 'meteorisk_pipeline' retrieved from /opt/airflow/dags/meteorisk_dag.py
[2026-09-18T15:20:14.766+0000] {logging_mixin.py:188} INFO - [2026-09-18T15:20:14.766+0000] {dag.py:3089} INFO - Sync 1 DAGs
[2026-09-18T15:20:14.807+0000] {logging_mixin.py:188} INFO - [2026-09-18T15:20:14.807+0000] {dag.py:3947} INFO - Setting next_dagrun for meteorisk_pipeline to 2026-09-18 00:00:00+00:00, run_after=2026-09-19 00:00:00+00:00
[2026-09-18T15:20:14.866+0000] {processor.py:183} INFO - Processing /opt/airflow/dags/meteorisk_dag.py took 0.228 seconds
[2026-09-18T15:20:45.116+0000] {processor.py:161} INFO - Started process (PID=4217) to work on /opt/airflow/dags/meteorisk_dag.py
[2026-09-18T15:20:45.118+0000] {processor.py:830} INFO - Processing file /opt/airflow/dags/meteorisk_dag.py for tasks to queue
[2026-09-18T15:20:45.122+0000] {logging_mixin.py:188} INFO - [2026-09-18T15:20:45.121+0000] {dagbag.py:545} INFO - Filling up the DagBag from /opt/airflow/dags/meteorisk_dag.py
[2026-09-18T15:20:45.173+0000] {processor.py:840} INFO - DAG(s) 'meteorisk_pipeline' retrieved from /opt/airflow/dags/meteorisk_dag.py
[2026-09-18T15:20:45.238+0000] {logging_mixin.py:188} INFO - [2026-09-18T15:20:45.238+0000] {dag.py:3089} INFO - Sync 1 DAGs
[2026-09-18T15:20:45.273+0000] {logging_mixin.py:188} INFO - [2026-09-18T15:20:45.273+0000] {dag.py:3947} INFO - Setting next_dagrun for meteorisk_pipeline to 2026-09-18 00:00:00+00:00, run_after=2026-09-19 00:00:00+00:00
[2026-09-18T15:20:45.304+0000] {processor.py:183} INFO - Processing /opt/airflow/dags/meteorisk_dag.py took 0.197 seconds
[2026-09-18T15:21:15.634+0000] {processor.py:161} INFO - Started process (PID=4222) to work on /opt/airflow/dags/meteorisk_dag.py
[2026-09-18T15:21:15.636+0000] {processor.py:830} INFO - Processing file /opt/airflow/dags/meteorisk_dag.py for tasks to queue
[2026-09-18T15:21:15.641+0000] {logging_mixin.py:188} INFO - [2026-09-18T15:21:15.640+0000] {dagbag.py:545} INFO - Filling up the DagBag from /opt/airflow/dags/meteorisk_dag.py
[2026-09-18T15:21:15.697+0000] {processor.py:840} INFO - DAG(s) 'meteorisk_pipeline' retrieved from /opt/airflow/dags/meteorisk_dag.py
[2026-09-18T15:21:15.760+0000] {logging_mixin.py:188} INFO - [2026-09-18T15:21:15.759+0000] {dag.py:3089} INFO - Sync 1 DAGs
[2026-09-18T15:21:15.818+0000] {logging_mixin.py:188} INFO - [2026-09-18T15:21:15.817+0000] {dag.py:3947} INFO - Setting next_dagrun for meteorisk_pipeline to 2026-09-18 00:00:00+00:00, run_after=2026-09-19 00:00:00+00:00
[2026-09-18T15:21:15.870+0000] {processor.py:183} INFO - Processing /opt/airflow/dags/meteorisk_dag.py took 0.244 seconds
[2026-09-18T15:21:46.129+0000] {processor.py:161} INFO - Started process (PID=4227) to work on /opt/airflow/dags/meteorisk_dag.py
[2026-09-18T15:21:46.132+0000] {processor.py:830} INFO - Processing file /opt/airflow/dags/meteorisk_dag.py for tasks to queue
[2026-09-18T15:21:46.136+0000] {logging_mixin.py:188} INFO - [2026-09-18T15:21:46.136+0000] {dagbag.py:545} INFO - Filling up the DagBag from /opt/airflow/dags/meteorisk_dag.py
[2026-09-18T15:21:46.179+0000] {processor.py:840} INFO - DAG(s) 'meteorisk_pipeline' retrieved from /opt/airflow/dags/meteorisk_dag.py
[2026-09-18T15:21:46.240+0000] {logging_mixin.py:188} INFO - [2026-09-18T15:21:46.240+0000] {dag.py:3089} INFO - Sync 1 DAGs
[2026-09-18T15:21:46.274+0000] {logging_mixin.py:188} INFO - [2026-09-18T15:21:46.274+0000] {dag.py:3947} INFO - Setting next_dagrun for meteorisk_pipeline to 2026-09-18 00:00:00+00:00, run_after=2026-09-19 00:00:00+00:00
[2026-09-18T15:21:46.310+0000] {processor.py:183} INFO - Processing /opt/airflow/dags/meteorisk_dag.py took 0.188 seconds
[2026-09-18T15:22:16.630+0000] {processor.py:161} INFO - Started process (PID=4232) to work on /opt/airflow/dags/meteorisk_dag.py
[2026-09-18T15:22:16.633+0000] {processor.py:830} INFO - Processing file /opt/airflow/dags/meteorisk_dag.py for tasks to queue
[2026-09-18T15:22:16.636+0000] {logging_mixin.py:188} INFO - [2026-09-18T15:22:16.636+0000] {dagbag.py:545} INFO - Filling up the DagBag from /opt/airflow/dags/meteorisk_dag.py
[2026-09-18T15:22:16.684+0000] {processor.py:840} INFO - DAG(s) 'meteorisk_pipeline' retrieved from /opt/airflow/dags/meteorisk_dag.py
[2026-09-18T15:22:16.735+0000] {logging_mixin.py:188} INFO - [2026-09-18T15:22:16.734+0000] {dag.py:3089} INFO - Sync 1 DAGs
[2026-09-18T15:22:16.773+0000] {logging_mixin.py:188} INFO - [2026-09-18T15:22:16.773+0000] {dag.py:3947} INFO - Setting next_dagrun for meteorisk_pipeline to 2026-09-18 00:00:00+00:00, run_after=2026-09-19 00:00:00+00:00
[2026-09-18T15:22:16.812+0000] {processor.py:183} INFO - Processing /opt/airflow/dags/meteorisk_dag.py took 0.194 seconds
[2026-09-18T15:22:47.083+0000] {processor.py:161} INFO - Started process (PID=4237) to work on /opt/airflow/dags/meteorisk_dag.py
[2026-09-18T15:22:47.085+0000] {processor.py:830} INFO - Processing file /opt/airflow/dags/meteorisk_dag.py for tasks to queue
[2026-09-18T15:22:47.088+0000] {logging_mixin.py:188} INFO - [2026-09-18T15:22:47.088+0000] {dagbag.py:545} INFO - Filling up the DagBag from /opt/airflow/dags/meteorisk_dag.py
[2026-09-18T15:22:47.165+0000] {processor.py:840} INFO - DAG(s) 'meteorisk_pipeline' retrieved from /opt/airflow/dags/meteorisk_dag.py
[2026-09-18T15:22:47.229+0000] {logging_mixin.py:188} INFO - [2026-09-18T15:22:47.228+0000] {dag.py:3089} INFO - Sync 1 DAGs
[2026-09-18T15:22:47.272+0000] {logging_mixin.py:188} INFO - [2026-09-18T15:22:47.271+0000] {dag.py:3947} INFO - Setting next_dagrun for meteorisk_pipeline to 2026-09-18 00:00:00+00:00, run_after=2026-09-19 00:00:00+00:00
[2026-09-18T15:22:47.305+0000] {processor.py:183} INFO - Processing /opt/airflow/dags/meteorisk_dag.py took 0.234 seconds
[2026-09-18T15:23:17.618+0000] {processor.py:161} INFO - Started process (PID=4242) to work on /opt/airflow/dags/meteorisk_dag.py
[2026-09-18T15:23:17.620+0000] {processor.py:830} INFO - Processing file /opt/airflow/dags/meteorisk_dag.py for tasks to queue
[2026-09-18T15:23:17.629+0000] {logging_mixin.py:188} INFO - [2026-09-18T15:23:17.628+0000] {dagbag.py:545} INFO - Filling up the DagBag from /opt/airflow/dags/meteorisk_dag.py
[2026-09-18T15:23:17.685+0000] {processor.py:840} INFO - DAG(s) 'meteorisk_pipeline' retrieved from /opt/airflow/dags/meteorisk_dag.py
[2026-09-18T15:23:17.735+0000] {logging_mixin.py:188} INFO - [2026-09-18T15:23:17.735+0000] {dag.py:3089} INFO - Sync 1 DAGs
[2026-09-18T15:23:17.770+0000] {logging_mixin.py:188} INFO - [2026-09-18T15:23:17.770+0000] {dag.py:3947} INFO - Setting next_dagrun for meteorisk_pipeline to 2026-09-18 00:00:00+00:00, run_after=2026-09-19 00:00:00+00:00
[2026-09-18T15:23:17.809+0000] {processor.py:183} INFO - Processing /opt/airflow/dags/meteorisk_dag.py took 0.208 seconds
[2026-09-18T15:23:48.073+0000] {processor.py:161} INFO - Started process (PID=4247) to work on /opt/airflow/dags/meteorisk_dag.py
[2026-09-18T15:23:48.077+0000] {processor.py:830} INFO - Processing file /opt/airflow/dags/meteorisk_dag.py for tasks to queue
[2026-09-18T15:23:48.084+0000] {logging_mixin.py:188} INFO - [2026-09-18T15:23:48.083+0000] {dagbag.py:545} INFO - Filling up the DagBag from /opt/airflow/dags/meteorisk_dag.py
[2026-09-18T15:23:48.119+0000] {processor.py:840} INFO - DAG(s) 'meteorisk_pipeline' retrieved from /opt/airflow/dags/meteorisk_dag.py
[2026-09-18T15:23:48.169+0000] {logging_mixin.py:188} INFO - [2026-09-18T15:23:48.169+0000] {dag.py:3089} INFO - Sync 1 DAGs
[2026-09-18T15:23:48.200+0000] {logging_mixin.py:188} INFO - [2026-09-18T15:23:48.200+0000] {dag.py:3947} INFO - Setting next_dagrun for meteorisk_pipeline to 2026-09-18 00:00:00+00:00, run_after=2026-09-19 00:00:00+00:00
[2026-09-18T15:23:48.231+0000] {processor.py:183} INFO - Processing /opt/airflow/dags/meteorisk_dag.py took 0.168 seconds
[2026-09-18T15:24:18.570+0000] {processor.py:161} INFO - Started process (PID=4252) to work on /opt/airflow/dags/meteorisk_dag.py
[2026-09-18T15:24:18.585+0000] {processor.py:830} INFO - Processing file /opt/airflow/dags/meteorisk_dag.py for tasks to queue
[2026-09-18T15:24:18.610+0000] {logging_mixin.py:188} INFO - [2026-09-18T15:24:18.609+0000] {dagbag.py:545} INFO - Filling up the DagBag from /opt/airflow/dags/meteorisk_dag.py
[2026-09-18T15:24:18.714+0000] {processor.py:840} INFO - DAG(s) 'meteorisk_pipeline' retrieved from /opt/airflow/dags/meteorisk_dag.py
[2026-09-18T15:24:18.815+0000] {logging_mixin.py:188} INFO - [2026-09-18T15:24:18.815+0000] {dag.py:3089} INFO - Sync 1 DAGs
[2026-09-18T15:24:18.933+0000] {logging_mixin.py:188} INFO - [2026-09-18T15:24:18.933+0000] {dag.py:3947} INFO - Setting next_dagrun for meteorisk_pipeline to 2026-09-18 00:00:00+00:00, run_after=2026-09-19 00:00:00+00:00
[2026-09-18T15:24:19.002+0000] {processor.py:183} INFO - Processing /opt/airflow/dags/meteorisk_dag.py took 0.458 seconds
[2026-09-18T15:24:49.480+0000] {processor.py:161} INFO - Started process (PID=4257) to work on /opt/airflow/dags/meteorisk_dag.py
[2026-09-18T15:24:49.482+0000] {processor.py:830} INFO - Processing file /opt/airflow/dags/meteorisk_dag.py for tasks to queue
[2026-09-18T15:24:49.485+0000] {logging_mixin.py:188} INFO - [2026-09-18T15:24:49.485+0000] {dagbag.py:545} INFO - Filling up the DagBag from /opt/airflow/dags/meteorisk_dag.py
[2026-09-18T15:24:49.564+0000] {processor.py:840} INFO - DAG(s) 'meteorisk_pipeline' retrieved from /opt/airflow/dags/meteorisk_dag.py
[2026-09-18T15:24:49.646+0000] {logging_mixin.py:188} INFO - [2026-09-18T15:24:49.646+0000] {dag.py:3089} INFO - Sync 1 DAGs
[2026-09-18T15:24:49.696+0000] {logging_mixin.py:188} INFO - [2026-09-18T15:24:49.696+0000] {dag.py:3947} INFO - Setting next_dagrun for meteorisk_pipeline to 2026-09-18 00:00:00+00:00, run_after=2026-09-19 00:00:00+00:00
[2026-09-18T15:24:49.752+0000] {processor.py:183} INFO - Processing /opt/airflow/dags/meteorisk_dag.py took 0.285 seconds
[2026-09-18T15:25:20.221+0000] {processor.py:161} INFO - Started process (PID=4262) to work on /opt/airflow/dags/meteorisk_dag.py
[2026-09-18T15:25:20.224+0000] {processor.py:830} INFO - Processing file /opt/airflow/dags/meteorisk_dag.py for tasks to queue
[2026-09-18T15:25:20.231+0000] {logging_mixin.py:188} INFO - [2026-09-18T15:25:20.229+0000] {dagbag.py:545} INFO - Filling up the DagBag from /opt/airflow/dags/meteorisk_dag.py
[2026-09-18T15:25:20.274+0000] {processor.py:840} INFO - DAG(s) 'meteorisk_pipeline' retrieved from /opt/airflow/dags/meteorisk_dag.py
[2026-09-18T15:25:20.325+0000] {logging_mixin.py:188} INFO - [2026-09-18T15:25:20.325+0000] {dag.py:3089} INFO - Sync 1 DAGs
[2026-09-18T15:25:20.361+0000] {logging_mixin.py:188} INFO - [2026-09-18T15:25:20.360+0000] {dag.py:3947} INFO - Setting next_dagrun for meteorisk_pipeline to 2026-09-18 00:00:00+00:00, run_after=2026-09-19 00:00:00+00:00
[2026-09-18T15:25:20.399+0000] {processor.py:183} INFO - Processing /opt/airflow/dags/meteorisk_dag.py took 0.185 seconds
[2026-09-18T15:25:50.641+0000] {processor.py:161} INFO - Started process (PID=4267) to work on /opt/airflow/dags/meteorisk_dag.py
[2026-09-18T15:25:50.646+0000] {processor.py:830} INFO - Processing file /opt/airflow/dags/meteorisk_dag.py for tasks to queue
[2026-09-18T15:25:50.651+0000] {logging_mixin.py:188} INFO - [2026-09-18T15:25:50.651+0000] {dagbag.py:545} INFO - Filling up the DagBag from /opt/airflow/dags/meteorisk_dag.py
[2026-09-18T15:25:50.702+0000] {processor.py:840} INFO - DAG(s) 'meteorisk_pipeline' retrieved from /opt/airflow/dags/meteorisk_dag.py
[2026-09-18T15:25:50.764+0000] {logging_mixin.py:188} INFO - [2026-09-18T15:25:50.763+0000] {dag.py:3089} INFO - Sync 1 DAGs
[2026-09-18T15:25:50.817+0000] {logging_mixin.py:188} INFO - [2026-09-18T15:25:50.817+0000] {dag.py:3947} INFO - Setting next_dagrun for meteorisk_pipeline to 2026-09-18 00:00:00+00:00, run_after=2026-09-19 00:00:00+00:00
[2026-09-18T15:25:50.862+0000] {processor.py:183} INFO - Processing /opt/airflow/dags/meteorisk_dag.py took 0.231 seconds
[2026-09-18T15:26:21.189+0000] {processor.py:161} INFO - Started process (PID=4272) to work on /opt/airflow/dags/meteorisk_dag.py
[2026-09-18T15:26:21.191+0000] {processor.py:830} INFO - Processing file /opt/airflow/dags/meteorisk_dag.py for tasks to queue
[2026-09-18T15:26:21.196+0000] {logging_mixin.py:188} INFO - [2026-09-18T15:26:21.195+0000] {dagbag.py:545} INFO - Filling up the DagBag from /opt/airflow/dags/meteorisk_dag.py
[2026-09-18T15:26:21.252+0000] {processor.py:840} INFO - DAG(s) 'meteorisk_pipeline' retrieved from /opt/airflow/dags/meteorisk_dag.py
[2026-09-18T15:26:21.310+0000] {logging_mixin.py:188} INFO - [2026-09-18T15:26:21.310+0000] {dag.py:3089} INFO - Sync 1 DAGs
[2026-09-18T15:26:21.358+0000] {logging_mixin.py:188} INFO - [2026-09-18T15:26:21.358+0000] {dag.py:3947} INFO - Setting next_dagrun for meteorisk_pipeline to 2026-09-18 00:00:00+00:00, run_after=2026-09-19 00:00:00+00:00
[2026-09-18T15:26:21.407+0000] {processor.py:183} INFO - Processing /opt/airflow/dags/meteorisk_dag.py took 0.230 seconds
[2026-09-18T15:26:51.738+0000] {processor.py:161} INFO - Started process (PID=4277) to work on /opt/airflow/dags/meteorisk_dag.py
[2026-09-18T15:26:51.741+0000] {processor.py:830} INFO - Processing file /opt/airflow/dags/meteorisk_dag.py for tasks to queue
[2026-09-18T15:26:51.743+0000] {logging_mixin.py:188} INFO - [2026-09-18T15:26:51.743+0000] {dagbag.py:545} INFO - Filling up the DagBag from /opt/airflow/dags/meteorisk_dag.py
[2026-09-18T15:26:51.790+0000] {processor.py:840} INFO - DAG(s) 'meteorisk_pipeline' retrieved from /opt/airflow/dags/meteorisk_dag.py
[2026-09-18T15:26:51.844+0000] {logging_mixin.py:188} INFO - [2026-09-18T15:26:51.844+0000] {dag.py:3089} INFO - Sync 1 DAGs
[2026-09-18T15:26:51.879+0000] {logging_mixin.py:188} INFO - [2026-09-18T15:26:51.879+0000] {dag.py:3947} INFO - Setting next_dagrun for meteorisk_pipeline to 2026-09-18 00:00:00+00:00, run_after=2026-09-19 00:00:00+00:00
[2026-09-18T15:26:51.913+0000] {processor.py:183} INFO - Processing /opt/airflow/dags/meteorisk_dag.py took 0.185 seconds
[2026-09-18T15:27:22.176+0000] {processor.py:161} INFO - Started process (PID=4282) to work on /opt/airflow/dags/meteorisk_dag.py
[2026-09-18T15:27:22.180+0000] {processor.py:830} INFO - Processing file /opt/airflow/dags/meteorisk_dag.py for tasks to queue
[2026-09-18T15:27:22.190+0000] {logging_mixin.py:188} INFO - [2026-09-18T15:27:22.189+0000] {dagbag.py:545} INFO - Filling up the DagBag from /opt/airflow/dags/meteorisk_dag.py
[2026-09-18T15:27:22.258+0000] {processor.py:840} INFO - DAG(s) 'meteorisk_pipeline' retrieved from /opt/airflow/dags/meteorisk_dag.py
[2026-09-18T15:27:22.328+0000] {logging_mixin.py:188} INFO - [2026-09-18T15:27:22.328+0000] {dag.py:3089} INFO - Sync 1 DAGs
[2026-09-18T15:27:22.369+0000] {logging_mixin.py:188} INFO - [2026-09-18T15:27:22.369+0000] {dag.py:3947} INFO - Setting next_dagrun for meteorisk_pipeline to 2026-09-18 00:00:00+00:00, run_after=2026-09-19 00:00:00+00:00
[2026-09-18T15:27:22.526+0000] {processor.py:183} INFO - Processing /opt/airflow/dags/meteorisk_dag.py took 0.360 seconds
[2026-09-18T15:27:52.779+0000] {processor.py:161} INFO - Started process (PID=4287) to work on /opt/airflow/dags/meteorisk_dag.py
[2026-09-18T15:27:52.807+0000] {processor.py:830} INFO - Processing file /opt/airflow/dags/meteorisk_dag.py for tasks to queue
[2026-09-18T15:27:52.823+0000] {logging_mixin.py:188} INFO - [2026-09-18T15:27:52.822+0000] {dagbag.py:545} INFO - Filling up the DagBag from /opt/airflow/dags/meteorisk_dag.py
[2026-09-18T15:27:53.017+0000] {processor.py:840} INFO - DAG(s) 'meteorisk_pipeline' retrieved from /opt/airflow/dags/meteorisk_dag.py
[2026-09-18T15:27:53.083+0000] {logging_mixin.py:188} INFO - [2026-09-18T15:27:53.082+0000] {dag.py:3089} INFO - Sync 1 DAGs
[2026-09-18T15:27:53.125+0000] {logging_mixin.py:188} INFO - [2026-09-18T15:27:53.125+0000] {dag.py:3947} INFO - Setting next_dagrun for meteorisk_pipeline to 2026-09-18 00:00:00+00:00, run_after=2026-09-19 00:00:00+00:00
[2026-09-18T15:27:53.177+0000] {processor.py:183} INFO - Processing /opt/airflow/dags/meteorisk_dag.py took 0.420 seconds
[2026-09-18T15:28:23.348+0000] {processor.py:161} INFO - Started process (PID=4292) to work on /opt/airflow/dags/meteorisk_dag.py
[2026-09-18T15:28:23.350+0000] {processor.py:830} INFO - Processing file /opt/airflow/dags/meteorisk_dag.py for tasks to queue
[2026-09-18T15:28:23.357+0000] {logging_mixin.py:188} INFO - [2026-09-18T15:28:23.356+0000] {dagbag.py:545} INFO - Filling up the DagBag from /opt/airflow/dags/meteorisk_dag.py
[2026-09-18T15:28:23.428+0000] {processor.py:840} INFO - DAG(s) 'meteorisk_pipeline' retrieved from /opt/airflow/dags/meteorisk_dag.py
[2026-09-18T15:28:23.487+0000] {logging_mixin.py:188} INFO - [2026-09-18T15:28:23.486+0000] {dag.py:3089} INFO - Sync 1 DAGs
[2026-09-18T15:28:23.530+0000] {logging_mixin.py:188} INFO - [2026-09-18T15:28:23.529+0000] {dag.py:3947} INFO - Setting next_dagrun for meteorisk_pipeline to 2026-09-18 00:00:00+00:00, run_after=2026-09-19 00:00:00+00:00
[2026-09-18T15:28:23.562+0000] {processor.py:183} INFO - Processing /opt/airflow/dags/meteorisk_dag.py took 0.229 seconds
[2026-09-18T15:28:53.976+0000] {processor.py:161} INFO - Started process (PID=4297) to work on /opt/airflow/dags/meteorisk_dag.py
[2026-09-18T15:28:53.980+0000] {processor.py:830} INFO - Processing file /opt/airflow/dags/meteorisk_dag.py for tasks to queue
[2026-09-18T15:28:53.983+0000] {logging_mixin.py:188} INFO - [2026-09-18T15:28:53.983+0000] {dagbag.py:545} INFO - Filling up the DagBag from /opt/airflow/dags/meteorisk_dag.py
[2026-09-18T15:28:54.034+0000] {processor.py:840} INFO - DAG(s) 'meteorisk_pipeline' retrieved from /opt/airflow/dags/meteorisk_dag.py
[2026-09-18T15:28:54.084+0000] {logging_mixin.py:188} INFO - [2026-09-18T15:28:54.084+0000] {dag.py:3089} INFO - Sync 1 DAGs
[2026-09-18T15:28:54.119+0000] {logging_mixin.py:188} INFO - [2026-09-18T15:28:54.118+0000] {dag.py:3947} INFO - Setting next_dagrun for meteorisk_pipeline to 2026-09-18 00:00:00+00:00, run_after=2026-09-19 00:00:00+00:00
[2026-09-18T15:28:54.155+0000] {processor.py:183} INFO - Processing /opt/airflow/dags/meteorisk_dag.py took 0.191 seconds
[2026-09-18T15:29:24.382+0000] {processor.py:161} INFO - Started process (PID=4302) to work on /opt/airflow/dags/meteorisk_dag.py
[2026-09-18T15:29:24.385+0000] {processor.py:830} INFO - Processing file /opt/airflow/dags/meteorisk_dag.py for tasks to queue
[2026-09-18T15:29:24.391+0000] {logging_mixin.py:188} INFO - [2026-09-18T15:29:24.390+0000] {dagbag.py:545} INFO - Filling up the DagBag from /opt/airflow/dags/meteorisk_dag.py
[2026-09-18T15:29:24.438+0000] {processor.py:840} INFO - DAG(s) 'meteorisk_pipeline' retrieved from /opt/airflow/dags/meteorisk_dag.py
[2026-09-18T15:29:24.496+0000] {logging_mixin.py:188} INFO - [2026-09-18T15:29:24.495+0000] {dag.py:3089} INFO - Sync 1 DAGs
[2026-09-18T15:29:24.534+0000] {logging_mixin.py:188} INFO - [2026-09-18T15:29:24.533+0000] {dag.py:3947} INFO - Setting next_dagrun for meteorisk_pipeline to 2026-09-18 00:00:00+00:00, run_after=2026-09-19 00:00:00+00:00
[2026-09-18T15:29:24.564+0000] {processor.py:183} INFO - Processing /opt/airflow/dags/meteorisk_dag.py took 0.190 seconds
[2026-09-18T15:29:54.871+0000] {processor.py:161} INFO - Started process (PID=4307) to work on /opt/airflow/dags/meteorisk_dag.py
[2026-09-18T15:29:54.874+0000] {processor.py:830} INFO - Processing file /opt/airflow/dags/meteorisk_dag.py for tasks to queue
[2026-09-18T15:29:54.878+0000] {logging_mixin.py:188} INFO - [2026-09-18T15:29:54.878+0000] {dagbag.py:545} INFO - Filling up the DagBag from /opt/airflow/dags/meteorisk_dag.py
[2026-09-18T15:29:54.931+0000] {processor.py:840} INFO - DAG(s) 'meteorisk_pipeline' retrieved from /opt/airflow/dags/meteorisk_dag.py
[2026-09-18T15:29:55.003+0000] {logging_mixin.py:188} INFO - [2026-09-18T15:29:55.003+0000] {dag.py:3089} INFO - Sync 1 DAGs
[2026-09-18T15:29:55.053+0000] {logging_mixin.py:188} INFO - [2026-09-18T15:29:55.052+0000] {dag.py:3947} INFO - Setting next_dagrun for meteorisk_pipeline to 2026-09-18 00:00:00+00:00, run_after=2026-09-19 00:00:00+00:00
[2026-09-18T15:29:55.137+0000] {processor.py:183} INFO - Processing /opt/airflow/dags/meteorisk_dag.py took 0.276 seconds
[2026-09-18T15:30:25.291+0000] {processor.py:161} INFO - Started process (PID=4312) to work on /opt/airflow/dags/meteorisk_dag.py
[2026-09-18T15:30:25.294+0000] {processor.py:830} INFO - Processing file /opt/airflow/dags/meteorisk_dag.py for tasks to queue
[2026-09-18T15:30:25.300+0000] {logging_mixin.py:188} INFO - [2026-09-18T15:30:25.299+0000] {dagbag.py:545} INFO - Filling up the DagBag from /opt/airflow/dags/meteorisk_dag.py
[2026-09-18T15:30:25.347+0000] {processor.py:840} INFO - DAG(s) 'meteorisk_pipeline' retrieved from /opt/airflow/dags/meteorisk_dag.py
[2026-09-18T15:30:25.448+0000] {logging_mixin.py:188} INFO - [2026-09-18T15:30:25.447+0000] {dag.py:3089} INFO - Sync 1 DAGs
[2026-09-18T15:30:25.493+0000] {logging_mixin.py:188} INFO - [2026-09-18T15:30:25.493+0000] {dag.py:3947} INFO - Setting next_dagrun for meteorisk_pipeline to 2026-09-18 00:00:00+00:00, run_after=2026-09-19 00:00:00+00:00
[2026-09-18T15:30:25.537+0000] {processor.py:183} INFO - Processing /opt/airflow/dags/meteorisk_dag.py took 0.254 seconds
[2026-09-18T15:30:55.966+0000] {processor.py:161} INFO - Started process (PID=4317) to work on /opt/airflow/dags/meteorisk_dag.py
[2026-09-18T15:30:55.970+0000] {processor.py:830} INFO - Processing file /opt/airflow/dags/meteorisk_dag.py for tasks to queue
[2026-09-18T15:30:55.975+0000] {logging_mixin.py:188} INFO - [2026-09-18T15:30:55.974+0000] {dagbag.py:545} INFO - Filling up the DagBag from /opt/airflow/dags/meteorisk_dag.py
[2026-09-18T15:30:56.023+0000] {processor.py:840} INFO - DAG(s) 'meteorisk_pipeline' retrieved from /opt/airflow/dags/meteorisk_dag.py
[2026-09-18T15:30:56.079+0000] {logging_mixin.py:188} INFO - [2026-09-18T15:30:56.078+0000] {dag.py:3089} INFO - Sync 1 DAGs
[2026-09-18T15:30:56.111+0000] {logging_mixin.py:188} INFO - [2026-09-18T15:30:56.111+0000] {dag.py:3947} INFO - Setting next_dagrun for meteorisk_pipeline to 2026-09-18 00:00:00+00:00, run_after=2026-09-19 00:00:00+00:00
[2026-09-18T15:30:56.157+0000] {processor.py:183} INFO - Processing /opt/airflow/dags/meteorisk_dag.py took 0.199 seconds
[2026-09-18T15:31:26.508+0000] {processor.py:161} INFO - Started process (PID=4322) to work on /opt/airflow/dags/meteorisk_dag.py
[2026-09-18T15:31:26.512+0000] {processor.py:830} INFO - Processing file /opt/airflow/dags/meteorisk_dag.py for tasks to queue
[2026-09-18T15:31:26.522+0000] {logging_mixin.py:188} INFO - [2026-09-18T15:31:26.521+0000] {dagbag.py:545} INFO - Filling up the DagBag from /opt/airflow/dags/meteorisk_dag.py
[2026-09-18T15:31:26.589+0000] {processor.py:840} INFO - DAG(s) 'meteorisk_pipeline' retrieved from /opt/airflow/dags/meteorisk_dag.py
[2026-09-18T15:31:26.651+0000] {logging_mixin.py:188} INFO - [2026-09-18T15:31:26.650+0000] {dag.py:3089} INFO - Sync 1 DAGs
[2026-09-18T15:31:26.688+0000] {logging_mixin.py:188} INFO - [2026-09-18T15:31:26.688+0000] {dag.py:3947} INFO - Setting next_dagrun for meteorisk_pipeline to 2026-09-18 00:00:00+00:00, run_after=2026-09-19 00:00:00+00:00
[2026-09-18T15:31:26.722+0000] {processor.py:183} INFO - Processing /opt/airflow/dags/meteorisk_dag.py took 0.229 seconds
[2026-09-18T15:31:56.970+0000] {processor.py:161} INFO - Started process (PID=4327) to work on /opt/airflow/dags/meteorisk_dag.py
[2026-09-18T15:31:56.976+0000] {processor.py:830} INFO - Processing file /opt/airflow/dags/meteorisk_dag.py for tasks to queue
[2026-09-18T15:31:56.982+0000] {logging_mixin.py:188} INFO - [2026-09-18T15:31:56.981+0000] {dagbag.py:545} INFO - Filling up the DagBag from /opt/airflow/dags/meteorisk_dag.py
[2026-09-18T15:31:57.032+0000] {processor.py:840} INFO - DAG(s) 'meteorisk_pipeline' retrieved from /opt/airflow/dags/meteorisk_dag.py
[2026-09-18T15:31:57.092+0000] {logging_mixin.py:188} INFO - [2026-09-18T15:31:57.092+0000] {dag.py:3089} INFO - Sync 1 DAGs
[2026-09-18T15:31:57.125+0000] {logging_mixin.py:188} INFO - [2026-09-18T15:31:57.125+0000] {dag.py:3947} INFO - Setting next_dagrun for meteorisk_pipeline to 2026-09-18 00:00:00+00:00, run_after=2026-09-19 00:00:00+00:00
[2026-09-18T15:31:57.153+0000] {processor.py:183} INFO - Processing /opt/airflow/dags/meteorisk_dag.py took 0.205 seconds
[2026-09-18T15:32:27.621+0000] {processor.py:161} INFO - Started process (PID=4332) to work on /opt/airflow/dags/meteorisk_dag.py
[2026-09-18T15:32:27.623+0000] {processor.py:830} INFO - Processing file /opt/airflow/dags/meteorisk_dag.py for tasks to queue
[2026-09-18T15:32:27.626+0000] {logging_mixin.py:188} INFO - [2026-09-18T15:32:27.625+0000] {dagbag.py:545} INFO - Filling up the DagBag from /opt/airflow/dags/meteorisk_dag.py
[2026-09-18T15:32:27.685+0000] {processor.py:840} INFO - DAG(s) 'meteorisk_pipeline' retrieved from /opt/airflow/dags/meteorisk_dag.py
[2026-09-18T15:32:27.742+0000] {logging_mixin.py:188} INFO - [2026-09-18T15:32:27.742+0000] {dag.py:3089} INFO - Sync 1 DAGs
[2026-09-18T15:32:27.783+0000] {logging_mixin.py:188} INFO - [2026-09-18T15:32:27.783+0000] {dag.py:3947} INFO - Setting next_dagrun for meteorisk_pipeline to 2026-09-18 00:00:00+00:00, run_after=2026-09-19 00:00:00+00:00
[2026-09-18T15:32:27.823+0000] {processor.py:183} INFO - Processing /opt/airflow/dags/meteorisk_dag.py took 0.213 seconds
[2026-09-18T15:32:58.232+0000] {processor.py:161} INFO - Started process (PID=4337) to work on /opt/airflow/dags/meteorisk_dag.py
[2026-09-18T15:32:58.236+0000] {processor.py:830} INFO - Processing file /opt/airflow/dags/meteorisk_dag.py for tasks to queue
[2026-09-18T15:32:58.240+0000] {logging_mixin.py:188} INFO - [2026-09-18T15:32:58.239+0000] {dagbag.py:545} INFO - Filling up the DagBag from /opt/airflow/dags/meteorisk_dag.py
[2026-09-18T15:32:58.286+0000] {processor.py:840} INFO - DAG(s) 'meteorisk_pipeline' retrieved from /opt/airflow/dags/meteorisk_dag.py
[2026-09-18T15:32:58.342+0000] {logging_mixin.py:188} INFO - [2026-09-18T15:32:58.341+0000] {dag.py:3089} INFO - Sync 1 DAGs
[2026-09-18T15:32:58.379+0000] {logging_mixin.py:188} INFO - [2026-09-18T15:32:58.379+0000] {dag.py:3947} INFO - Setting next_dagrun for meteorisk_pipeline to 2026-09-18 00:00:00+00:00, run_after=2026-09-19 00:00:00+00:00
[2026-09-18T15:32:58.412+0000] {processor.py:183} INFO - Processing /opt/airflow/dags/meteorisk_dag.py took 0.192 seconds
[2026-09-18T15:33:28.639+0000] {processor.py:161} INFO - Started process (PID=4342) to work on /opt/airflow/dags/meteorisk_dag.py
[2026-09-18T15:33:28.644+0000] {processor.py:830} INFO - Processing file /opt/airflow/dags/meteorisk_dag.py for tasks to queue
[2026-09-18T15:33:28.647+0000] {logging_mixin.py:188} INFO - [2026-09-18T15:33:28.647+0000] {dagbag.py:545} INFO - Filling up the DagBag from /opt/airflow/dags/meteorisk_dag.py
[2026-09-18T15:33:28.695+0000] {processor.py:840} INFO - DAG(s) 'meteorisk_pipeline' retrieved from /opt/airflow/dags/meteorisk_dag.py
[2026-09-18T15:33:28.766+0000] {logging_mixin.py:188} INFO - [2026-09-18T15:33:28.765+0000] {dag.py:3089} INFO - Sync 1 DAGs
[2026-09-18T15:33:28.810+0000] {logging_mixin.py:188} INFO - [2026-09-18T15:33:28.809+0000] {dag.py:3947} INFO - Setting next_dagrun for meteorisk_pipeline to 2026-09-18 00:00:00+00:00, run_after=2026-09-19 00:00:00+00:00
[2026-09-18T15:33:28.865+0000] {processor.py:183} INFO - Processing /opt/airflow/dags/meteorisk_dag.py took 0.235 seconds
[2026-09-18T15:33:59.157+0000] {processor.py:161} INFO - Started process (PID=4347) to work on /opt/airflow/dags/meteorisk_dag.py
[2026-09-18T15:33:59.159+0000] {processor.py:830} INFO - Processing file /opt/airflow/dags/meteorisk_dag.py for tasks to queue
[2026-09-18T15:33:59.163+0000] {logging_mixin.py:188} INFO - [2026-09-18T15:33:59.162+0000] {dagbag.py:545} INFO - Filling up the DagBag from /opt/airflow/dags/meteorisk_dag.py
[2026-09-18T15:33:59.219+0000] {processor.py:840} INFO - DAG(s) 'meteorisk_pipeline' retrieved from /opt/airflow/dags/meteorisk_dag.py
[2026-09-18T15:33:59.273+0000] {logging_mixin.py:188} INFO - [2026-09-18T15:33:59.272+0000] {dag.py:3089} INFO - Sync 1 DAGs
[2026-09-18T15:33:59.306+0000] {logging_mixin.py:188} INFO - [2026-09-18T15:33:59.306+0000] {dag.py:3947} INFO - Setting next_dagrun for meteorisk_pipeline to 2026-09-18 00:00:00+00:00, run_after=2026-09-19 00:00:00+00:00
[2026-09-18T15:33:59.345+0000] {processor.py:183} INFO - Processing /opt/airflow/dags/meteorisk_dag.py took 0.197 seconds
[2026-09-18T15:34:29.678+0000] {processor.py:161} INFO - Started process (PID=4352) to work on /opt/airflow/dags/meteorisk_dag.py
[2026-09-18T15:34:29.679+0000] {processor.py:830} INFO - Processing file /opt/airflow/dags/meteorisk_dag.py for tasks to queue
[2026-09-18T15:34:29.683+0000] {logging_mixin.py:188} INFO - [2026-09-18T15:34:29.682+0000] {dagbag.py:545} INFO - Filling up the DagBag from /opt/airflow/dags/meteorisk_dag.py
[2026-09-18T15:34:29.719+0000] {processor.py:840} INFO - DAG(s) 'meteorisk_pipeline' retrieved from /opt/airflow/dags/meteorisk_dag.py
[2026-09-18T15:34:29.775+0000] {logging_mixin.py:188} INFO - [2026-09-18T15:34:29.774+0000] {dag.py:3089} INFO - Sync 1 DAGs
[2026-09-18T15:34:29.807+0000] {logging_mixin.py:188} INFO - [2026-09-18T15:34:29.806+0000] {dag.py:3947} INFO - Setting next_dagrun for meteorisk_pipeline to 2026-09-18 00:00:00+00:00, run_after=2026-09-19 00:00:00+00:00
[2026-09-18T15:34:29.841+0000] {processor.py:183} INFO - Processing /opt/airflow/dags/meteorisk_dag.py took 0.172 seconds
[2026-09-18T15:35:00.132+0000] {processor.py:161} INFO - Started process (PID=4357) to work on /opt/airflow/dags/meteorisk_dag.py
[2026-09-18T15:35:00.136+0000] {processor.py:830} INFO - Processing file /opt/airflow/dags/meteorisk_dag.py for tasks to queue
[2026-09-18T15:35:00.142+0000] {logging_mixin.py:188} INFO - [2026-09-18T15:35:00.141+0000] {dagbag.py:545} INFO - Filling up the DagBag from /opt/airflow/dags/meteorisk_dag.py
[2026-09-18T15:35:00.194+0000] {processor.py:840} INFO - DAG(s) 'meteorisk_pipeline' retrieved from /opt/airflow/dags/meteorisk_dag.py
[2026-09-18T15:35:00.245+0000] {logging_mixin.py:188} INFO - [2026-09-18T15:35:00.244+0000] {dag.py:3089} INFO - Sync 1 DAGs
[2026-09-18T15:35:00.279+0000] {logging_mixin.py:188} INFO - [2026-09-18T15:35:00.279+0000] {dag.py:3947} INFO - Setting next_dagrun for meteorisk_pipeline to 2026-09-18 00:00:00+00:00, run_after=2026-09-19 00:00:00+00:00
[2026-09-18T15:35:00.312+0000] {processor.py:183} INFO - Processing /opt/airflow/dags/meteorisk_dag.py took 0.204 seconds
[2026-09-18T15:35:30.575+0000] {processor.py:161} INFO - Started process (PID=4362) to work on /opt/airflow/dags/meteorisk_dag.py
[2026-09-18T15:35:30.577+0000] {processor.py:830} INFO - Processing file /opt/airflow/dags/meteorisk_dag.py for tasks to queue
[2026-09-18T15:35:30.581+0000] {logging_mixin.py:188} INFO - [2026-09-18T15:35:30.580+0000] {dagbag.py:545} INFO - Filling up the DagBag from /opt/airflow/dags/meteorisk_dag.py
[2026-09-18T15:35:30.627+0000] {processor.py:840} INFO - DAG(s) 'meteorisk_pipeline' retrieved from /opt/airflow/dags/meteorisk_dag.py
[2026-09-18T15:35:30.678+0000] {logging_mixin.py:188} INFO - [2026-09-18T15:35:30.677+0000] {dag.py:3089} INFO - Sync 1 DAGs
[2026-09-18T15:35:30.709+0000] {logging_mixin.py:188} INFO - [2026-09-18T15:35:30.709+0000] {dag.py:3947} INFO - Setting next_dagrun for meteorisk_pipeline to 2026-09-18 00:00:00+00:00, run_after=2026-09-19 00:00:00+00:00
[2026-09-18T15:35:30.744+0000] {processor.py:183} INFO - Processing /opt/airflow/dags/meteorisk_dag.py took 0.177 seconds
[2026-09-18T15:36:01.050+0000] {processor.py:161} INFO - Started process (PID=4367) to work on /opt/airflow/dags/meteorisk_dag.py
[2026-09-18T15:36:01.055+0000] {processor.py:830} INFO - Processing file /opt/airflow/dags/meteorisk_dag.py for tasks to queue
[2026-09-18T15:36:01.061+0000] {logging_mixin.py:188} INFO - [2026-09-18T15:36:01.060+0000] {dagbag.py:545} INFO - Filling up the DagBag from /opt/airflow/dags/meteorisk_dag.py
[2026-09-18T15:36:01.115+0000] {processor.py:840} INFO - DAG(s) 'meteorisk_pipeline' retrieved from /opt/airflow/dags/meteorisk_dag.py
[2026-09-18T15:36:01.206+0000] {logging_mixin.py:188} INFO - [2026-09-18T15:36:01.206+0000] {dag.py:3089} INFO - Sync 1 DAGs
[2026-09-18T15:36:01.243+0000] {logging_mixin.py:188} INFO - [2026-09-18T15:36:01.243+0000] {dag.py:3947} INFO - Setting next_dagrun for meteorisk_pipeline to 2026-09-18 00:00:00+00:00, run_after=2026-09-19 00:00:00+00:00
[2026-09-18T15:36:01.293+0000] {processor.py:183} INFO - Processing /opt/airflow/dags/meteorisk_dag.py took 0.254 seconds
[2026-09-18T15:36:31.641+0000] {processor.py:161} INFO - Started process (PID=4372) to work on /opt/airflow/dags/meteorisk_dag.py
[2026-09-18T15:36:31.642+0000] {processor.py:830} INFO - Processing file /opt/airflow/dags/meteorisk_dag.py for tasks to queue
[2026-09-18T15:36:31.648+0000] {logging_mixin.py:188} INFO - [2026-09-18T15:36:31.648+0000] {dagbag.py:545} INFO - Filling up the DagBag from /opt/airflow/dags/meteorisk_dag.py
[2026-09-18T15:36:31.696+0000] {processor.py:840} INFO - DAG(s) 'meteorisk_pipeline' retrieved from /opt/airflow/dags/meteorisk_dag.py
[2026-09-18T15:36:31.745+0000] {logging_mixin.py:188} INFO - [2026-09-18T15:36:31.744+0000] {dag.py:3089} INFO - Sync 1 DAGs
[2026-09-18T15:36:31.782+0000] {logging_mixin.py:188} INFO - [2026-09-18T15:36:31.781+0000] {dag.py:3947} INFO - Setting next_dagrun for meteorisk_pipeline to 2026-09-18 00:00:00+00:00, run_after=2026-09-19 00:00:00+00:00
[2026-09-18T15:36:31.816+0000] {processor.py:183} INFO - Processing /opt/airflow/dags/meteorisk_dag.py took 0.183 seconds
[2026-09-18T15:37:02.137+0000] {processor.py:161} INFO - Started process (PID=4377) to work on /opt/airflow/dags/meteorisk_dag.py
[2026-09-18T15:37:02.140+0000] {processor.py:830} INFO - Processing file /opt/airflow/dags/meteorisk_dag.py for tasks to queue
[2026-09-18T15:37:02.144+0000] {logging_mixin.py:188} INFO - [2026-09-18T15:37:02.143+0000] {dagbag.py:545} INFO - Filling up the DagBag from /opt/airflow/dags/meteorisk_dag.py
[2026-09-18T15:37:02.200+0000] {processor.py:840} INFO - DAG(s) 'meteorisk_pipeline' retrieved from /opt/airflow/dags/meteorisk_dag.py
[2026-09-18T15:37:02.273+0000] {logging_mixin.py:188} INFO - [2026-09-18T15:37:02.272+0000] {dag.py:3089} INFO - Sync 1 DAGs
[2026-09-18T15:37:02.324+0000] {logging_mixin.py:188} INFO - [2026-09-18T15:37:02.324+0000] {dag.py:3947} INFO - Setting next_dagrun for meteorisk_pipeline to 2026-09-18 00:00:00+00:00, run_after=2026-09-19 00:00:00+00:00
[2026-09-18T15:37:02.372+0000] {processor.py:183} INFO - Processing /opt/airflow/dags/meteorisk_dag.py took 0.245 seconds
[2026-09-18T15:37:32.627+0000] {processor.py:161} INFO - Started process (PID=4382) to work on /opt/airflow/dags/meteorisk_dag.py
[2026-09-18T15:37:32.629+0000] {processor.py:830} INFO - Processing file /opt/airflow/dags/meteorisk_dag.py for tasks to queue
[2026-09-18T15:37:32.635+0000] {logging_mixin.py:188} INFO - [2026-09-18T15:37:32.634+0000] {dagbag.py:545} INFO - Filling up the DagBag from /opt/airflow/dags/meteorisk_dag.py
[2026-09-18T15:37:32.689+0000] {processor.py:840} INFO - DAG(s) 'meteorisk_pipeline' retrieved from /opt/airflow/dags/meteorisk_dag.py
[2026-09-18T15:37:32.747+0000] {logging_mixin.py:188} INFO - [2026-09-18T15:37:32.747+0000] {dag.py:3089} INFO - Sync 1 DAGs
[2026-09-18T15:37:32.788+0000] {logging_mixin.py:188} INFO - [2026-09-18T15:37:32.788+0000] {dag.py:3947} INFO - Setting next_dagrun for meteorisk_pipeline to 2026-09-18 00:00:00+00:00, run_after=2026-09-19 00:00:00+00:00
[2026-09-18T15:37:32.822+0000] {processor.py:183} INFO - Processing /opt/airflow/dags/meteorisk_dag.py took 0.207 seconds
[2026-09-18T15:38:03.177+0000] {processor.py:161} INFO - Started process (PID=4387) to work on /opt/airflow/dags/meteorisk_dag.py
[2026-09-18T15:38:03.181+0000] {processor.py:830} INFO - Processing file /opt/airflow/dags/meteorisk_dag.py for tasks to queue
[2026-09-18T15:38:03.185+0000] {logging_mixin.py:188} INFO - [2026-09-18T15:38:03.184+0000] {dagbag.py:545} INFO - Filling up the DagBag from /opt/airflow/dags/meteorisk_dag.py
[2026-09-18T15:38:03.226+0000] {processor.py:840} INFO - DAG(s) 'meteorisk_pipeline' retrieved from /opt/airflow/dags/meteorisk_dag.py
[2026-09-18T15:38:03.270+0000] {logging_mixin.py:188} INFO - [2026-09-18T15:38:03.270+0000] {dag.py:3089} INFO - Sync 1 DAGs
[2026-09-18T15:38:03.306+0000] {logging_mixin.py:188} INFO - [2026-09-18T15:38:03.305+0000] {dag.py:3947} INFO - Setting next_dagrun for meteorisk_pipeline to 2026-09-18 00:00:00+00:00, run_after=2026-09-19 00:00:00+00:00
[2026-09-18T15:38:03.338+0000] {processor.py:183} INFO - Processing /opt/airflow/dags/meteorisk_dag.py took 0.171 seconds
[2026-09-18T15:38:33.735+0000] {processor.py:161} INFO - Started process (PID=4392) to work on /opt/airflow/dags/meteorisk_dag.py
[2026-09-18T15:38:33.742+0000] {processor.py:830} INFO - Processing file /opt/airflow/dags/meteorisk_dag.py for tasks to queue
[2026-09-18T15:38:33.750+0000] {logging_mixin.py:188} INFO - [2026-09-18T15:38:33.749+0000] {dagbag.py:545} INFO - Filling up the DagBag from /opt/airflow/dags/meteorisk_dag.py
[2026-09-18T15:38:33.801+0000] {processor.py:840} INFO - DAG(s) 'meteorisk_pipeline' retrieved from /opt/airflow/dags/meteorisk_dag.py
[2026-09-18T15:38:33.854+0000] {logging_mixin.py:188} INFO - [2026-09-18T15:38:33.854+0000] {dag.py:3089} INFO - Sync 1 DAGs
[2026-09-18T15:38:33.892+0000] {logging_mixin.py:188} INFO - [2026-09-18T15:38:33.892+0000] {dag.py:3947} INFO - Setting next_dagrun for meteorisk_pipeline to 2026-09-18 00:00:00+00:00, run_after=2026-09-19 00:00:00+00:00
[2026-09-18T15:38:33.931+0000] {processor.py:183} INFO - Processing /opt/airflow/dags/meteorisk_dag.py took 0.221 seconds
[2026-09-18T15:39:04.164+0000] {processor.py:161} INFO - Started process (PID=4397) to work on /opt/airflow/dags/meteorisk_dag.py
[2026-09-18T15:39:04.167+0000] {processor.py:830} INFO - Processing file /opt/airflow/dags/meteorisk_dag.py for tasks to queue
[2026-09-18T15:39:04.170+0000] {logging_mixin.py:188} INFO - [2026-09-18T15:39:04.169+0000] {dagbag.py:545} INFO - Filling up the DagBag from /opt/airflow/dags/meteorisk_dag.py
[2026-09-18T15:39:04.236+0000] {processor.py:840} INFO - DAG(s) 'meteorisk_pipeline' retrieved from /opt/airflow/dags/meteorisk_dag.py
[2026-09-18T15:39:04.295+0000] {logging_mixin.py:188} INFO - [2026-09-18T15:39:04.295+0000] {dag.py:3089} INFO - Sync 1 DAGs
[2026-09-18T15:39:04.335+0000] {logging_mixin.py:188} INFO - [2026-09-18T15:39:04.335+0000] {dag.py:3947} INFO - Setting next_dagrun for meteorisk_pipeline to 2026-09-18 00:00:00+00:00, run_after=2026-09-19 00:00:00+00:00
[2026-09-18T15:39:04.385+0000] {processor.py:183} INFO - Processing /opt/airflow/dags/meteorisk_dag.py took 0.237 seconds
[2026-09-18T15:39:34.699+0000] {processor.py:161} INFO - Started process (PID=4402) to work on /opt/airflow/dags/meteorisk_dag.py
[2026-09-18T15:39:34.701+0000] {processor.py:830} INFO - Processing file /opt/airflow/dags/meteorisk_dag.py for tasks to queue
[2026-09-18T15:39:34.705+0000] {logging_mixin.py:188} INFO - [2026-09-18T15:39:34.704+0000] {dagbag.py:545} INFO - Filling up the DagBag from /opt/airflow/dags/meteorisk_dag.py
[2026-09-18T15:39:34.751+0000] {processor.py:840} INFO - DAG(s) 'meteorisk_pipeline' retrieved from /opt/airflow/dags/meteorisk_dag.py
[2026-09-18T15:39:34.816+0000] {logging_mixin.py:188} INFO - [2026-09-18T15:39:34.816+0000] {dag.py:3089} INFO - Sync 1 DAGs
[2026-09-18T15:39:34.857+0000] {logging_mixin.py:188} INFO - [2026-09-18T15:39:34.856+0000] {dag.py:3947} INFO - Setting next_dagrun for meteorisk_pipeline to 2026-09-18 00:00:00+00:00, run_after=2026-09-19 00:00:00+00:00
[2026-09-18T15:39:34.899+0000] {processor.py:183} INFO - Processing /opt/airflow/dags/meteorisk_dag.py took 0.211 seconds
[2026-09-18T15:40:05.299+0000] {processor.py:161} INFO - Started process (PID=4407) to work on /opt/airflow/dags/meteorisk_dag.py
[2026-09-18T15:40:05.302+0000] {processor.py:830} INFO - Processing file /opt/airflow/dags/meteorisk_dag.py for tasks to queue
[2026-09-18T15:40:05.306+0000] {logging_mixin.py:188} INFO - [2026-09-18T15:40:05.306+0000] {dagbag.py:545} INFO - Filling up the DagBag from /opt/airflow/dags/meteorisk_dag.py
[2026-09-18T15:40:05.370+0000] {processor.py:840} INFO - DAG(s) 'meteorisk_pipeline' retrieved from /opt/airflow/dags/meteorisk_dag.py
[2026-09-18T15:40:05.444+0000] {logging_mixin.py:188} INFO - [2026-09-18T15:40:05.443+0000] {dag.py:3089} INFO - Sync 1 DAGs
[2026-09-18T15:40:05.492+0000] {logging_mixin.py:188} INFO - [2026-09-18T15:40:05.491+0000] {dag.py:3947} INFO - Setting next_dagrun for meteorisk_pipeline to 2026-09-18 00:00:00+00:00, run_after=2026-09-19 00:00:00+00:00
[2026-09-18T15:40:05.549+0000] {processor.py:183} INFO - Processing /opt/airflow/dags/meteorisk_dag.py took 0.263 seconds
[2026-09-18T15:40:35.714+0000] {processor.py:161} INFO - Started process (PID=4412) to work on /opt/airflow/dags/meteorisk_dag.py
[2026-09-18T15:40:35.716+0000] {processor.py:830} INFO - Processing file /opt/airflow/dags/meteorisk_dag.py for tasks to queue
[2026-09-18T15:40:35.719+0000] {logging_mixin.py:188} INFO - [2026-09-18T15:40:35.719+0000] {dagbag.py:545} INFO - Filling up the DagBag from /opt/airflow/dags/meteorisk_dag.py
[2026-09-18T15:40:35.771+0000] {processor.py:840} INFO - DAG(s) 'meteorisk_pipeline' retrieved from /opt/airflow/dags/meteorisk_dag.py
[2026-09-18T15:40:35.824+0000] {logging_mixin.py:188} INFO - [2026-09-18T15:40:35.823+0000] {dag.py:3089} INFO - Sync 1 DAGs
[2026-09-18T15:40:35.860+0000] {logging_mixin.py:188} INFO - [2026-09-18T15:40:35.860+0000] {dag.py:3947} INFO - Setting next_dagrun for meteorisk_pipeline to 2026-09-18 00:00:00+00:00, run_after=2026-09-19 00:00:00+00:00
[2026-09-18T15:40:35.892+0000] {processor.py:183} INFO - Processing /opt/airflow/dags/meteorisk_dag.py took 0.187 seconds
[2026-09-18T15:41:06.334+0000] {processor.py:161} INFO - Started process (PID=4417) to work on /opt/airflow/dags/meteorisk_dag.py
[2026-09-18T15:41:06.336+0000] {processor.py:830} INFO - Processing file /opt/airflow/dags/meteorisk_dag.py for tasks to queue
[2026-09-18T15:41:06.341+0000] {logging_mixin.py:188} INFO - [2026-09-18T15:41:06.340+0000] {dagbag.py:545} INFO - Filling up the DagBag from /opt/airflow/dags/meteorisk_dag.py
[2026-09-18T15:41:06.389+0000] {processor.py:840} INFO - DAG(s) 'meteorisk_pipeline' retrieved from /opt/airflow/dags/meteorisk_dag.py
[2026-09-18T15:41:06.453+0000] {logging_mixin.py:188} INFO - [2026-09-18T15:41:06.452+0000] {dag.py:3089} INFO - Sync 1 DAGs
[2026-09-18T15:41:06.494+0000] {logging_mixin.py:188} INFO - [2026-09-18T15:41:06.493+0000] {dag.py:3947} INFO - Setting next_dagrun for meteorisk_pipeline to 2026-09-18 00:00:00+00:00, run_after=2026-09-19 00:00:00+00:00
[2026-09-18T15:41:06.554+0000] {processor.py:183} INFO - Processing /opt/airflow/dags/meteorisk_dag.py took 0.229 seconds
[2026-09-18T15:41:36.927+0000] {processor.py:161} INFO - Started process (PID=4422) to work on /opt/airflow/dags/meteorisk_dag.py
[2026-09-18T15:41:36.932+0000] {processor.py:830} INFO - Processing file /opt/airflow/dags/meteorisk_dag.py for tasks to queue
[2026-09-18T15:41:36.941+0000] {logging_mixin.py:188} INFO - [2026-09-18T15:41:36.940+0000] {dagbag.py:545} INFO - Filling up the DagBag from /opt/airflow/dags/meteorisk_dag.py
[2026-09-18T15:41:37.020+0000] {processor.py:840} INFO - DAG(s) 'meteorisk_pipeline' retrieved from /opt/airflow/dags/meteorisk_dag.py
[2026-09-18T15:41:37.109+0000] {logging_mixin.py:188} INFO - [2026-09-18T15:41:37.109+0000] {dag.py:3089} INFO - Sync 1 DAGs
[2026-09-18T15:41:37.155+0000] {logging_mixin.py:188} INFO - [2026-09-18T15:41:37.154+0000] {dag.py:3947} INFO - Setting next_dagrun for meteorisk_pipeline to 2026-09-18 00:00:00+00:00, run_after=2026-09-19 00:00:00+00:00
[2026-09-18T15:41:37.199+0000] {processor.py:183} INFO - Processing /opt/airflow/dags/meteorisk_dag.py took 0.295 seconds
[2026-09-18T15:42:07.375+0000] {processor.py:161} INFO - Started process (PID=4427) to work on /opt/airflow/dags/meteorisk_dag.py
[2026-09-18T15:42:07.379+0000] {processor.py:830} INFO - Processing file /opt/airflow/dags/meteorisk_dag.py for tasks to queue
[2026-09-18T15:42:07.383+0000] {logging_mixin.py:188} INFO - [2026-09-18T15:42:07.383+0000] {dagbag.py:545} INFO - Filling up the DagBag from /opt/airflow/dags/meteorisk_dag.py
[2026-09-18T15:42:07.440+0000] {processor.py:840} INFO - DAG(s) 'meteorisk_pipeline' retrieved from /opt/airflow/dags/meteorisk_dag.py
[2026-09-18T15:42:07.502+0000] {logging_mixin.py:188} INFO - [2026-09-18T15:42:07.502+0000] {dag.py:3089} INFO - Sync 1 DAGs
[2026-09-18T15:42:07.535+0000] {logging_mixin.py:188} INFO - [2026-09-18T15:42:07.534+0000] {dag.py:3947} INFO - Setting next_dagrun for meteorisk_pipeline to 2026-09-18 00:00:00+00:00, run_after=2026-09-19 00:00:00+00:00
[2026-09-18T15:42:07.575+0000] {processor.py:183} INFO - Processing /opt/airflow/dags/meteorisk_dag.py took 0.209 seconds
[2026-09-18T15:42:38.045+0000] {processor.py:161} INFO - Started process (PID=4432) to work on /opt/airflow/dags/meteorisk_dag.py
[2026-09-18T15:42:38.048+0000] {processor.py:830} INFO - Processing file /opt/airflow/dags/meteorisk_dag.py for tasks to queue
[2026-09-18T15:42:38.061+0000] {logging_mixin.py:188} INFO - [2026-09-18T15:42:38.060+0000] {dagbag.py:545} INFO - Filling up the DagBag from /opt/airflow/dags/meteorisk_dag.py
[2026-09-18T15:42:38.135+0000] {processor.py:840} INFO - DAG(s) 'meteorisk_pipeline' retrieved from /opt/airflow/dags/meteorisk_dag.py
[2026-09-18T15:42:38.215+0000] {logging_mixin.py:188} INFO - [2026-09-18T15:42:38.215+0000] {dag.py:3089} INFO - Sync 1 DAGs
[2026-09-18T15:42:38.274+0000] {logging_mixin.py:188} INFO - [2026-09-18T15:42:38.274+0000] {dag.py:3947} INFO - Setting next_dagrun for meteorisk_pipeline to 2026-09-18 00:00:00+00:00, run_after=2026-09-19 00:00:00+00:00
[2026-09-18T15:42:38.320+0000] {processor.py:183} INFO - Processing /opt/airflow/dags/meteorisk_dag.py took 0.295 seconds
[2026-09-18T15:43:08.740+0000] {processor.py:161} INFO - Started process (PID=4437) to work on /opt/airflow/dags/meteorisk_dag.py
[2026-09-18T15:43:08.742+0000] {processor.py:830} INFO - Processing file /opt/airflow/dags/meteorisk_dag.py for tasks to queue
[2026-09-18T15:43:08.745+0000] {logging_mixin.py:188} INFO - [2026-09-18T15:43:08.745+0000] {dagbag.py:545} INFO - Filling up the DagBag from /opt/airflow/dags/meteorisk_dag.py
[2026-09-18T15:43:08.795+0000] {processor.py:840} INFO - DAG(s) 'meteorisk_pipeline' retrieved from /opt/airflow/dags/meteorisk_dag.py
[2026-09-18T15:43:08.843+0000] {logging_mixin.py:188} INFO - [2026-09-18T15:43:08.842+0000] {dag.py:3089} INFO - Sync 1 DAGs
[2026-09-18T15:43:08.876+0000] {logging_mixin.py:188} INFO - [2026-09-18T15:43:08.876+0000] {dag.py:3947} INFO - Setting next_dagrun for meteorisk_pipeline to 2026-09-18 00:00:00+00:00, run_after=2026-09-19 00:00:00+00:00
[2026-09-18T15:43:08.912+0000] {processor.py:183} INFO - Processing /opt/airflow/dags/meteorisk_dag.py took 0.182 seconds
[2026-09-18T15:43:39.175+0000] {processor.py:161} INFO - Started process (PID=4442) to work on /opt/airflow/dags/meteorisk_dag.py
[2026-09-18T15:43:39.177+0000] {processor.py:830} INFO - Processing file /opt/airflow/dags/meteorisk_dag.py for tasks to queue
[2026-09-18T15:43:39.182+0000] {logging_mixin.py:188} INFO - [2026-09-18T15:43:39.181+0000] {dagbag.py:545} INFO - Filling up the DagBag from /opt/airflow/dags/meteorisk_dag.py
[2026-09-18T15:43:39.231+0000] {processor.py:840} INFO - DAG(s) 'meteorisk_pipeline' retrieved from /opt/airflow/dags/meteorisk_dag.py
[2026-09-18T15:43:39.297+0000] {logging_mixin.py:188} INFO - [2026-09-18T15:43:39.296+0000] {dag.py:3089} INFO - Sync 1 DAGs
[2026-09-18T15:43:39.331+0000] {logging_mixin.py:188} INFO - [2026-09-18T15:43:39.331+0000] {dag.py:3947} INFO - Setting next_dagrun for meteorisk_pipeline to 2026-09-18 00:00:00+00:00, run_after=2026-09-19 00:00:00+00:00
[2026-09-18T15:43:39.381+0000] {processor.py:183} INFO - Processing /opt/airflow/dags/meteorisk_dag.py took 0.220 seconds
[2026-09-18T15:44:09.797+0000] {processor.py:161} INFO - Started process (PID=4447) to work on /opt/airflow/dags/meteorisk_dag.py
[2026-09-18T15:44:09.802+0000] {processor.py:830} INFO - Processing file /opt/airflow/dags/meteorisk_dag.py for tasks to queue
[2026-09-18T15:44:09.808+0000] {logging_mixin.py:188} INFO - [2026-09-18T15:44:09.807+0000] {dagbag.py:545} INFO - Filling up the DagBag from /opt/airflow/dags/meteorisk_dag.py
[2026-09-18T15:44:09.873+0000] {processor.py:840} INFO - DAG(s) 'meteorisk_pipeline' retrieved from /opt/airflow/dags/meteorisk_dag.py
[2026-09-18T15:44:09.923+0000] {logging_mixin.py:188} INFO - [2026-09-18T15:44:09.923+0000] {dag.py:3089} INFO - Sync 1 DAGs
[2026-09-18T15:44:09.957+0000] {logging_mixin.py:188} INFO - [2026-09-18T15:44:09.956+0000] {dag.py:3947} INFO - Setting next_dagrun for meteorisk_pipeline to 2026-09-18 00:00:00+00:00, run_after=2026-09-19 00:00:00+00:00
[2026-09-18T15:44:09.996+0000] {processor.py:183} INFO - Processing /opt/airflow/dags/meteorisk_dag.py took 0.229 seconds
[2026-09-18T15:44:40.296+0000] {processor.py:161} INFO - Started process (PID=4452) to work on /opt/airflow/dags/meteorisk_dag.py
[2026-09-18T15:44:40.300+0000] {processor.py:830} INFO - Processing file /opt/airflow/dags/meteorisk_dag.py for tasks to queue
[2026-09-18T15:44:40.306+0000] {logging_mixin.py:188} INFO - [2026-09-18T15:44:40.305+0000] {dagbag.py:545} INFO - Filling up the DagBag from /opt/airflow/dags/meteorisk_dag.py
[2026-09-18T15:44:40.377+0000] {processor.py:840} INFO - DAG(s) 'meteorisk_pipeline' retrieved from /opt/airflow/dags/meteorisk_dag.py
[2026-09-18T15:44:40.448+0000] {logging_mixin.py:188} INFO - [2026-09-18T15:44:40.447+0000] {dag.py:3089} INFO - Sync 1 DAGs
[2026-09-18T15:44:40.509+0000] {logging_mixin.py:188} INFO - [2026-09-18T15:44:40.509+0000] {dag.py:3947} INFO - Setting next_dagrun for meteorisk_pipeline to 2026-09-18 00:00:00+00:00, run_after=2026-09-19 00:00:00+00:00
[2026-09-18T15:44:40.590+0000] {processor.py:183} INFO - Processing /opt/airflow/dags/meteorisk_dag.py took 0.307 seconds
[2026-09-18T15:45:10.790+0000] {processor.py:161} INFO - Started process (PID=4457) to work on /opt/airflow/dags/meteorisk_dag.py
[2026-09-18T15:45:10.792+0000] {processor.py:830} INFO - Processing file /opt/airflow/dags/meteorisk_dag.py for tasks to queue
[2026-09-18T15:45:10.800+0000] {logging_mixin.py:188} INFO - [2026-09-18T15:45:10.799+0000] {dagbag.py:545} INFO - Filling up the DagBag from /opt/airflow/dags/meteorisk_dag.py
[2026-09-18T15:45:10.859+0000] {processor.py:840} INFO - DAG(s) 'meteorisk_pipeline' retrieved from /opt/airflow/dags/meteorisk_dag.py
[2026-09-18T15:45:10.934+0000] {logging_mixin.py:188} INFO - [2026-09-18T15:45:10.933+0000] {dag.py:3089} INFO - Sync 1 DAGs
[2026-09-18T15:45:10.982+0000] {logging_mixin.py:188} INFO - [2026-09-18T15:45:10.982+0000] {dag.py:3947} INFO - Setting next_dagrun for meteorisk_pipeline to 2026-09-18 00:00:00+00:00, run_after=2026-09-19 00:00:00+00:00
[2026-09-18T15:45:11.025+0000] {processor.py:183} INFO - Processing /opt/airflow/dags/meteorisk_dag.py took 0.243 seconds
[2026-09-18T15:45:41.428+0000] {processor.py:161} INFO - Started process (PID=4462) to work on /opt/airflow/dags/meteorisk_dag.py
[2026-09-18T15:45:41.432+0000] {processor.py:830} INFO - Processing file /opt/airflow/dags/meteorisk_dag.py for tasks to queue
[2026-09-18T15:45:41.443+0000] {logging_mixin.py:188} INFO - [2026-09-18T15:45:41.440+0000] {dagbag.py:545} INFO - Filling up the DagBag from /opt/airflow/dags/meteorisk_dag.py
[2026-09-18T15:45:41.529+0000] {processor.py:840} INFO - DAG(s) 'meteorisk_pipeline' retrieved from /opt/airflow/dags/meteorisk_dag.py
[2026-09-18T15:45:41.613+0000] {logging_mixin.py:188} INFO - [2026-09-18T15:45:41.613+0000] {dag.py:3089} INFO - Sync 1 DAGs
[2026-09-18T15:45:41.651+0000] {logging_mixin.py:188} INFO - [2026-09-18T15:45:41.651+0000] {dag.py:3947} INFO - Setting next_dagrun for meteorisk_pipeline to 2026-09-18 00:00:00+00:00, run_after=2026-09-19 00:00:00+00:00
[2026-09-18T15:45:41.693+0000] {processor.py:183} INFO - Processing /opt/airflow/dags/meteorisk_dag.py took 0.283 seconds
[2026-09-18T15:46:11.837+0000] {processor.py:161} INFO - Started process (PID=4467) to work on /opt/airflow/dags/meteorisk_dag.py
[2026-09-18T15:46:11.839+0000] {processor.py:830} INFO - Processing file /opt/airflow/dags/meteorisk_dag.py for tasks to queue
[2026-09-18T15:46:11.842+0000] {logging_mixin.py:188} INFO - [2026-09-18T15:46:11.842+0000] {dagbag.py:545} INFO - Filling up the DagBag from /opt/airflow/dags/meteorisk_dag.py
[2026-09-18T15:46:11.898+0000] {processor.py:840} INFO - DAG(s) 'meteorisk_pipeline' retrieved from /opt/airflow/dags/meteorisk_dag.py
[2026-09-18T15:46:11.963+0000] {logging_mixin.py:188} INFO - [2026-09-18T15:46:11.962+0000] {dag.py:3089} INFO - Sync 1 DAGs
[2026-09-18T15:46:12.007+0000] {logging_mixin.py:188} INFO - [2026-09-18T15:46:12.006+0000] {dag.py:3947} INFO - Setting next_dagrun for meteorisk_pipeline to 2026-09-18 00:00:00+00:00, run_after=2026-09-19 00:00:00+00:00
[2026-09-18T15:46:12.055+0000] {processor.py:183} INFO - Processing /opt/airflow/dags/meteorisk_dag.py took 0.230 seconds
[2026-09-18T15:46:42.687+0000] {processor.py:161} INFO - Started process (PID=4472) to work on /opt/airflow/dags/meteorisk_dag.py
[2026-09-18T15:46:42.691+0000] {processor.py:830} INFO - Processing file /opt/airflow/dags/meteorisk_dag.py for tasks to queue
[2026-09-18T15:46:42.702+0000] {logging_mixin.py:188} INFO - [2026-09-18T15:46:42.700+0000] {dagbag.py:545} INFO - Filling up the DagBag from /opt/airflow/dags/meteorisk_dag.py
[2026-09-18T15:46:42.781+0000] {processor.py:840} INFO - DAG(s) 'meteorisk_pipeline' retrieved from /opt/airflow/dags/meteorisk_dag.py
[2026-09-18T15:46:42.882+0000] {logging_mixin.py:188} INFO - [2026-09-18T15:46:42.881+0000] {dag.py:3089} INFO - Sync 1 DAGs
[2026-09-18T15:46:42.942+0000] {logging_mixin.py:188} INFO - [2026-09-18T15:46:42.940+0000] {dag.py:3947} INFO - Setting next_dagrun for meteorisk_pipeline to 2026-09-18 00:00:00+00:00, run_after=2026-09-19 00:00:00+00:00
[2026-09-18T15:46:42.988+0000] {processor.py:183} INFO - Processing /opt/airflow/dags/meteorisk_dag.py took 0.318 seconds
[2026-09-18T15:47:13.417+0000] {processor.py:161} INFO - Started process (PID=4477) to work on /opt/airflow/dags/meteorisk_dag.py
[2026-09-18T15:47:13.420+0000] {processor.py:830} INFO - Processing file /opt/airflow/dags/meteorisk_dag.py for tasks to queue
[2026-09-18T15:47:13.425+0000] {logging_mixin.py:188} INFO - [2026-09-18T15:47:13.424+0000] {dagbag.py:545} INFO - Filling up the DagBag from /opt/airflow/dags/meteorisk_dag.py
[2026-09-18T15:47:13.483+0000] {processor.py:840} INFO - DAG(s) 'meteorisk_pipeline' retrieved from /opt/airflow/dags/meteorisk_dag.py
[2026-09-18T15:47:13.556+0000] {logging_mixin.py:188} INFO - [2026-09-18T15:47:13.555+0000] {dag.py:3089} INFO - Sync 1 DAGs
[2026-09-18T15:47:13.591+0000] {logging_mixin.py:188} INFO - [2026-09-18T15:47:13.591+0000] {dag.py:3947} INFO - Setting next_dagrun for meteorisk_pipeline to 2026-09-18 00:00:00+00:00, run_after=2026-09-19 00:00:00+00:00
[2026-09-18T15:47:13.628+0000] {processor.py:183} INFO - Processing /opt/airflow/dags/meteorisk_dag.py took 0.223 seconds
[2026-09-18T15:47:43.861+0000] {processor.py:161} INFO - Started process (PID=4482) to work on /opt/airflow/dags/meteorisk_dag.py
[2026-09-18T15:47:43.863+0000] {processor.py:830} INFO - Processing file /opt/airflow/dags/meteorisk_dag.py for tasks to queue
[2026-09-18T15:47:43.867+0000] {logging_mixin.py:188} INFO - [2026-09-18T15:47:43.866+0000] {dagbag.py:545} INFO - Filling up the DagBag from /opt/airflow/dags/meteorisk_dag.py
[2026-09-18T15:47:43.927+0000] {processor.py:840} INFO - DAG(s) 'meteorisk_pipeline' retrieved from /opt/airflow/dags/meteorisk_dag.py
[2026-09-18T15:47:43.986+0000] {logging_mixin.py:188} INFO - [2026-09-18T15:47:43.986+0000] {dag.py:3089} INFO - Sync 1 DAGs
[2026-09-18T15:47:44.044+0000] {logging_mixin.py:188} INFO - [2026-09-18T15:47:44.044+0000] {dag.py:3947} INFO - Setting next_dagrun for meteorisk_pipeline to 2026-09-18 00:00:00+00:00, run_after=2026-09-19 00:00:00+00:00
[2026-09-18T15:47:44.094+0000] {processor.py:183} INFO - Processing /opt/airflow/dags/meteorisk_dag.py took 0.247 seconds
[2026-09-18T15:48:14.510+0000] {processor.py:161} INFO - Started process (PID=4487) to work on /opt/airflow/dags/meteorisk_dag.py
[2026-09-18T15:48:14.513+0000] {processor.py:830} INFO - Processing file /opt/airflow/dags/meteorisk_dag.py for tasks to queue
[2026-09-18T15:48:14.517+0000] {logging_mixin.py:188} INFO - [2026-09-18T15:48:14.517+0000] {dagbag.py:545} INFO - Filling up the DagBag from /opt/airflow/dags/meteorisk_dag.py
[2026-09-18T15:48:14.579+0000] {processor.py:840} INFO - DAG(s) 'meteorisk_pipeline' retrieved from /opt/airflow/dags/meteorisk_dag.py
[2026-09-18T15:48:14.666+0000] {logging_mixin.py:188} INFO - [2026-09-18T15:48:14.666+0000] {dag.py:3089} INFO - Sync 1 DAGs
[2026-09-18T15:48:14.707+0000] {logging_mixin.py:188} INFO - [2026-09-18T15:48:14.707+0000] {dag.py:3947} INFO - Setting next_dagrun for meteorisk_pipeline to 2026-09-18 00:00:00+00:00, run_after=2026-09-19 00:00:00+00:00
[2026-09-18T15:48:14.768+0000] {processor.py:183} INFO - Processing /opt/airflow/dags/meteorisk_dag.py took 0.267 seconds
[2026-09-18T15:48:44.956+0000] {processor.py:161} INFO - Started process (PID=4492) to work on /opt/airflow/dags/meteorisk_dag.py
[2026-09-18T15:48:44.958+0000] {processor.py:830} INFO - Processing file /opt/airflow/dags/meteorisk_dag.py for tasks to queue
[2026-09-18T15:48:44.961+0000] {logging_mixin.py:188} INFO - [2026-09-18T15:48:44.960+0000] {dagbag.py:545} INFO - Filling up the DagBag from /opt/airflow/dags/meteorisk_dag.py
[2026-09-18T15:48:45.024+0000] {processor.py:840} INFO - DAG(s) 'meteorisk_pipeline' retrieved from /opt/airflow/dags/meteorisk_dag.py
[2026-09-18T15:48:45.097+0000] {logging_mixin.py:188} INFO - [2026-09-18T15:48:45.094+0000] {dag.py:3089} INFO - Sync 1 DAGs
[2026-09-18T15:48:45.138+0000] {logging_mixin.py:188} INFO - [2026-09-18T15:48:45.137+0000] {dag.py:3947} INFO - Setting next_dagrun for meteorisk_pipeline to 2026-09-18 00:00:00+00:00, run_after=2026-09-19 00:00:00+00:00
[2026-09-18T15:48:45.189+0000] {processor.py:183} INFO - Processing /opt/airflow/dags/meteorisk_dag.py took 0.245 seconds
[2026-09-18T15:49:15.650+0000] {processor.py:161} INFO - Started process (PID=4497) to work on /opt/airflow/dags/meteorisk_dag.py
[2026-09-18T15:49:15.653+0000] {processor.py:830} INFO - Processing file /opt/airflow/dags/meteorisk_dag.py for tasks to queue
[2026-09-18T15:49:15.657+0000] {logging_mixin.py:188} INFO - [2026-09-18T15:49:15.656+0000] {dagbag.py:545} INFO - Filling up the DagBag from /opt/airflow/dags/meteorisk_dag.py
[2026-09-18T15:49:15.710+0000] {processor.py:840} INFO - DAG(s) 'meteorisk_pipeline' retrieved from /opt/airflow/dags/meteorisk_dag.py
[2026-09-18T15:49:15.766+0000] {logging_mixin.py:188} INFO - [2026-09-18T15:49:15.765+0000] {dag.py:3089} INFO - Sync 1 DAGs
[2026-09-18T15:49:15.801+0000] {logging_mixin.py:188} INFO - [2026-09-18T15:49:15.801+0000] {dag.py:3947} INFO - Setting next_dagrun for meteorisk_pipeline to 2026-09-18 00:00:00+00:00, run_after=2026-09-19 00:00:00+00:00
[2026-09-18T15:49:15.838+0000] {processor.py:183} INFO - Processing /opt/airflow/dags/meteorisk_dag.py took 0.198 seconds
[2026-09-18T15:49:46.038+0000] {processor.py:161} INFO - Started process (PID=4502) to work on /opt/airflow/dags/meteorisk_dag.py
[2026-09-18T15:49:46.040+0000] {processor.py:830} INFO - Processing file /opt/airflow/dags/meteorisk_dag.py for tasks to queue
[2026-09-18T15:49:46.043+0000] {logging_mixin.py:188} INFO - [2026-09-18T15:49:46.042+0000] {dagbag.py:545} INFO - Filling up the DagBag from /opt/airflow/dags/meteorisk_dag.py
[2026-09-18T15:49:46.086+0000] {processor.py:840} INFO - DAG(s) 'meteorisk_pipeline' retrieved from /opt/airflow/dags/meteorisk_dag.py
[2026-09-18T15:49:46.137+0000] {logging_mixin.py:188} INFO - [2026-09-18T15:49:46.137+0000] {dag.py:3089} INFO - Sync 1 DAGs
[2026-09-18T15:49:46.181+0000] {logging_mixin.py:188} INFO - [2026-09-18T15:49:46.180+0000] {dag.py:3947} INFO - Setting next_dagrun for meteorisk_pipeline to 2026-09-18 00:00:00+00:00, run_after=2026-09-19 00:00:00+00:00
[2026-09-18T15:49:46.343+0000] {processor.py:183} INFO - Processing /opt/airflow/dags/meteorisk_dag.py took 0.312 seconds
[2026-09-18T15:50:16.658+0000] {processor.py:161} INFO - Started process (PID=4507) to work on /opt/airflow/dags/meteorisk_dag.py
[2026-09-18T15:50:16.661+0000] {processor.py:830} INFO - Processing file /opt/airflow/dags/meteorisk_dag.py for tasks to queue
[2026-09-18T15:50:16.671+0000] {logging_mixin.py:188} INFO - [2026-09-18T15:50:16.671+0000] {dagbag.py:545} INFO - Filling up the DagBag from /opt/airflow/dags/meteorisk_dag.py
[2026-09-18T15:50:16.743+0000] {processor.py:840} INFO - DAG(s) 'meteorisk_pipeline' retrieved from /opt/airflow/dags/meteorisk_dag.py
[2026-09-18T15:50:16.815+0000] {logging_mixin.py:188} INFO - [2026-09-18T15:50:16.815+0000] {dag.py:3089} INFO - Sync 1 DAGs
[2026-09-18T15:50:16.859+0000] {logging_mixin.py:188} INFO - [2026-09-18T15:50:16.859+0000] {dag.py:3947} INFO - Setting next_dagrun for meteorisk_pipeline to 2026-09-18 00:00:00+00:00, run_after=2026-09-19 00:00:00+00:00
[2026-09-18T15:50:16.905+0000] {processor.py:183} INFO - Processing /opt/airflow/dags/meteorisk_dag.py took 0.261 seconds
[2026-09-18T15:50:47.169+0000] {processor.py:161} INFO - Started process (PID=4512) to work on /opt/airflow/dags/meteorisk_dag.py
[2026-09-18T15:50:47.172+0000] {processor.py:830} INFO - Processing file /opt/airflow/dags/meteorisk_dag.py for tasks to queue
[2026-09-18T15:50:47.177+0000] {logging_mixin.py:188} INFO - [2026-09-18T15:50:47.176+0000] {dagbag.py:545} INFO - Filling up the DagBag from /opt/airflow/dags/meteorisk_dag.py
[2026-09-18T15:50:47.250+0000] {processor.py:840} INFO - DAG(s) 'meteorisk_pipeline' retrieved from /opt/airflow/dags/meteorisk_dag.py
[2026-09-18T15:50:47.305+0000] {logging_mixin.py:188} INFO - [2026-09-18T15:50:47.305+0000] {dag.py:3089} INFO - Sync 1 DAGs
[2026-09-18T15:50:47.344+0000] {logging_mixin.py:188} INFO - [2026-09-18T15:50:47.343+0000] {dag.py:3947} INFO - Setting next_dagrun for meteorisk_pipeline to 2026-09-18 00:00:00+00:00, run_after=2026-09-19 00:00:00+00:00
[2026-09-18T15:50:47.384+0000] {processor.py:183} INFO - Processing /opt/airflow/dags/meteorisk_dag.py took 0.233 seconds
[2026-09-18T15:51:17.828+0000] {processor.py:161} INFO - Started process (PID=4518) to work on /opt/airflow/dags/meteorisk_dag.py
[2026-09-18T15:51:17.846+0000] {processor.py:830} INFO - Processing file /opt/airflow/dags/meteorisk_dag.py for tasks to queue
[2026-09-18T15:51:17.878+0000] {logging_mixin.py:188} INFO - [2026-09-18T15:51:17.875+0000] {dagbag.py:545} INFO - Filling up the DagBag from /opt/airflow/dags/meteorisk_dag.py
[2026-09-18T15:51:17.968+0000] {processor.py:840} INFO - DAG(s) 'meteorisk_pipeline' retrieved from /opt/airflow/dags/meteorisk_dag.py
[2026-09-18T15:51:18.149+0000] {logging_mixin.py:188} INFO - [2026-09-18T15:51:18.149+0000] {dag.py:3089} INFO - Sync 1 DAGs
[2026-09-18T15:51:18.290+0000] {logging_mixin.py:188} INFO - [2026-09-18T15:51:18.289+0000] {dag.py:3947} INFO - Setting next_dagrun for meteorisk_pipeline to 2026-09-18 00:00:00+00:00, run_after=2026-09-19 00:00:00+00:00
[2026-09-18T15:51:18.388+0000] {processor.py:183} INFO - Processing /opt/airflow/dags/meteorisk_dag.py took 0.657 seconds
[2026-09-18T15:51:48.964+0000] {processor.py:161} INFO - Started process (PID=4523) to work on /opt/airflow/dags/meteorisk_dag.py
[2026-09-18T15:51:48.966+0000] {processor.py:830} INFO - Processing file /opt/airflow/dags/meteorisk_dag.py for tasks to queue
[2026-09-18T15:51:48.975+0000] {logging_mixin.py:188} INFO - [2026-09-18T15:51:48.974+0000] {dagbag.py:545} INFO - Filling up the DagBag from /opt/airflow/dags/meteorisk_dag.py
[2026-09-18T15:51:49.025+0000] {processor.py:840} INFO - DAG(s) 'meteorisk_pipeline' retrieved from /opt/airflow/dags/meteorisk_dag.py
[2026-09-18T15:51:49.146+0000] {logging_mixin.py:188} INFO - [2026-09-18T15:51:49.145+0000] {dag.py:3089} INFO - Sync 1 DAGs
[2026-09-18T15:51:49.198+0000] {logging_mixin.py:188} INFO - [2026-09-18T15:51:49.197+0000] {dag.py:3947} INFO - Setting next_dagrun for meteorisk_pipeline to 2026-09-18 00:00:00+00:00, run_after=2026-09-19 00:00:00+00:00
[2026-09-18T15:51:49.253+0000] {processor.py:183} INFO - Processing /opt/airflow/dags/meteorisk_dag.py took 0.299 seconds
[2026-09-18T15:52:19.449+0000] {processor.py:161} INFO - Started process (PID=4528) to work on /opt/airflow/dags/meteorisk_dag.py
[2026-09-18T15:52:19.451+0000] {processor.py:830} INFO - Processing file /opt/airflow/dags/meteorisk_dag.py for tasks to queue
[2026-09-18T15:52:19.457+0000] {logging_mixin.py:188} INFO - [2026-09-18T15:52:19.457+0000] {dagbag.py:545} INFO - Filling up the DagBag from /opt/airflow/dags/meteorisk_dag.py
[2026-09-18T15:52:19.508+0000] {processor.py:840} INFO - DAG(s) 'meteorisk_pipeline' retrieved from /opt/airflow/dags/meteorisk_dag.py
[2026-09-18T15:52:19.579+0000] {logging_mixin.py:188} INFO - [2026-09-18T15:52:19.578+0000] {dag.py:3089} INFO - Sync 1 DAGs
[2026-09-18T15:52:19.616+0000] {logging_mixin.py:188} INFO - [2026-09-18T15:52:19.616+0000] {dag.py:3947} INFO - Setting next_dagrun for meteorisk_pipeline to 2026-09-18 00:00:00+00:00, run_after=2026-09-19 00:00:00+00:00
[2026-09-18T15:52:19.663+0000] {processor.py:183} INFO - Processing /opt/airflow/dags/meteorisk_dag.py took 0.228 seconds
[2026-09-18T15:52:49.868+0000] {processor.py:161} INFO - Started process (PID=4533) to work on /opt/airflow/dags/meteorisk_dag.py
[2026-09-18T15:52:49.870+0000] {processor.py:830} INFO - Processing file /opt/airflow/dags/meteorisk_dag.py for tasks to queue
[2026-09-18T15:52:49.875+0000] {logging_mixin.py:188} INFO - [2026-09-18T15:52:49.874+0000] {dagbag.py:545} INFO - Filling up the DagBag from /opt/airflow/dags/meteorisk_dag.py
[2026-09-18T15:52:49.923+0000] {processor.py:840} INFO - DAG(s) 'meteorisk_pipeline' retrieved from /opt/airflow/dags/meteorisk_dag.py
[2026-09-18T15:52:49.972+0000] {logging_mixin.py:188} INFO - [2026-09-18T15:52:49.972+0000] {dag.py:3089} INFO - Sync 1 DAGs
[2026-09-18T15:52:50.004+0000] {logging_mixin.py:188} INFO - [2026-09-18T15:52:50.004+0000] {dag.py:3947} INFO - Setting next_dagrun for meteorisk_pipeline to 2026-09-18 00:00:00+00:00, run_after=2026-09-19 00:00:00+00:00
[2026-09-18T15:52:50.039+0000] {processor.py:183} INFO - Processing /opt/airflow/dags/meteorisk_dag.py took 0.183 seconds
[2026-09-18T15:53:20.277+0000] {processor.py:161} INFO - Started process (PID=4538) to work on /opt/airflow/dags/meteorisk_dag.py
[2026-09-18T15:53:20.279+0000] {processor.py:830} INFO - Processing file /opt/airflow/dags/meteorisk_dag.py for tasks to queue
[2026-09-18T15:53:20.283+0000] {logging_mixin.py:188} INFO - [2026-09-18T15:53:20.282+0000] {dagbag.py:545} INFO - Filling up the DagBag from /opt/airflow/dags/meteorisk_dag.py
[2026-09-18T15:53:20.327+0000] {processor.py:840} INFO - DAG(s) 'meteorisk_pipeline' retrieved from /opt/airflow/dags/meteorisk_dag.py
[2026-09-18T15:53:20.377+0000] {logging_mixin.py:188} INFO - [2026-09-18T15:53:20.376+0000] {dag.py:3089} INFO - Sync 1 DAGs
[2026-09-18T15:53:20.411+0000] {logging_mixin.py:188} INFO - [2026-09-18T15:53:20.410+0000] {dag.py:3947} INFO - Setting next_dagrun for meteorisk_pipeline to 2026-09-18 00:00:00+00:00, run_after=2026-09-19 00:00:00+00:00
[2026-09-18T15:53:20.443+0000] {processor.py:183} INFO - Processing /opt/airflow/dags/meteorisk_dag.py took 0.175 seconds
[2026-09-18T15:53:50.638+0000] {processor.py:161} INFO - Started process (PID=4543) to work on /opt/airflow/dags/meteorisk_dag.py
[2026-09-18T15:53:50.640+0000] {processor.py:830} INFO - Processing file /opt/airflow/dags/meteorisk_dag.py for tasks to queue
[2026-09-18T15:53:50.642+0000] {logging_mixin.py:188} INFO - [2026-09-18T15:53:50.642+0000] {dagbag.py:545} INFO - Filling up the DagBag from /opt/airflow/dags/meteorisk_dag.py
[2026-09-18T15:53:50.686+0000] {processor.py:840} INFO - DAG(s) 'meteorisk_pipeline' retrieved from /opt/airflow/dags/meteorisk_dag.py
[2026-09-18T15:53:50.751+0000] {logging_mixin.py:188} INFO - [2026-09-18T15:53:50.751+0000] {dag.py:3089} INFO - Sync 1 DAGs
[2026-09-18T15:53:50.788+0000] {logging_mixin.py:188} INFO - [2026-09-18T15:53:50.787+0000] {dag.py:3947} INFO - Setting next_dagrun for meteorisk_pipeline to 2026-09-18 00:00:00+00:00, run_after=2026-09-19 00:00:00+00:00
[2026-09-18T15:53:50.834+0000] {processor.py:183} INFO - Processing /opt/airflow/dags/meteorisk_dag.py took 0.205 seconds
[2026-09-18T15:54:21.057+0000] {processor.py:161} INFO - Started process (PID=4548) to work on /opt/airflow/dags/meteorisk_dag.py
[2026-09-18T15:54:21.059+0000] {processor.py:830} INFO - Processing file /opt/airflow/dags/meteorisk_dag.py for tasks to queue
[2026-09-18T15:54:21.061+0000] {logging_mixin.py:188} INFO - [2026-09-18T15:54:21.061+0000] {dagbag.py:545} INFO - Filling up the DagBag from /opt/airflow/dags/meteorisk_dag.py
[2026-09-18T15:54:21.099+0000] {processor.py:840} INFO - DAG(s) 'meteorisk_pipeline' retrieved from /opt/airflow/dags/meteorisk_dag.py
[2026-09-18T15:54:21.146+0000] {logging_mixin.py:188} INFO - [2026-09-18T15:54:21.146+0000] {dag.py:3089} INFO - Sync 1 DAGs
[2026-09-18T15:54:21.176+0000] {logging_mixin.py:188} INFO - [2026-09-18T15:54:21.175+0000] {dag.py:3947} INFO - Setting next_dagrun for meteorisk_pipeline to 2026-09-18 00:00:00+00:00, run_after=2026-09-19 00:00:00+00:00
[2026-09-18T15:54:21.207+0000] {processor.py:183} INFO - Processing /opt/airflow/dags/meteorisk_dag.py took 0.158 seconds
[2026-09-18T15:54:51.429+0000] {processor.py:161} INFO - Started process (PID=4553) to work on /opt/airflow/dags/meteorisk_dag.py
[2026-09-18T15:54:51.431+0000] {processor.py:830} INFO - Processing file /opt/airflow/dags/meteorisk_dag.py for tasks to queue
[2026-09-18T15:54:51.434+0000] {logging_mixin.py:188} INFO - [2026-09-18T15:54:51.434+0000] {dagbag.py:545} INFO - Filling up the DagBag from /opt/airflow/dags/meteorisk_dag.py
[2026-09-18T15:54:51.470+0000] {processor.py:840} INFO - DAG(s) 'meteorisk_pipeline' retrieved from /opt/airflow/dags/meteorisk_dag.py
[2026-09-18T15:54:51.515+0000] {logging_mixin.py:188} INFO - [2026-09-18T15:54:51.515+0000] {dag.py:3089} INFO - Sync 1 DAGs
[2026-09-18T15:54:51.547+0000] {logging_mixin.py:188} INFO - [2026-09-18T15:54:51.547+0000] {dag.py:3947} INFO - Setting next_dagrun for meteorisk_pipeline to 2026-09-18 00:00:00+00:00, run_after=2026-09-19 00:00:00+00:00
[2026-09-18T15:54:51.579+0000] {processor.py:183} INFO - Processing /opt/airflow/dags/meteorisk_dag.py took 0.158 seconds
[2026-09-18T15:55:21.764+0000] {processor.py:161} INFO - Started process (PID=4558) to work on /opt/airflow/dags/meteorisk_dag.py
[2026-09-18T15:55:21.768+0000] {processor.py:830} INFO - Processing file /opt/airflow/dags/meteorisk_dag.py for tasks to queue
[2026-09-18T15:55:21.772+0000] {logging_mixin.py:188} INFO - [2026-09-18T15:55:21.771+0000] {dagbag.py:545} INFO - Filling up the DagBag from /opt/airflow/dags/meteorisk_dag.py
[2026-09-18T15:55:21.814+0000] {processor.py:840} INFO - DAG(s) 'meteorisk_pipeline' retrieved from /opt/airflow/dags/meteorisk_dag.py
[2026-09-18T15:55:21.867+0000] {logging_mixin.py:188} INFO - [2026-09-18T15:55:21.866+0000] {dag.py:3089} INFO - Sync 1 DAGs
[2026-09-18T15:55:21.903+0000] {logging_mixin.py:188} INFO - [2026-09-18T15:55:21.903+0000] {dag.py:3947} INFO - Setting next_dagrun for meteorisk_pipeline to 2026-09-18 00:00:00+00:00, run_after=2026-09-19 00:00:00+00:00
[2026-09-18T15:55:21.935+0000] {processor.py:183} INFO - Processing /opt/airflow/dags/meteorisk_dag.py took 0.179 seconds
[2026-09-18T15:55:52.145+0000] {processor.py:161} INFO - Started process (PID=4563) to work on /opt/airflow/dags/meteorisk_dag.py
[2026-09-18T15:55:52.147+0000] {processor.py:830} INFO - Processing file /opt/airflow/dags/meteorisk_dag.py for tasks to queue
[2026-09-18T15:55:52.150+0000] {logging_mixin.py:188} INFO - [2026-09-18T15:55:52.150+0000] {dagbag.py:545} INFO - Filling up the DagBag from /opt/airflow/dags/meteorisk_dag.py
[2026-09-18T15:55:52.188+0000] {processor.py:840} INFO - DAG(s) 'meteorisk_pipeline' retrieved from /opt/airflow/dags/meteorisk_dag.py
[2026-09-18T15:55:52.231+0000] {logging_mixin.py:188} INFO - [2026-09-18T15:55:52.231+0000] {dag.py:3089} INFO - Sync 1 DAGs
[2026-09-18T15:55:52.263+0000] {logging_mixin.py:188} INFO - [2026-09-18T15:55:52.262+0000] {dag.py:3947} INFO - Setting next_dagrun for meteorisk_pipeline to 2026-09-18 00:00:00+00:00, run_after=2026-09-19 00:00:00+00:00
[2026-09-18T15:55:52.294+0000] {processor.py:183} INFO - Processing /opt/airflow/dags/meteorisk_dag.py took 0.157 seconds
[2026-09-18T15:56:22.531+0000] {processor.py:161} INFO - Started process (PID=4568) to work on /opt/airflow/dags/meteorisk_dag.py
[2026-09-18T15:56:22.534+0000] {processor.py:830} INFO - Processing file /opt/airflow/dags/meteorisk_dag.py for tasks to queue
[2026-09-18T15:56:22.536+0000] {logging_mixin.py:188} INFO - [2026-09-18T15:56:22.536+0000] {dagbag.py:545} INFO - Filling up the DagBag from /opt/airflow/dags/meteorisk_dag.py
[2026-09-18T15:56:22.587+0000] {processor.py:840} INFO - DAG(s) 'meteorisk_pipeline' retrieved from /opt/airflow/dags/meteorisk_dag.py
[2026-09-18T15:56:22.643+0000] {logging_mixin.py:188} INFO - [2026-09-18T15:56:22.643+0000] {dag.py:3089} INFO - Sync 1 DAGs
[2026-09-18T15:56:22.687+0000] {logging_mixin.py:188} INFO - [2026-09-18T15:56:22.686+0000] {dag.py:3947} INFO - Setting next_dagrun for meteorisk_pipeline to 2026-09-18 00:00:00+00:00, run_after=2026-09-19 00:00:00+00:00
[2026-09-18T15:56:22.723+0000] {processor.py:183} INFO - Processing /opt/airflow/dags/meteorisk_dag.py took 0.203 seconds
[2026-09-18T15:56:52.952+0000] {processor.py:161} INFO - Started process (PID=4573) to work on /opt/airflow/dags/meteorisk_dag.py
[2026-09-18T15:56:52.954+0000] {processor.py:830} INFO - Processing file /opt/airflow/dags/meteorisk_dag.py for tasks to queue
[2026-09-18T15:56:52.958+0000] {logging_mixin.py:188} INFO - [2026-09-18T15:56:52.957+0000] {dagbag.py:545} INFO - Filling up the DagBag from /opt/airflow/dags/meteorisk_dag.py
[2026-09-18T15:56:52.996+0000] {processor.py:840} INFO - DAG(s) 'meteorisk_pipeline' retrieved from /opt/airflow/dags/meteorisk_dag.py
[2026-09-18T15:56:53.043+0000] {logging_mixin.py:188} INFO - [2026-09-18T15:56:53.043+0000] {dag.py:3089} INFO - Sync 1 DAGs
[2026-09-18T15:56:53.077+0000] {logging_mixin.py:188} INFO - [2026-09-18T15:56:53.076+0000] {dag.py:3947} INFO - Setting next_dagrun for meteorisk_pipeline to 2026-09-18 00:00:00+00:00, run_after=2026-09-19 00:00:00+00:00
[2026-09-18T15:56:53.108+0000] {processor.py:183} INFO - Processing /opt/airflow/dags/meteorisk_dag.py took 0.166 seconds
[2026-09-18T15:57:23.332+0000] {processor.py:161} INFO - Started process (PID=4578) to work on /opt/airflow/dags/meteorisk_dag.py
[2026-09-18T15:57:23.334+0000] {processor.py:830} INFO - Processing file /opt/airflow/dags/meteorisk_dag.py for tasks to queue
[2026-09-18T15:57:23.341+0000] {logging_mixin.py:188} INFO - [2026-09-18T15:57:23.340+0000] {dagbag.py:545} INFO - Filling up the DagBag from /opt/airflow/dags/meteorisk_dag.py
[2026-09-18T15:57:23.383+0000] {processor.py:840} INFO - DAG(s) 'meteorisk_pipeline' retrieved from /opt/airflow/dags/meteorisk_dag.py
[2026-09-18T15:57:23.436+0000] {logging_mixin.py:188} INFO - [2026-09-18T15:57:23.435+0000] {dag.py:3089} INFO - Sync 1 DAGs
[2026-09-18T15:57:23.473+0000] {logging_mixin.py:188} INFO - [2026-09-18T15:57:23.473+0000] {dag.py:3947} INFO - Setting next_dagrun for meteorisk_pipeline to 2026-09-18 00:00:00+00:00, run_after=2026-09-19 00:00:00+00:00
[2026-09-18T15:57:23.510+0000] {processor.py:183} INFO - Processing /opt/airflow/dags/meteorisk_dag.py took 0.187 seconds
[2026-09-18T15:57:53.689+0000] {processor.py:161} INFO - Started process (PID=4583) to work on /opt/airflow/dags/meteorisk_dag.py
[2026-09-18T15:57:53.691+0000] {processor.py:830} INFO - Processing file /opt/airflow/dags/meteorisk_dag.py for tasks to queue
[2026-09-18T15:57:53.696+0000] {logging_mixin.py:188} INFO - [2026-09-18T15:57:53.695+0000] {dagbag.py:545} INFO - Filling up the DagBag from /opt/airflow/dags/meteorisk_dag.py
[2026-09-18T15:57:53.743+0000] {processor.py:840} INFO - DAG(s) 'meteorisk_pipeline' retrieved from /opt/airflow/dags/meteorisk_dag.py
[2026-09-18T15:57:53.794+0000] {logging_mixin.py:188} INFO - [2026-09-18T15:57:53.794+0000] {dag.py:3089} INFO - Sync 1 DAGs
[2026-09-18T15:57:53.833+0000] {logging_mixin.py:188} INFO - [2026-09-18T15:57:53.833+0000] {dag.py:3947} INFO - Setting next_dagrun for meteorisk_pipeline to 2026-09-18 00:00:00+00:00, run_after=2026-09-19 00:00:00+00:00
[2026-09-18T15:57:53.872+0000] {processor.py:183} INFO - Processing /opt/airflow/dags/meteorisk_dag.py took 0.193 seconds
[2026-09-18T15:58:24.058+0000] {processor.py:161} INFO - Started process (PID=4588) to work on /opt/airflow/dags/meteorisk_dag.py
[2026-09-18T15:58:24.060+0000] {processor.py:830} INFO - Processing file /opt/airflow/dags/meteorisk_dag.py for tasks to queue
[2026-09-18T15:58:24.066+0000] {logging_mixin.py:188} INFO - [2026-09-18T15:58:24.065+0000] {dagbag.py:545} INFO - Filling up the DagBag from /opt/airflow/dags/meteorisk_dag.py
[2026-09-18T15:58:24.101+0000] {processor.py:840} INFO - DAG(s) 'meteorisk_pipeline' retrieved from /opt/airflow/dags/meteorisk_dag.py
[2026-09-18T15:58:24.146+0000] {logging_mixin.py:188} INFO - [2026-09-18T15:58:24.145+0000] {dag.py:3089} INFO - Sync 1 DAGs
[2026-09-18T15:58:24.177+0000] {logging_mixin.py:188} INFO - [2026-09-18T15:58:24.177+0000] {dag.py:3947} INFO - Setting next_dagrun for meteorisk_pipeline to 2026-09-18 00:00:00+00:00, run_after=2026-09-19 00:00:00+00:00
[2026-09-18T15:58:24.207+0000] {processor.py:183} INFO - Processing /opt/airflow/dags/meteorisk_dag.py took 0.156 seconds
[2026-09-18T15:58:54.432+0000] {processor.py:161} INFO - Started process (PID=4593) to work on /opt/airflow/dags/meteorisk_dag.py
[2026-09-18T15:58:54.434+0000] {processor.py:830} INFO - Processing file /opt/airflow/dags/meteorisk_dag.py for tasks to queue
[2026-09-18T15:58:54.437+0000] {logging_mixin.py:188} INFO - [2026-09-18T15:58:54.437+0000] {dagbag.py:545} INFO - Filling up the DagBag from /opt/airflow/dags/meteorisk_dag.py
[2026-09-18T15:58:54.477+0000] {processor.py:840} INFO - DAG(s) 'meteorisk_pipeline' retrieved from /opt/airflow/dags/meteorisk_dag.py
[2026-09-18T15:58:54.523+0000] {logging_mixin.py:188} INFO - [2026-09-18T15:58:54.522+0000] {dag.py:3089} INFO - Sync 1 DAGs
[2026-09-18T15:58:54.557+0000] {logging_mixin.py:188} INFO - [2026-09-18T15:58:54.557+0000] {dag.py:3947} INFO - Setting next_dagrun for meteorisk_pipeline to 2026-09-18 00:00:00+00:00, run_after=2026-09-19 00:00:00+00:00
[2026-09-18T15:58:54.587+0000] {processor.py:183} INFO - Processing /opt/airflow/dags/meteorisk_dag.py took 0.163 seconds
[2026-09-18T15:59:24.787+0000] {processor.py:161} INFO - Started process (PID=4598) to work on /opt/airflow/dags/meteorisk_dag.py
[2026-09-18T15:59:24.789+0000] {processor.py:830} INFO - Processing file /opt/airflow/dags/meteorisk_dag.py for tasks to queue
[2026-09-18T15:59:24.792+0000] {logging_mixin.py:188} INFO - [2026-09-18T15:59:24.792+0000] {dagbag.py:545} INFO - Filling up the DagBag from /opt/airflow/dags/meteorisk_dag.py
[2026-09-18T15:59:24.828+0000] {processor.py:840} INFO - DAG(s) 'meteorisk_pipeline' retrieved from /opt/airflow/dags/meteorisk_dag.py
[2026-09-18T15:59:24.873+0000] {logging_mixin.py:188} INFO - [2026-09-18T15:59:24.873+0000] {dag.py:3089} INFO - Sync 1 DAGs
[2026-09-18T15:59:24.904+0000] {logging_mixin.py:188} INFO - [2026-09-18T15:59:24.904+0000] {dag.py:3947} INFO - Setting next_dagrun for meteorisk_pipeline to 2026-09-18 00:00:00+00:00, run_after=2026-09-19 00:00:00+00:00
[2026-09-18T15:59:24.933+0000] {processor.py:183} INFO - Processing /opt/airflow/dags/meteorisk_dag.py took 0.156 seconds
[2026-09-18T15:59:55.165+0000] {processor.py:161} INFO - Started process (PID=4603) to work on /opt/airflow/dags/meteorisk_dag.py
[2026-09-18T15:59:55.167+0000] {processor.py:830} INFO - Processing file /opt/airflow/dags/meteorisk_dag.py for tasks to queue
[2026-09-18T15:59:55.175+0000] {logging_mixin.py:188} INFO - [2026-09-18T15:59:55.174+0000] {dagbag.py:545} INFO - Filling up the DagBag from /opt/airflow/dags/meteorisk_dag.py
[2026-09-18T15:59:55.213+0000] {processor.py:840} INFO - DAG(s) 'meteorisk_pipeline' retrieved from /opt/airflow/dags/meteorisk_dag.py
[2026-09-18T15:59:55.264+0000] {logging_mixin.py:188} INFO - [2026-09-18T15:59:55.264+0000] {dag.py:3089} INFO - Sync 1 DAGs
[2026-09-18T15:59:55.298+0000] {logging_mixin.py:188} INFO - [2026-09-18T15:59:55.298+0000] {dag.py:3947} INFO - Setting next_dagrun for meteorisk_pipeline to 2026-09-18 00:00:00+00:00, run_after=2026-09-19 00:00:00+00:00
[2026-09-18T15:59:55.335+0000] {processor.py:183} INFO - Processing /opt/airflow/dags/meteorisk_dag.py took 0.177 seconds
[2026-09-18T16:00:25.478+0000] {processor.py:161} INFO - Started process (PID=4608) to work on /opt/airflow/dags/meteorisk_dag.py
[2026-09-18T16:00:25.480+0000] {processor.py:830} INFO - Processing file /opt/airflow/dags/meteorisk_dag.py for tasks to queue
[2026-09-18T16:00:25.483+0000] {logging_mixin.py:188} INFO - [2026-09-18T16:00:25.483+0000] {dagbag.py:545} INFO - Filling up the DagBag from /opt/airflow/dags/meteorisk_dag.py
[2026-09-18T16:00:25.517+0000] {processor.py:840} INFO - DAG(s) 'meteorisk_pipeline' retrieved from /opt/airflow/dags/meteorisk_dag.py
[2026-09-18T16:00:25.560+0000] {logging_mixin.py:188} INFO - [2026-09-18T16:00:25.559+0000] {dag.py:3089} INFO - Sync 1 DAGs
[2026-09-18T16:00:25.592+0000] {logging_mixin.py:188} INFO - [2026-09-18T16:00:25.592+0000] {dag.py:3947} INFO - Setting next_dagrun for meteorisk_pipeline to 2026-09-18 00:00:00+00:00, run_after=2026-09-19 00:00:00+00:00
[2026-09-18T16:00:25.623+0000] {processor.py:183} INFO - Processing /opt/airflow/dags/meteorisk_dag.py took 0.152 seconds
[2026-09-18T16:00:55.951+0000] {processor.py:161} INFO - Started process (PID=4613) to work on /opt/airflow/dags/meteorisk_dag.py
[2026-09-18T16:00:55.953+0000] {processor.py:830} INFO - Processing file /opt/airflow/dags/meteorisk_dag.py for tasks to queue
[2026-09-18T16:00:55.962+0000] {logging_mixin.py:188} INFO - [2026-09-18T16:00:55.960+0000] {dagbag.py:545} INFO - Filling up the DagBag from /opt/airflow/dags/meteorisk_dag.py
[2026-09-18T16:00:56.040+0000] {processor.py:840} INFO - DAG(s) 'meteorisk_pipeline' retrieved from /opt/airflow/dags/meteorisk_dag.py
[2026-09-18T16:00:56.104+0000] {logging_mixin.py:188} INFO - [2026-09-18T16:00:56.103+0000] {dag.py:3089} INFO - Sync 1 DAGs
[2026-09-18T16:00:56.170+0000] {logging_mixin.py:188} INFO - [2026-09-18T16:00:56.169+0000] {dag.py:3947} INFO - Setting next_dagrun for meteorisk_pipeline to 2026-09-18 00:00:00+00:00, run_after=2026-09-19 00:00:00+00:00
[2026-09-18T16:00:56.212+0000] {processor.py:183} INFO - Processing /opt/airflow/dags/meteorisk_dag.py took 0.274 seconds
[2026-09-18T16:01:26.555+0000] {processor.py:161} INFO - Started process (PID=4618) to work on /opt/airflow/dags/meteorisk_dag.py
[2026-09-18T16:01:26.557+0000] {processor.py:830} INFO - Processing file /opt/airflow/dags/meteorisk_dag.py for tasks to queue
[2026-09-18T16:01:26.560+0000] {logging_mixin.py:188} INFO - [2026-09-18T16:01:26.560+0000] {dagbag.py:545} INFO - Filling up the DagBag from /opt/airflow/dags/meteorisk_dag.py
[2026-09-18T16:01:26.592+0000] {processor.py:840} INFO - DAG(s) 'meteorisk_pipeline' retrieved from /opt/airflow/dags/meteorisk_dag.py
[2026-09-18T16:01:26.649+0000] {logging_mixin.py:188} INFO - [2026-09-18T16:01:26.648+0000] {dag.py:3089} INFO - Sync 1 DAGs
[2026-09-18T16:01:26.683+0000] {logging_mixin.py:188} INFO - [2026-09-18T16:01:26.682+0000] {dag.py:3947} INFO - Setting next_dagrun for meteorisk_pipeline to 2026-09-18 00:00:00+00:00, run_after=2026-09-19 00:00:00+00:00
[2026-09-18T16:01:26.717+0000] {processor.py:183} INFO - Processing /opt/airflow/dags/meteorisk_dag.py took 0.170 seconds
[2026-09-18T16:01:56.844+0000] {processor.py:161} INFO - Started process (PID=4623) to work on /opt/airflow/dags/meteorisk_dag.py
[2026-09-18T16:01:56.846+0000] {processor.py:830} INFO - Processing file /opt/airflow/dags/meteorisk_dag.py for tasks to queue
[2026-09-18T16:01:56.849+0000] {logging_mixin.py:188} INFO - [2026-09-18T16:01:56.848+0000] {dagbag.py:545} INFO - Filling up the DagBag from /opt/airflow/dags/meteorisk_dag.py
[2026-09-18T16:01:56.893+0000] {processor.py:840} INFO - DAG(s) 'meteorisk_pipeline' retrieved from /opt/airflow/dags/meteorisk_dag.py
[2026-09-18T16:01:56.937+0000] {logging_mixin.py:188} INFO - [2026-09-18T16:01:56.937+0000] {dag.py:3089} INFO - Sync 1 DAGs
[2026-09-18T16:01:56.970+0000] {logging_mixin.py:188} INFO - [2026-09-18T16:01:56.970+0000] {dag.py:3947} INFO - Setting next_dagrun for meteorisk_pipeline to 2026-09-18 00:00:00+00:00, run_after=2026-09-19 00:00:00+00:00
[2026-09-18T16:01:56.999+0000] {processor.py:183} INFO - Processing /opt/airflow/dags/meteorisk_dag.py took 0.163 seconds
[2026-09-18T16:02:27.263+0000] {processor.py:161} INFO - Started process (PID=4628) to work on /opt/airflow/dags/meteorisk_dag.py
[2026-09-18T16:02:27.265+0000] {processor.py:830} INFO - Processing file /opt/airflow/dags/meteorisk_dag.py for tasks to queue
[2026-09-18T16:02:27.268+0000] {logging_mixin.py:188} INFO - [2026-09-18T16:02:27.267+0000] {dagbag.py:545} INFO - Filling up the DagBag from /opt/airflow/dags/meteorisk_dag.py
[2026-09-18T16:02:27.303+0000] {processor.py:840} INFO - DAG(s) 'meteorisk_pipeline' retrieved from /opt/airflow/dags/meteorisk_dag.py
[2026-09-18T16:02:27.349+0000] {logging_mixin.py:188} INFO - [2026-09-18T16:02:27.349+0000] {dag.py:3089} INFO - Sync 1 DAGs
[2026-09-18T16:02:27.381+0000] {logging_mixin.py:188} INFO - [2026-09-18T16:02:27.381+0000] {dag.py:3947} INFO - Setting next_dagrun for meteorisk_pipeline to 2026-09-18 00:00:00+00:00, run_after=2026-09-19 00:00:00+00:00
[2026-09-18T16:02:27.415+0000] {processor.py:183} INFO - Processing /opt/airflow/dags/meteorisk_dag.py took 0.159 seconds
[2026-09-18T16:02:57.575+0000] {processor.py:161} INFO - Started process (PID=4633) to work on /opt/airflow/dags/meteorisk_dag.py
[2026-09-18T16:02:57.576+0000] {processor.py:830} INFO - Processing file /opt/airflow/dags/meteorisk_dag.py for tasks to queue
[2026-09-18T16:02:57.579+0000] {logging_mixin.py:188} INFO - [2026-09-18T16:02:57.578+0000] {dagbag.py:545} INFO - Filling up the DagBag from /opt/airflow/dags/meteorisk_dag.py
[2026-09-18T16:02:57.613+0000] {processor.py:840} INFO - DAG(s) 'meteorisk_pipeline' retrieved from /opt/airflow/dags/meteorisk_dag.py
[2026-09-18T16:02:57.658+0000] {logging_mixin.py:188} INFO - [2026-09-18T16:02:57.658+0000] {dag.py:3089} INFO - Sync 1 DAGs
[2026-09-18T16:02:57.689+0000] {logging_mixin.py:188} INFO - [2026-09-18T16:02:57.689+0000] {dag.py:3947} INFO - Setting next_dagrun for meteorisk_pipeline to 2026-09-18 00:00:00+00:00, run_after=2026-09-19 00:00:00+00:00
[2026-09-18T16:02:57.722+0000] {processor.py:183} INFO - Processing /opt/airflow/dags/meteorisk_dag.py took 0.155 seconds
[2026-09-18T16:03:28.094+0000] {processor.py:161} INFO - Started process (PID=4638) to work on /opt/airflow/dags/meteorisk_dag.py
[2026-09-18T16:03:28.097+0000] {processor.py:830} INFO - Processing file /opt/airflow/dags/meteorisk_dag.py for tasks to queue
[2026-09-18T16:03:28.101+0000] {logging_mixin.py:188} INFO - [2026-09-18T16:03:28.101+0000] {dagbag.py:545} INFO - Filling up the DagBag from /opt/airflow/dags/meteorisk_dag.py
[2026-09-18T16:03:28.188+0000] {processor.py:840} INFO - DAG(s) 'meteorisk_pipeline' retrieved from /opt/airflow/dags/meteorisk_dag.py
[2026-09-18T16:03:28.269+0000] {logging_mixin.py:188} INFO - [2026-09-18T16:03:28.268+0000] {dag.py:3089} INFO - Sync 1 DAGs
[2026-09-18T16:03:28.328+0000] {logging_mixin.py:188} INFO - [2026-09-18T16:03:28.327+0000] {dag.py:3947} INFO - Setting next_dagrun for meteorisk_pipeline to 2026-09-18 00:00:00+00:00, run_after=2026-09-19 00:00:00+00:00
[2026-09-18T16:03:28.371+0000] {processor.py:183} INFO - Processing /opt/airflow/dags/meteorisk_dag.py took 0.293 seconds
[2026-09-18T16:03:58.854+0000] {processor.py:161} INFO - Started process (PID=4643) to work on /opt/airflow/dags/meteorisk_dag.py
[2026-09-18T16:03:58.856+0000] {processor.py:830} INFO - Processing file /opt/airflow/dags/meteorisk_dag.py for tasks to queue
[2026-09-18T16:03:58.863+0000] {logging_mixin.py:188} INFO - [2026-09-18T16:03:58.862+0000] {dagbag.py:545} INFO - Filling up the DagBag from /opt/airflow/dags/meteorisk_dag.py
[2026-09-18T16:03:58.938+0000] {processor.py:840} INFO - DAG(s) 'meteorisk_pipeline' retrieved from /opt/airflow/dags/meteorisk_dag.py
[2026-09-18T16:03:59.015+0000] {logging_mixin.py:188} INFO - [2026-09-18T16:03:59.015+0000] {dag.py:3089} INFO - Sync 1 DAGs
[2026-09-18T16:03:59.062+0000] {logging_mixin.py:188} INFO - [2026-09-18T16:03:59.061+0000] {dag.py:3947} INFO - Setting next_dagrun for meteorisk_pipeline to 2026-09-18 00:00:00+00:00, run_after=2026-09-19 00:00:00+00:00
[2026-09-18T16:03:59.105+0000] {processor.py:183} INFO - Processing /opt/airflow/dags/meteorisk_dag.py took 0.262 seconds
[2026-09-18T16:04:29.534+0000] {processor.py:161} INFO - Started process (PID=4648) to work on /opt/airflow/dags/meteorisk_dag.py
[2026-09-18T16:04:29.537+0000] {processor.py:830} INFO - Processing file /opt/airflow/dags/meteorisk_dag.py for tasks to queue
[2026-09-18T16:04:29.543+0000] {logging_mixin.py:188} INFO - [2026-09-18T16:04:29.542+0000] {dagbag.py:545} INFO - Filling up the DagBag from /opt/airflow/dags/meteorisk_dag.py
[2026-09-18T16:04:29.586+0000] {processor.py:840} INFO - DAG(s) 'meteorisk_pipeline' retrieved from /opt/airflow/dags/meteorisk_dag.py
[2026-09-18T16:04:29.631+0000] {logging_mixin.py:188} INFO - [2026-09-18T16:04:29.631+0000] {dag.py:3089} INFO - Sync 1 DAGs
[2026-09-18T16:04:29.664+0000] {logging_mixin.py:188} INFO - [2026-09-18T16:04:29.664+0000] {dag.py:3947} INFO - Setting next_dagrun for meteorisk_pipeline to 2026-09-18 00:00:00+00:00, run_after=2026-09-19 00:00:00+00:00
[2026-09-18T16:04:29.704+0000] {processor.py:183} INFO - Processing /opt/airflow/dags/meteorisk_dag.py took 0.180 seconds
[2026-09-18T16:04:59.804+0000] {processor.py:161} INFO - Started process (PID=4653) to work on /opt/airflow/dags/meteorisk_dag.py
[2026-09-18T16:04:59.806+0000] {processor.py:830} INFO - Processing file /opt/airflow/dags/meteorisk_dag.py for tasks to queue
[2026-09-18T16:04:59.810+0000] {logging_mixin.py:188} INFO - [2026-09-18T16:04:59.809+0000] {dagbag.py:545} INFO - Filling up the DagBag from /opt/airflow/dags/meteorisk_dag.py
[2026-09-18T16:04:59.857+0000] {processor.py:840} INFO - DAG(s) 'meteorisk_pipeline' retrieved from /opt/airflow/dags/meteorisk_dag.py
[2026-09-18T16:04:59.920+0000] {logging_mixin.py:188} INFO - [2026-09-18T16:04:59.919+0000] {dag.py:3089} INFO - Sync 1 DAGs
[2026-09-18T16:04:59.963+0000] {logging_mixin.py:188} INFO - [2026-09-18T16:04:59.963+0000] {dag.py:3947} INFO - Setting next_dagrun for meteorisk_pipeline to 2026-09-18 00:00:00+00:00, run_after=2026-09-19 00:00:00+00:00
[2026-09-18T16:04:59.995+0000] {processor.py:183} INFO - Processing /opt/airflow/dags/meteorisk_dag.py took 0.199 seconds
[2026-09-18T16:05:30.270+0000] {processor.py:161} INFO - Started process (PID=4658) to work on /opt/airflow/dags/meteorisk_dag.py
[2026-09-18T16:05:30.272+0000] {processor.py:830} INFO - Processing file /opt/airflow/dags/meteorisk_dag.py for tasks to queue
[2026-09-18T16:05:30.275+0000] {logging_mixin.py:188} INFO - [2026-09-18T16:05:30.275+0000] {dagbag.py:545} INFO - Filling up the DagBag from /opt/airflow/dags/meteorisk_dag.py
[2026-09-18T16:05:30.317+0000] {processor.py:840} INFO - DAG(s) 'meteorisk_pipeline' retrieved from /opt/airflow/dags/meteorisk_dag.py
[2026-09-18T16:05:30.364+0000] {logging_mixin.py:188} INFO - [2026-09-18T16:05:30.364+0000] {dag.py:3089} INFO - Sync 1 DAGs
[2026-09-18T16:05:30.397+0000] {logging_mixin.py:188} INFO - [2026-09-18T16:05:30.397+0000] {dag.py:3947} INFO - Setting next_dagrun for meteorisk_pipeline to 2026-09-18 00:00:00+00:00, run_after=2026-09-19 00:00:00+00:00
[2026-09-18T16:05:30.430+0000] {processor.py:183} INFO - Processing /opt/airflow/dags/meteorisk_dag.py took 0.167 seconds
[2026-09-18T16:06:00.609+0000] {processor.py:161} INFO - Started process (PID=4663) to work on /opt/airflow/dags/meteorisk_dag.py
[2026-09-18T16:06:00.612+0000] {processor.py:830} INFO - Processing file /opt/airflow/dags/meteorisk_dag.py for tasks to queue
[2026-09-18T16:06:00.617+0000] {logging_mixin.py:188} INFO - [2026-09-18T16:06:00.616+0000] {dagbag.py:545} INFO - Filling up the DagBag from /opt/airflow/dags/meteorisk_dag.py
[2026-09-18T16:06:00.674+0000] {processor.py:840} INFO - DAG(s) 'meteorisk_pipeline' retrieved from /opt/airflow/dags/meteorisk_dag.py
[2026-09-18T16:06:00.725+0000] {logging_mixin.py:188} INFO - [2026-09-18T16:06:00.725+0000] {dag.py:3089} INFO - Sync 1 DAGs
[2026-09-18T16:06:00.760+0000] {logging_mixin.py:188} INFO - [2026-09-18T16:06:00.759+0000] {dag.py:3947} INFO - Setting next_dagrun for meteorisk_pipeline to 2026-09-18 00:00:00+00:00, run_after=2026-09-19 00:00:00+00:00
[2026-09-18T16:06:00.792+0000] {processor.py:183} INFO - Processing /opt/airflow/dags/meteorisk_dag.py took 0.198 seconds
[2026-09-18T16:06:31.037+0000] {processor.py:161} INFO - Started process (PID=4668) to work on /opt/airflow/dags/meteorisk_dag.py
[2026-09-18T16:06:31.039+0000] {processor.py:830} INFO - Processing file /opt/airflow/dags/meteorisk_dag.py for tasks to queue
[2026-09-18T16:06:31.043+0000] {logging_mixin.py:188} INFO - [2026-09-18T16:06:31.043+0000] {dagbag.py:545} INFO - Filling up the DagBag from /opt/airflow/dags/meteorisk_dag.py
[2026-09-18T16:06:31.079+0000] {processor.py:840} INFO - DAG(s) 'meteorisk_pipeline' retrieved from /opt/airflow/dags/meteorisk_dag.py
[2026-09-18T16:06:31.124+0000] {logging_mixin.py:188} INFO - [2026-09-18T16:06:31.124+0000] {dag.py:3089} INFO - Sync 1 DAGs
[2026-09-18T16:06:31.157+0000] {logging_mixin.py:188} INFO - [2026-09-18T16:06:31.157+0000] {dag.py:3947} INFO - Setting next_dagrun for meteorisk_pipeline to 2026-09-18 00:00:00+00:00, run_after=2026-09-19 00:00:00+00:00
[2026-09-18T16:06:31.191+0000] {processor.py:183} INFO - Processing /opt/airflow/dags/meteorisk_dag.py took 0.164 seconds
[2026-09-18T16:07:01.357+0000] {processor.py:161} INFO - Started process (PID=4673) to work on /opt/airflow/dags/meteorisk_dag.py
[2026-09-18T16:07:01.359+0000] {processor.py:830} INFO - Processing file /opt/airflow/dags/meteorisk_dag.py for tasks to queue
[2026-09-18T16:07:01.364+0000] {logging_mixin.py:188} INFO - [2026-09-18T16:07:01.363+0000] {dagbag.py:545} INFO - Filling up the DagBag from /opt/airflow/dags/meteorisk_dag.py
[2026-09-18T16:07:01.401+0000] {processor.py:840} INFO - DAG(s) 'meteorisk_pipeline' retrieved from /opt/airflow/dags/meteorisk_dag.py
[2026-09-18T16:07:01.448+0000] {logging_mixin.py:188} INFO - [2026-09-18T16:07:01.448+0000] {dag.py:3089} INFO - Sync 1 DAGs
[2026-09-18T16:07:01.478+0000] {logging_mixin.py:188} INFO - [2026-09-18T16:07:01.478+0000] {dag.py:3947} INFO - Setting next_dagrun for meteorisk_pipeline to 2026-09-18 00:00:00+00:00, run_after=2026-09-19 00:00:00+00:00
[2026-09-18T16:07:01.513+0000] {processor.py:183} INFO - Processing /opt/airflow/dags/meteorisk_dag.py took 0.163 seconds
[2026-09-18T16:07:31.758+0000] {processor.py:161} INFO - Started process (PID=4678) to work on /opt/airflow/dags/meteorisk_dag.py
[2026-09-18T16:07:31.760+0000] {processor.py:830} INFO - Processing file /opt/airflow/dags/meteorisk_dag.py for tasks to queue
[2026-09-18T16:07:31.763+0000] {logging_mixin.py:188} INFO - [2026-09-18T16:07:31.763+0000] {dagbag.py:545} INFO - Filling up the DagBag from /opt/airflow/dags/meteorisk_dag.py
[2026-09-18T16:07:31.797+0000] {processor.py:840} INFO - DAG(s) 'meteorisk_pipeline' retrieved from /opt/airflow/dags/meteorisk_dag.py
[2026-09-18T16:07:31.844+0000] {logging_mixin.py:188} INFO - [2026-09-18T16:07:31.843+0000] {dag.py:3089} INFO - Sync 1 DAGs
[2026-09-18T16:07:31.876+0000] {logging_mixin.py:188} INFO - [2026-09-18T16:07:31.876+0000] {dag.py:3947} INFO - Setting next_dagrun for meteorisk_pipeline to 2026-09-18 00:00:00+00:00, run_after=2026-09-19 00:00:00+00:00
[2026-09-18T16:07:31.904+0000] {processor.py:183} INFO - Processing /opt/airflow/dags/meteorisk_dag.py took 0.156 seconds
[2026-09-18T16:08:02.086+0000] {processor.py:161} INFO - Started process (PID=4683) to work on /opt/airflow/dags/meteorisk_dag.py
[2026-09-18T16:08:02.088+0000] {processor.py:830} INFO - Processing file /opt/airflow/dags/meteorisk_dag.py for tasks to queue
[2026-09-18T16:08:02.091+0000] {logging_mixin.py:188} INFO - [2026-09-18T16:08:02.091+0000] {dagbag.py:545} INFO - Filling up the DagBag from /opt/airflow/dags/meteorisk_dag.py
[2026-09-18T16:08:02.123+0000] {processor.py:840} INFO - DAG(s) 'meteorisk_pipeline' retrieved from /opt/airflow/dags/meteorisk_dag.py
[2026-09-18T16:08:02.169+0000] {logging_mixin.py:188} INFO - [2026-09-18T16:08:02.169+0000] {dag.py:3089} INFO - Sync 1 DAGs
[2026-09-18T16:08:02.200+0000] {logging_mixin.py:188} INFO - [2026-09-18T16:08:02.200+0000] {dag.py:3947} INFO - Setting next_dagrun for meteorisk_pipeline to 2026-09-18 00:00:00+00:00, run_after=2026-09-19 00:00:00+00:00
[2026-09-18T16:08:02.230+0000] {processor.py:183} INFO - Processing /opt/airflow/dags/meteorisk_dag.py took 0.151 seconds
[2026-09-18T16:08:32.488+0000] {processor.py:161} INFO - Started process (PID=4688) to work on /opt/airflow/dags/meteorisk_dag.py
[2026-09-18T16:08:32.490+0000] {processor.py:830} INFO - Processing file /opt/airflow/dags/meteorisk_dag.py for tasks to queue
[2026-09-18T16:08:32.500+0000] {logging_mixin.py:188} INFO - [2026-09-18T16:08:32.499+0000] {dagbag.py:545} INFO - Filling up the DagBag from /opt/airflow/dags/meteorisk_dag.py
[2026-09-18T16:08:32.556+0000] {processor.py:840} INFO - DAG(s) 'meteorisk_pipeline' retrieved from /opt/airflow/dags/meteorisk_dag.py
[2026-09-18T16:08:32.613+0000] {logging_mixin.py:188} INFO - [2026-09-18T16:08:32.612+0000] {dag.py:3089} INFO - Sync 1 DAGs
[2026-09-18T16:08:32.654+0000] {logging_mixin.py:188} INFO - [2026-09-18T16:08:32.654+0000] {dag.py:3947} INFO - Setting next_dagrun for meteorisk_pipeline to 2026-09-18 00:00:00+00:00, run_after=2026-09-19 00:00:00+00:00
[2026-09-18T16:08:32.684+0000] {processor.py:183} INFO - Processing /opt/airflow/dags/meteorisk_dag.py took 0.210 seconds
[2026-09-18T16:09:02.820+0000] {processor.py:161} INFO - Started process (PID=4693) to work on /opt/airflow/dags/meteorisk_dag.py
[2026-09-18T16:09:02.821+0000] {processor.py:830} INFO - Processing file /opt/airflow/dags/meteorisk_dag.py for tasks to queue
[2026-09-18T16:09:02.824+0000] {logging_mixin.py:188} INFO - [2026-09-18T16:09:02.823+0000] {dagbag.py:545} INFO - Filling up the DagBag from /opt/airflow/dags/meteorisk_dag.py
[2026-09-18T16:09:02.855+0000] {processor.py:840} INFO - DAG(s) 'meteorisk_pipeline' retrieved from /opt/airflow/dags/meteorisk_dag.py
[2026-09-18T16:09:02.898+0000] {logging_mixin.py:188} INFO - [2026-09-18T16:09:02.897+0000] {dag.py:3089} INFO - Sync 1 DAGs
[2026-09-18T16:09:02.929+0000] {logging_mixin.py:188} INFO - [2026-09-18T16:09:02.929+0000] {dag.py:3947} INFO - Setting next_dagrun for meteorisk_pipeline to 2026-09-18 00:00:00+00:00, run_after=2026-09-19 00:00:00+00:00
[2026-09-18T16:09:02.962+0000] {processor.py:183} INFO - Processing /opt/airflow/dags/meteorisk_dag.py took 0.152 seconds
[2026-09-18T16:09:33.225+0000] {processor.py:161} INFO - Started process (PID=4698) to work on /opt/airflow/dags/meteorisk_dag.py
[2026-09-18T16:09:33.228+0000] {processor.py:830} INFO - Processing file /opt/airflow/dags/meteorisk_dag.py for tasks to queue
[2026-09-18T16:09:33.231+0000] {logging_mixin.py:188} INFO - [2026-09-18T16:09:33.231+0000] {dagbag.py:545} INFO - Filling up the DagBag from /opt/airflow/dags/meteorisk_dag.py
[2026-09-18T16:09:33.268+0000] {processor.py:840} INFO - DAG(s) 'meteorisk_pipeline' retrieved from /opt/airflow/dags/meteorisk_dag.py
[2026-09-18T16:09:33.310+0000] {logging_mixin.py:188} INFO - [2026-09-18T16:09:33.310+0000] {dag.py:3089} INFO - Sync 1 DAGs
[2026-09-18T16:09:33.339+0000] {logging_mixin.py:188} INFO - [2026-09-18T16:09:33.339+0000] {dag.py:3947} INFO - Setting next_dagrun for meteorisk_pipeline to 2026-09-18 00:00:00+00:00, run_after=2026-09-19 00:00:00+00:00
[2026-09-18T16:09:33.369+0000] {processor.py:183} INFO - Processing /opt/airflow/dags/meteorisk_dag.py took 0.153 seconds
[2026-09-18T16:10:03.492+0000] {processor.py:161} INFO - Started process (PID=4703) to work on /opt/airflow/dags/meteorisk_dag.py
[2026-09-18T16:10:03.493+0000] {processor.py:830} INFO - Processing file /opt/airflow/dags/meteorisk_dag.py for tasks to queue
[2026-09-18T16:10:03.498+0000] {logging_mixin.py:188} INFO - [2026-09-18T16:10:03.497+0000] {dagbag.py:545} INFO - Filling up the DagBag from /opt/airflow/dags/meteorisk_dag.py
[2026-09-18T16:10:03.530+0000] {processor.py:840} INFO - DAG(s) 'meteorisk_pipeline' retrieved from /opt/airflow/dags/meteorisk_dag.py
[2026-09-18T16:10:03.623+0000] {logging_mixin.py:188} INFO - [2026-09-18T16:10:03.622+0000] {dag.py:3089} INFO - Sync 1 DAGs
[2026-09-18T16:10:03.666+0000] {logging_mixin.py:188} INFO - [2026-09-18T16:10:03.666+0000] {dag.py:3947} INFO - Setting next_dagrun for meteorisk_pipeline to 2026-09-18 00:00:00+00:00, run_after=2026-09-19 00:00:00+00:00
[2026-09-18T16:10:03.711+0000] {processor.py:183} INFO - Processing /opt/airflow/dags/meteorisk_dag.py took 0.228 seconds
[2026-09-18T16:10:33.919+0000] {processor.py:161} INFO - Started process (PID=4708) to work on /opt/airflow/dags/meteorisk_dag.py
[2026-09-18T16:10:33.921+0000] {processor.py:830} INFO - Processing file /opt/airflow/dags/meteorisk_dag.py for tasks to queue
[2026-09-18T16:10:33.924+0000] {logging_mixin.py:188} INFO - [2026-09-18T16:10:33.923+0000] {dagbag.py:545} INFO - Filling up the DagBag from /opt/airflow/dags/meteorisk_dag.py
[2026-09-18T16:10:33.960+0000] {processor.py:840} INFO - DAG(s) 'meteorisk_pipeline' retrieved from /opt/airflow/dags/meteorisk_dag.py
[2026-09-18T16:10:34.006+0000] {logging_mixin.py:188} INFO - [2026-09-18T16:10:34.006+0000] {dag.py:3089} INFO - Sync 1 DAGs
[2026-09-18T16:10:34.040+0000] {logging_mixin.py:188} INFO - [2026-09-18T16:10:34.040+0000] {dag.py:3947} INFO - Setting next_dagrun for meteorisk_pipeline to 2026-09-18 00:00:00+00:00, run_after=2026-09-19 00:00:00+00:00
[2026-09-18T16:10:34.083+0000] {processor.py:183} INFO - Processing /opt/airflow/dags/meteorisk_dag.py took 0.173 seconds
[2026-09-18T16:11:04.287+0000] {processor.py:161} INFO - Started process (PID=4713) to work on /opt/airflow/dags/meteorisk_dag.py
[2026-09-18T16:11:04.289+0000] {processor.py:830} INFO - Processing file /opt/airflow/dags/meteorisk_dag.py for tasks to queue
[2026-09-18T16:11:04.291+0000] {logging_mixin.py:188} INFO - [2026-09-18T16:11:04.291+0000] {dagbag.py:545} INFO - Filling up the DagBag from /opt/airflow/dags/meteorisk_dag.py
[2026-09-18T16:11:04.331+0000] {processor.py:840} INFO - DAG(s) 'meteorisk_pipeline' retrieved from /opt/airflow/dags/meteorisk_dag.py
[2026-09-18T16:11:04.376+0000] {logging_mixin.py:188} INFO - [2026-09-18T16:11:04.376+0000] {dag.py:3089} INFO - Sync 1 DAGs
[2026-09-18T16:11:04.408+0000] {logging_mixin.py:188} INFO - [2026-09-18T16:11:04.408+0000] {dag.py:3947} INFO - Setting next_dagrun for meteorisk_pipeline to 2026-09-18 00:00:00+00:00, run_after=2026-09-19 00:00:00+00:00
[2026-09-18T16:11:04.442+0000] {processor.py:183} INFO - Processing /opt/airflow/dags/meteorisk_dag.py took 0.164 seconds
[2026-09-18T16:11:34.765+0000] {processor.py:161} INFO - Started process (PID=4718) to work on /opt/airflow/dags/meteorisk_dag.py
[2026-09-18T16:11:34.768+0000] {processor.py:830} INFO - Processing file /opt/airflow/dags/meteorisk_dag.py for tasks to queue
[2026-09-18T16:11:34.774+0000] {logging_mixin.py:188} INFO - [2026-09-18T16:11:34.774+0000] {dagbag.py:545} INFO - Filling up the DagBag from /opt/airflow/dags/meteorisk_dag.py
[2026-09-18T16:11:34.815+0000] {processor.py:840} INFO - DAG(s) 'meteorisk_pipeline' retrieved from /opt/airflow/dags/meteorisk_dag.py
[2026-09-18T16:11:34.867+0000] {logging_mixin.py:188} INFO - [2026-09-18T16:11:34.867+0000] {dag.py:3089} INFO - Sync 1 DAGs
[2026-09-18T16:11:34.900+0000] {logging_mixin.py:188} INFO - [2026-09-18T16:11:34.900+0000] {dag.py:3947} INFO - Setting next_dagrun for meteorisk_pipeline to 2026-09-18 00:00:00+00:00, run_after=2026-09-19 00:00:00+00:00
[2026-09-18T16:11:34.933+0000] {processor.py:183} INFO - Processing /opt/airflow/dags/meteorisk_dag.py took 0.181 seconds
[2026-09-18T16:12:05.090+0000] {processor.py:161} INFO - Started process (PID=4723) to work on /opt/airflow/dags/meteorisk_dag.py
[2026-09-18T16:12:05.092+0000] {processor.py:830} INFO - Processing file /opt/airflow/dags/meteorisk_dag.py for tasks to queue
[2026-09-18T16:12:05.094+0000] {logging_mixin.py:188} INFO - [2026-09-18T16:12:05.094+0000] {dagbag.py:545} INFO - Filling up the DagBag from /opt/airflow/dags/meteorisk_dag.py
[2026-09-18T16:12:05.136+0000] {processor.py:840} INFO - DAG(s) 'meteorisk_pipeline' retrieved from /opt/airflow/dags/meteorisk_dag.py
[2026-09-18T16:12:05.185+0000] {logging_mixin.py:188} INFO - [2026-09-18T16:12:05.185+0000] {dag.py:3089} INFO - Sync 1 DAGs
[2026-09-18T16:12:05.216+0000] {logging_mixin.py:188} INFO - [2026-09-18T16:12:05.216+0000] {dag.py:3947} INFO - Setting next_dagrun for meteorisk_pipeline to 2026-09-18 00:00:00+00:00, run_after=2026-09-19 00:00:00+00:00
[2026-09-18T16:12:05.246+0000] {processor.py:183} INFO - Processing /opt/airflow/dags/meteorisk_dag.py took 0.164 seconds
[2026-09-18T16:12:35.533+0000] {processor.py:161} INFO - Started process (PID=4728) to work on /opt/airflow/dags/meteorisk_dag.py
[2026-09-18T16:12:35.536+0000] {processor.py:830} INFO - Processing file /opt/airflow/dags/meteorisk_dag.py for tasks to queue
[2026-09-18T16:12:35.539+0000] {logging_mixin.py:188} INFO - [2026-09-18T16:12:35.539+0000] {dagbag.py:545} INFO - Filling up the DagBag from /opt/airflow/dags/meteorisk_dag.py
[2026-09-18T16:12:35.578+0000] {processor.py:840} INFO - DAG(s) 'meteorisk_pipeline' retrieved from /opt/airflow/dags/meteorisk_dag.py
[2026-09-18T16:12:35.625+0000] {logging_mixin.py:188} INFO - [2026-09-18T16:12:35.624+0000] {dag.py:3089} INFO - Sync 1 DAGs
[2026-09-18T16:12:35.657+0000] {logging_mixin.py:188} INFO - [2026-09-18T16:12:35.657+0000] {dag.py:3947} INFO - Setting next_dagrun for meteorisk_pipeline to 2026-09-18 00:00:00+00:00, run_after=2026-09-19 00:00:00+00:00
[2026-09-18T16:12:35.693+0000] {processor.py:183} INFO - Processing /opt/airflow/dags/meteorisk_dag.py took 0.168 seconds
[2026-09-18T16:13:05.807+0000] {processor.py:161} INFO - Started process (PID=4733) to work on /opt/airflow/dags/meteorisk_dag.py
[2026-09-18T16:13:05.809+0000] {processor.py:830} INFO - Processing file /opt/airflow/dags/meteorisk_dag.py for tasks to queue
[2026-09-18T16:13:05.812+0000] {logging_mixin.py:188} INFO - [2026-09-18T16:13:05.811+0000] {dagbag.py:545} INFO - Filling up the DagBag from /opt/airflow/dags/meteorisk_dag.py
[2026-09-18T16:13:05.852+0000] {processor.py:840} INFO - DAG(s) 'meteorisk_pipeline' retrieved from /opt/airflow/dags/meteorisk_dag.py
[2026-09-18T16:13:05.907+0000] {logging_mixin.py:188} INFO - [2026-09-18T16:13:05.906+0000] {dag.py:3089} INFO - Sync 1 DAGs
[2026-09-18T16:13:05.946+0000] {logging_mixin.py:188} INFO - [2026-09-18T16:13:05.945+0000] {dag.py:3947} INFO - Setting next_dagrun for meteorisk_pipeline to 2026-09-18 00:00:00+00:00, run_after=2026-09-19 00:00:00+00:00
[2026-09-18T16:13:05.981+0000] {processor.py:183} INFO - Processing /opt/airflow/dags/meteorisk_dag.py took 0.181 seconds
[2026-09-18T16:13:36.255+0000] {processor.py:161} INFO - Started process (PID=4738) to work on /opt/airflow/dags/meteorisk_dag.py
[2026-09-18T16:13:36.258+0000] {processor.py:830} INFO - Processing file /opt/airflow/dags/meteorisk_dag.py for tasks to queue
[2026-09-18T16:13:36.262+0000] {logging_mixin.py:188} INFO - [2026-09-18T16:13:36.261+0000] {dagbag.py:545} INFO - Filling up the DagBag from /opt/airflow/dags/meteorisk_dag.py
[2026-09-18T16:13:36.310+0000] {processor.py:840} INFO - DAG(s) 'meteorisk_pipeline' retrieved from /opt/airflow/dags/meteorisk_dag.py
[2026-09-18T16:13:36.354+0000] {logging_mixin.py:188} INFO - [2026-09-18T16:13:36.353+0000] {dag.py:3089} INFO - Sync 1 DAGs
[2026-09-18T16:13:36.386+0000] {logging_mixin.py:188} INFO - [2026-09-18T16:13:36.386+0000] {dag.py:3947} INFO - Setting next_dagrun for meteorisk_pipeline to 2026-09-18 00:00:00+00:00, run_after=2026-09-19 00:00:00+00:00
[2026-09-18T16:13:36.417+0000] {processor.py:183} INFO - Processing /opt/airflow/dags/meteorisk_dag.py took 0.170 seconds
[2026-09-18T16:14:06.697+0000] {processor.py:161} INFO - Started process (PID=4743) to work on /opt/airflow/dags/meteorisk_dag.py
[2026-09-18T16:14:06.699+0000] {processor.py:830} INFO - Processing file /opt/airflow/dags/meteorisk_dag.py for tasks to queue
[2026-09-18T16:14:06.701+0000] {logging_mixin.py:188} INFO - [2026-09-18T16:14:06.701+0000] {dagbag.py:545} INFO - Filling up the DagBag from /opt/airflow/dags/meteorisk_dag.py
[2026-09-18T16:14:06.741+0000] {processor.py:840} INFO - DAG(s) 'meteorisk_pipeline' retrieved from /opt/airflow/dags/meteorisk_dag.py
[2026-09-18T16:14:06.805+0000] {logging_mixin.py:188} INFO - [2026-09-18T16:14:06.805+0000] {dag.py:3089} INFO - Sync 1 DAGs
[2026-09-18T16:14:06.837+0000] {logging_mixin.py:188} INFO - [2026-09-18T16:14:06.837+0000] {dag.py:3947} INFO - Setting next_dagrun for meteorisk_pipeline to 2026-09-18 00:00:00+00:00, run_after=2026-09-19 00:00:00+00:00
[2026-09-18T16:14:06.873+0000] {processor.py:183} INFO - Processing /opt/airflow/dags/meteorisk_dag.py took 0.186 seconds
[2026-09-18T16:14:36.997+0000] {processor.py:161} INFO - Started process (PID=4748) to work on /opt/airflow/dags/meteorisk_dag.py
[2026-09-18T16:14:36.999+0000] {processor.py:830} INFO - Processing file /opt/airflow/dags/meteorisk_dag.py for tasks to queue
[2026-09-18T16:14:37.002+0000] {logging_mixin.py:188} INFO - [2026-09-18T16:14:37.002+0000] {dagbag.py:545} INFO - Filling up the DagBag from /opt/airflow/dags/meteorisk_dag.py
[2026-09-18T16:14:37.039+0000] {processor.py:840} INFO - DAG(s) 'meteorisk_pipeline' retrieved from /opt/airflow/dags/meteorisk_dag.py
[2026-09-18T16:14:37.084+0000] {logging_mixin.py:188} INFO - [2026-09-18T16:14:37.084+0000] {dag.py:3089} INFO - Sync 1 DAGs
[2026-09-18T16:14:37.113+0000] {logging_mixin.py:188} INFO - [2026-09-18T16:14:37.113+0000] {dag.py:3947} INFO - Setting next_dagrun for meteorisk_pipeline to 2026-09-18 00:00:00+00:00, run_after=2026-09-19 00:00:00+00:00
[2026-09-18T16:14:37.144+0000] {processor.py:183} INFO - Processing /opt/airflow/dags/meteorisk_dag.py took 0.156 seconds
[2026-09-18T16:15:07.340+0000] {processor.py:161} INFO - Started process (PID=4753) to work on /opt/airflow/dags/meteorisk_dag.py
[2026-09-18T16:15:07.345+0000] {processor.py:830} INFO - Processing file /opt/airflow/dags/meteorisk_dag.py for tasks to queue
[2026-09-18T16:15:07.351+0000] {logging_mixin.py:188} INFO - [2026-09-18T16:15:07.350+0000] {dagbag.py:545} INFO - Filling up the DagBag from /opt/airflow/dags/meteorisk_dag.py
[2026-09-18T16:15:07.405+0000] {processor.py:840} INFO - DAG(s) 'meteorisk_pipeline' retrieved from /opt/airflow/dags/meteorisk_dag.py
[2026-09-18T16:15:07.475+0000] {logging_mixin.py:188} INFO - [2026-09-18T16:15:07.475+0000] {dag.py:3089} INFO - Sync 1 DAGs
[2026-09-18T16:15:07.513+0000] {logging_mixin.py:188} INFO - [2026-09-18T16:15:07.512+0000] {dag.py:3947} INFO - Setting next_dagrun for meteorisk_pipeline to 2026-09-18 00:00:00+00:00, run_after=2026-09-19 00:00:00+00:00
[2026-09-18T16:15:07.590+0000] {processor.py:183} INFO - Processing /opt/airflow/dags/meteorisk_dag.py took 0.263 seconds
[2026-09-18T16:15:37.879+0000] {processor.py:161} INFO - Started process (PID=4758) to work on /opt/airflow/dags/meteorisk_dag.py
[2026-09-18T16:15:37.885+0000] {processor.py:830} INFO - Processing file /opt/airflow/dags/meteorisk_dag.py for tasks to queue
[2026-09-18T16:15:37.889+0000] {logging_mixin.py:188} INFO - [2026-09-18T16:15:37.889+0000] {dagbag.py:545} INFO - Filling up the DagBag from /opt/airflow/dags/meteorisk_dag.py
[2026-09-18T16:15:37.955+0000] {processor.py:840} INFO - DAG(s) 'meteorisk_pipeline' retrieved from /opt/airflow/dags/meteorisk_dag.py
[2026-09-18T16:15:38.018+0000] {logging_mixin.py:188} INFO - [2026-09-18T16:15:38.018+0000] {dag.py:3089} INFO - Sync 1 DAGs
[2026-09-18T16:15:38.063+0000] {logging_mixin.py:188} INFO - [2026-09-18T16:15:38.061+0000] {dag.py:3947} INFO - Setting next_dagrun for meteorisk_pipeline to 2026-09-18 00:00:00+00:00, run_after=2026-09-19 00:00:00+00:00
[2026-09-18T16:15:38.119+0000] {processor.py:183} INFO - Processing /opt/airflow/dags/meteorisk_dag.py took 0.254 seconds
[2026-09-18T16:16:08.299+0000] {processor.py:161} INFO - Started process (PID=4763) to work on /opt/airflow/dags/meteorisk_dag.py
[2026-09-18T16:16:08.301+0000] {processor.py:830} INFO - Processing file /opt/airflow/dags/meteorisk_dag.py for tasks to queue
[2026-09-18T16:16:08.305+0000] {logging_mixin.py:188} INFO - [2026-09-18T16:16:08.305+0000] {dagbag.py:545} INFO - Filling up the DagBag from /opt/airflow/dags/meteorisk_dag.py
[2026-09-18T16:16:08.357+0000] {processor.py:840} INFO - DAG(s) 'meteorisk_pipeline' retrieved from /opt/airflow/dags/meteorisk_dag.py
[2026-09-18T16:16:08.420+0000] {logging_mixin.py:188} INFO - [2026-09-18T16:16:08.419+0000] {dag.py:3089} INFO - Sync 1 DAGs
[2026-09-18T16:16:08.465+0000] {logging_mixin.py:188} INFO - [2026-09-18T16:16:08.465+0000] {dag.py:3947} INFO - Setting next_dagrun for meteorisk_pipeline to 2026-09-18 00:00:00+00:00, run_after=2026-09-19 00:00:00+00:00
[2026-09-18T16:16:08.508+0000] {processor.py:183} INFO - Processing /opt/airflow/dags/meteorisk_dag.py took 0.220 seconds
[2026-09-18T16:16:38.965+0000] {processor.py:161} INFO - Started process (PID=4768) to work on /opt/airflow/dags/meteorisk_dag.py
[2026-09-18T16:16:38.967+0000] {processor.py:830} INFO - Processing file /opt/airflow/dags/meteorisk_dag.py for tasks to queue
[2026-09-18T16:16:38.972+0000] {logging_mixin.py:188} INFO - [2026-09-18T16:16:38.971+0000] {dagbag.py:545} INFO - Filling up the DagBag from /opt/airflow/dags/meteorisk_dag.py
[2026-09-18T16:16:39.056+0000] {processor.py:840} INFO - DAG(s) 'meteorisk_pipeline' retrieved from /opt/airflow/dags/meteorisk_dag.py
[2026-09-18T16:16:39.132+0000] {logging_mixin.py:188} INFO - [2026-09-18T16:16:39.131+0000] {dag.py:3089} INFO - Sync 1 DAGs
[2026-09-18T16:16:39.174+0000] {logging_mixin.py:188} INFO - [2026-09-18T16:16:39.174+0000] {dag.py:3947} INFO - Setting next_dagrun for meteorisk_pipeline to 2026-09-18 00:00:00+00:00, run_after=2026-09-19 00:00:00+00:00
[2026-09-18T16:16:39.211+0000] {processor.py:183} INFO - Processing /opt/airflow/dags/meteorisk_dag.py took 0.255 seconds
[2026-09-18T16:17:09.345+0000] {processor.py:161} INFO - Started process (PID=4773) to work on /opt/airflow/dags/meteorisk_dag.py
[2026-09-18T16:17:09.346+0000] {processor.py:830} INFO - Processing file /opt/airflow/dags/meteorisk_dag.py for tasks to queue
[2026-09-18T16:17:09.353+0000] {logging_mixin.py:188} INFO - [2026-09-18T16:17:09.352+0000] {dagbag.py:545} INFO - Filling up the DagBag from /opt/airflow/dags/meteorisk_dag.py
[2026-09-18T16:17:09.404+0000] {processor.py:840} INFO - DAG(s) 'meteorisk_pipeline' retrieved from /opt/airflow/dags/meteorisk_dag.py
[2026-09-18T16:17:09.462+0000] {logging_mixin.py:188} INFO - [2026-09-18T16:17:09.462+0000] {dag.py:3089} INFO - Sync 1 DAGs
[2026-09-18T16:17:09.502+0000] {logging_mixin.py:188} INFO - [2026-09-18T16:17:09.501+0000] {dag.py:3947} INFO - Setting next_dagrun for meteorisk_pipeline to 2026-09-18 00:00:00+00:00, run_after=2026-09-19 00:00:00+00:00
[2026-09-18T16:17:09.539+0000] {processor.py:183} INFO - Processing /opt/airflow/dags/meteorisk_dag.py took 0.202 seconds
[2026-09-18T16:17:39.692+0000] {processor.py:161} INFO - Started process (PID=4778) to work on /opt/airflow/dags/meteorisk_dag.py
[2026-09-18T16:17:39.694+0000] {processor.py:830} INFO - Processing file /opt/airflow/dags/meteorisk_dag.py for tasks to queue
[2026-09-18T16:17:39.697+0000] {logging_mixin.py:188} INFO - [2026-09-18T16:17:39.697+0000] {dagbag.py:545} INFO - Filling up the DagBag from /opt/airflow/dags/meteorisk_dag.py
[2026-09-18T16:17:39.745+0000] {processor.py:840} INFO - DAG(s) 'meteorisk_pipeline' retrieved from /opt/airflow/dags/meteorisk_dag.py
[2026-09-18T16:17:39.800+0000] {logging_mixin.py:188} INFO - [2026-09-18T16:17:39.799+0000] {dag.py:3089} INFO - Sync 1 DAGs
[2026-09-18T16:17:39.842+0000] {logging_mixin.py:188} INFO - [2026-09-18T16:17:39.841+0000] {dag.py:3947} INFO - Setting next_dagrun for meteorisk_pipeline to 2026-09-18 00:00:00+00:00, run_after=2026-09-19 00:00:00+00:00
[2026-09-18T16:17:39.881+0000] {processor.py:183} INFO - Processing /opt/airflow/dags/meteorisk_dag.py took 0.197 seconds
[2026-09-18T16:18:10.341+0000] {processor.py:161} INFO - Started process (PID=4783) to work on /opt/airflow/dags/meteorisk_dag.py
[2026-09-18T16:18:10.347+0000] {processor.py:830} INFO - Processing file /opt/airflow/dags/meteorisk_dag.py for tasks to queue
[2026-09-18T16:18:10.353+0000] {logging_mixin.py:188} INFO - [2026-09-18T16:18:10.352+0000] {dagbag.py:545} INFO - Filling up the DagBag from /opt/airflow/dags/meteorisk_dag.py
[2026-09-18T16:18:10.404+0000] {processor.py:840} INFO - DAG(s) 'meteorisk_pipeline' retrieved from /opt/airflow/dags/meteorisk_dag.py
[2026-09-18T16:18:10.462+0000] {logging_mixin.py:188} INFO - [2026-09-18T16:18:10.461+0000] {dag.py:3089} INFO - Sync 1 DAGs
[2026-09-18T16:18:10.497+0000] {logging_mixin.py:188} INFO - [2026-09-18T16:18:10.497+0000] {dag.py:3947} INFO - Setting next_dagrun for meteorisk_pipeline to 2026-09-18 00:00:00+00:00, run_after=2026-09-19 00:00:00+00:00
[2026-09-18T16:18:10.535+0000] {processor.py:183} INFO - Processing /opt/airflow/dags/meteorisk_dag.py took 0.215 seconds
[2026-09-18T16:18:40.727+0000] {processor.py:161} INFO - Started process (PID=4788) to work on /opt/airflow/dags/meteorisk_dag.py
[2026-09-18T16:18:40.729+0000] {processor.py:830} INFO - Processing file /opt/airflow/dags/meteorisk_dag.py for tasks to queue
[2026-09-18T16:18:40.734+0000] {logging_mixin.py:188} INFO - [2026-09-18T16:18:40.733+0000] {dagbag.py:545} INFO - Filling up the DagBag from /opt/airflow/dags/meteorisk_dag.py
[2026-09-18T16:18:40.777+0000] {processor.py:840} INFO - DAG(s) 'meteorisk_pipeline' retrieved from /opt/airflow/dags/meteorisk_dag.py
[2026-09-18T16:18:40.832+0000] {logging_mixin.py:188} INFO - [2026-09-18T16:18:40.831+0000] {dag.py:3089} INFO - Sync 1 DAGs
[2026-09-18T16:18:40.870+0000] {logging_mixin.py:188} INFO - [2026-09-18T16:18:40.869+0000] {dag.py:3947} INFO - Setting next_dagrun for meteorisk_pipeline to 2026-09-18 00:00:00+00:00, run_after=2026-09-19 00:00:00+00:00
[2026-09-18T16:18:40.908+0000] {processor.py:183} INFO - Processing /opt/airflow/dags/meteorisk_dag.py took 0.189 seconds
[2026-09-18T16:19:11.186+0000] {processor.py:161} INFO - Started process (PID=4793) to work on /opt/airflow/dags/meteorisk_dag.py
[2026-09-18T16:19:11.188+0000] {processor.py:830} INFO - Processing file /opt/airflow/dags/meteorisk_dag.py for tasks to queue
[2026-09-18T16:19:11.191+0000] {logging_mixin.py:188} INFO - [2026-09-18T16:19:11.190+0000] {dagbag.py:545} INFO - Filling up the DagBag from /opt/airflow/dags/meteorisk_dag.py
[2026-09-18T16:19:11.229+0000] {processor.py:840} INFO - DAG(s) 'meteorisk_pipeline' retrieved from /opt/airflow/dags/meteorisk_dag.py
[2026-09-18T16:19:11.280+0000] {logging_mixin.py:188} INFO - [2026-09-18T16:19:11.280+0000] {dag.py:3089} INFO - Sync 1 DAGs
[2026-09-18T16:19:11.314+0000] {logging_mixin.py:188} INFO - [2026-09-18T16:19:11.314+0000] {dag.py:3947} INFO - Setting next_dagrun for meteorisk_pipeline to 2026-09-18 00:00:00+00:00, run_after=2026-09-19 00:00:00+00:00
[2026-09-18T16:19:11.350+0000] {processor.py:183} INFO - Processing /opt/airflow/dags/meteorisk_dag.py took 0.173 seconds
[2026-09-18T16:19:41.632+0000] {processor.py:161} INFO - Started process (PID=4798) to work on /opt/airflow/dags/meteorisk_dag.py
[2026-09-18T16:19:41.634+0000] {processor.py:830} INFO - Processing file /opt/airflow/dags/meteorisk_dag.py for tasks to queue
[2026-09-18T16:19:41.636+0000] {logging_mixin.py:188} INFO - [2026-09-18T16:19:41.636+0000] {dagbag.py:545} INFO - Filling up the DagBag from /opt/airflow/dags/meteorisk_dag.py
[2026-09-18T16:19:41.678+0000] {processor.py:840} INFO - DAG(s) 'meteorisk_pipeline' retrieved from /opt/airflow/dags/meteorisk_dag.py
[2026-09-18T16:19:41.732+0000] {logging_mixin.py:188} INFO - [2026-09-18T16:19:41.731+0000] {dag.py:3089} INFO - Sync 1 DAGs
[2026-09-18T16:19:41.770+0000] {logging_mixin.py:188} INFO - [2026-09-18T16:19:41.770+0000] {dag.py:3947} INFO - Setting next_dagrun for meteorisk_pipeline to 2026-09-18 00:00:00+00:00, run_after=2026-09-19 00:00:00+00:00
[2026-09-18T16:19:41.803+0000] {processor.py:183} INFO - Processing /opt/airflow/dags/meteorisk_dag.py took 0.179 seconds
[2026-09-18T16:20:12.103+0000] {processor.py:161} INFO - Started process (PID=4803) to work on /opt/airflow/dags/meteorisk_dag.py
[2026-09-18T16:20:12.106+0000] {processor.py:830} INFO - Processing file /opt/airflow/dags/meteorisk_dag.py for tasks to queue
[2026-09-18T16:20:12.109+0000] {logging_mixin.py:188} INFO - [2026-09-18T16:20:12.109+0000] {dagbag.py:545} INFO - Filling up the DagBag from /opt/airflow/dags/meteorisk_dag.py
[2026-09-18T16:20:12.155+0000] {processor.py:840} INFO - DAG(s) 'meteorisk_pipeline' retrieved from /opt/airflow/dags/meteorisk_dag.py
[2026-09-18T16:20:12.216+0000] {logging_mixin.py:188} INFO - [2026-09-18T16:20:12.215+0000] {dag.py:3089} INFO - Sync 1 DAGs
[2026-09-18T16:20:12.252+0000] {logging_mixin.py:188} INFO - [2026-09-18T16:20:12.252+0000] {dag.py:3947} INFO - Setting next_dagrun for meteorisk_pipeline to 2026-09-18 00:00:00+00:00, run_after=2026-09-19 00:00:00+00:00
[2026-09-18T16:20:12.284+0000] {processor.py:183} INFO - Processing /opt/airflow/dags/meteorisk_dag.py took 0.195 seconds
[2026-09-18T16:20:42.470+0000] {processor.py:161} INFO - Started process (PID=4808) to work on /opt/airflow/dags/meteorisk_dag.py
[2026-09-18T16:20:42.472+0000] {processor.py:830} INFO - Processing file /opt/airflow/dags/meteorisk_dag.py for tasks to queue
[2026-09-18T16:20:42.475+0000] {logging_mixin.py:188} INFO - [2026-09-18T16:20:42.474+0000] {dagbag.py:545} INFO - Filling up the DagBag from /opt/airflow/dags/meteorisk_dag.py
[2026-09-18T16:20:42.508+0000] {processor.py:840} INFO - DAG(s) 'meteorisk_pipeline' retrieved from /opt/airflow/dags/meteorisk_dag.py
[2026-09-18T16:20:42.558+0000] {logging_mixin.py:188} INFO - [2026-09-18T16:20:42.558+0000] {dag.py:3089} INFO - Sync 1 DAGs
[2026-09-18T16:20:42.596+0000] {logging_mixin.py:188} INFO - [2026-09-18T16:20:42.596+0000] {dag.py:3947} INFO - Setting next_dagrun for meteorisk_pipeline to 2026-09-18 00:00:00+00:00, run_after=2026-09-19 00:00:00+00:00
[2026-09-18T16:20:42.628+0000] {processor.py:183} INFO - Processing /opt/airflow/dags/meteorisk_dag.py took 0.166 seconds
[2026-09-18T16:21:12.989+0000] {processor.py:161} INFO - Started process (PID=4813) to work on /opt/airflow/dags/meteorisk_dag.py
[2026-09-18T16:21:12.991+0000] {processor.py:830} INFO - Processing file /opt/airflow/dags/meteorisk_dag.py for tasks to queue
[2026-09-18T16:21:12.995+0000] {logging_mixin.py:188} INFO - [2026-09-18T16:21:12.994+0000] {dagbag.py:545} INFO - Filling up the DagBag from /opt/airflow/dags/meteorisk_dag.py
[2026-09-18T16:21:13.041+0000] {processor.py:840} INFO - DAG(s) 'meteorisk_pipeline' retrieved from /opt/airflow/dags/meteorisk_dag.py
[2026-09-18T16:21:13.095+0000] {logging_mixin.py:188} INFO - [2026-09-18T16:21:13.094+0000] {dag.py:3089} INFO - Sync 1 DAGs
[2026-09-18T16:21:13.136+0000] {logging_mixin.py:188} INFO - [2026-09-18T16:21:13.135+0000] {dag.py:3947} INFO - Setting next_dagrun for meteorisk_pipeline to 2026-09-18 00:00:00+00:00, run_after=2026-09-19 00:00:00+00:00
[2026-09-18T16:21:13.178+0000] {processor.py:183} INFO - Processing /opt/airflow/dags/meteorisk_dag.py took 0.199 seconds
[2026-09-18T16:21:43.358+0000] {processor.py:161} INFO - Started process (PID=4818) to work on /opt/airflow/dags/meteorisk_dag.py
[2026-09-18T16:21:43.361+0000] {processor.py:830} INFO - Processing file /opt/airflow/dags/meteorisk_dag.py for tasks to queue
[2026-09-18T16:21:43.365+0000] {logging_mixin.py:188} INFO - [2026-09-18T16:21:43.364+0000] {dagbag.py:545} INFO - Filling up the DagBag from /opt/airflow/dags/meteorisk_dag.py
[2026-09-18T16:21:43.407+0000] {processor.py:840} INFO - DAG(s) 'meteorisk_pipeline' retrieved from /opt/airflow/dags/meteorisk_dag.py
[2026-09-18T16:21:43.459+0000] {logging_mixin.py:188} INFO - [2026-09-18T16:21:43.458+0000] {dag.py:3089} INFO - Sync 1 DAGs
[2026-09-18T16:21:43.490+0000] {logging_mixin.py:188} INFO - [2026-09-18T16:21:43.490+0000] {dag.py:3947} INFO - Setting next_dagrun for meteorisk_pipeline to 2026-09-18 00:00:00+00:00, run_after=2026-09-19 00:00:00+00:00
[2026-09-18T16:21:43.525+0000] {processor.py:183} INFO - Processing /opt/airflow/dags/meteorisk_dag.py took 0.175 seconds
[2026-09-18T16:22:13.890+0000] {processor.py:161} INFO - Started process (PID=4823) to work on /opt/airflow/dags/meteorisk_dag.py
[2026-09-18T16:22:13.892+0000] {processor.py:830} INFO - Processing file /opt/airflow/dags/meteorisk_dag.py for tasks to queue
[2026-09-18T16:22:13.898+0000] {logging_mixin.py:188} INFO - [2026-09-18T16:22:13.897+0000] {dagbag.py:545} INFO - Filling up the DagBag from /opt/airflow/dags/meteorisk_dag.py
[2026-09-18T16:22:13.952+0000] {processor.py:840} INFO - DAG(s) 'meteorisk_pipeline' retrieved from /opt/airflow/dags/meteorisk_dag.py
[2026-09-18T16:22:14.032+0000] {logging_mixin.py:188} INFO - [2026-09-18T16:22:14.032+0000] {dag.py:3089} INFO - Sync 1 DAGs
[2026-09-18T16:22:14.094+0000] {logging_mixin.py:188} INFO - [2026-09-18T16:22:14.093+0000] {dag.py:3947} INFO - Setting next_dagrun for meteorisk_pipeline to 2026-09-18 00:00:00+00:00, run_after=2026-09-19 00:00:00+00:00
[2026-09-18T16:22:14.146+0000] {processor.py:183} INFO - Processing /opt/airflow/dags/meteorisk_dag.py took 0.273 seconds
[2026-09-18T16:22:44.641+0000] {processor.py:161} INFO - Started process (PID=4828) to work on /opt/airflow/dags/meteorisk_dag.py
[2026-09-18T16:22:44.643+0000] {processor.py:830} INFO - Processing file /opt/airflow/dags/meteorisk_dag.py for tasks to queue
[2026-09-18T16:22:44.647+0000] {logging_mixin.py:188} INFO - [2026-09-18T16:22:44.646+0000] {dagbag.py:545} INFO - Filling up the DagBag from /opt/airflow/dags/meteorisk_dag.py
[2026-09-18T16:22:44.698+0000] {processor.py:840} INFO - DAG(s) 'meteorisk_pipeline' retrieved from /opt/airflow/dags/meteorisk_dag.py
[2026-09-18T16:22:44.757+0000] {logging_mixin.py:188} INFO - [2026-09-18T16:22:44.757+0000] {dag.py:3089} INFO - Sync 1 DAGs
[2026-09-18T16:22:44.792+0000] {logging_mixin.py:188} INFO - [2026-09-18T16:22:44.792+0000] {dag.py:3947} INFO - Setting next_dagrun for meteorisk_pipeline to 2026-09-18 00:00:00+00:00, run_after=2026-09-19 00:00:00+00:00
[2026-09-18T16:22:44.825+0000] {processor.py:183} INFO - Processing /opt/airflow/dags/meteorisk_dag.py took 0.193 seconds
[2026-09-18T16:23:14.950+0000] {processor.py:161} INFO - Started process (PID=4833) to work on /opt/airflow/dags/meteorisk_dag.py
[2026-09-18T16:23:14.953+0000] {processor.py:830} INFO - Processing file /opt/airflow/dags/meteorisk_dag.py for tasks to queue
[2026-09-18T16:23:14.957+0000] {logging_mixin.py:188} INFO - [2026-09-18T16:23:14.957+0000] {dagbag.py:545} INFO - Filling up the DagBag from /opt/airflow/dags/meteorisk_dag.py
[2026-09-18T16:23:15.003+0000] {processor.py:840} INFO - DAG(s) 'meteorisk_pipeline' retrieved from /opt/airflow/dags/meteorisk_dag.py
[2026-09-18T16:23:15.058+0000] {logging_mixin.py:188} INFO - [2026-09-18T16:23:15.058+0000] {dag.py:3089} INFO - Sync 1 DAGs
[2026-09-18T16:23:15.100+0000] {logging_mixin.py:188} INFO - [2026-09-18T16:23:15.099+0000] {dag.py:3947} INFO - Setting next_dagrun for meteorisk_pipeline to 2026-09-18 00:00:00+00:00, run_after=2026-09-19 00:00:00+00:00
[2026-09-18T16:23:15.136+0000] {processor.py:183} INFO - Processing /opt/airflow/dags/meteorisk_dag.py took 0.196 seconds
[2026-09-18T16:23:45.372+0000] {processor.py:161} INFO - Started process (PID=4838) to work on /opt/airflow/dags/meteorisk_dag.py
[2026-09-18T16:23:45.375+0000] {processor.py:830} INFO - Processing file /opt/airflow/dags/meteorisk_dag.py for tasks to queue
[2026-09-18T16:23:45.382+0000] {logging_mixin.py:188} INFO - [2026-09-18T16:23:45.381+0000] {dagbag.py:545} INFO - Filling up the DagBag from /opt/airflow/dags/meteorisk_dag.py
[2026-09-18T16:23:45.422+0000] {processor.py:840} INFO - DAG(s) 'meteorisk_pipeline' retrieved from /opt/airflow/dags/meteorisk_dag.py
[2026-09-18T16:23:45.478+0000] {logging_mixin.py:188} INFO - [2026-09-18T16:23:45.477+0000] {dag.py:3089} INFO - Sync 1 DAGs
[2026-09-18T16:23:45.518+0000] {logging_mixin.py:188} INFO - [2026-09-18T16:23:45.517+0000] {dag.py:3947} INFO - Setting next_dagrun for meteorisk_pipeline to 2026-09-18 00:00:00+00:00, run_after=2026-09-19 00:00:00+00:00
[2026-09-18T16:23:45.561+0000] {processor.py:183} INFO - Processing /opt/airflow/dags/meteorisk_dag.py took 0.206 seconds
[2026-09-18T16:24:16.034+0000] {processor.py:161} INFO - Started process (PID=4843) to work on /opt/airflow/dags/meteorisk_dag.py
[2026-09-18T16:24:16.037+0000] {processor.py:830} INFO - Processing file /opt/airflow/dags/meteorisk_dag.py for tasks to queue
[2026-09-18T16:24:16.044+0000] {logging_mixin.py:188} INFO - [2026-09-18T16:24:16.043+0000] {dagbag.py:545} INFO - Filling up the DagBag from /opt/airflow/dags/meteorisk_dag.py
[2026-09-18T16:24:16.092+0000] {processor.py:840} INFO - DAG(s) 'meteorisk_pipeline' retrieved from /opt/airflow/dags/meteorisk_dag.py
[2026-09-18T16:24:16.143+0000] {logging_mixin.py:188} INFO - [2026-09-18T16:24:16.143+0000] {dag.py:3089} INFO - Sync 1 DAGs
[2026-09-18T16:24:16.181+0000] {logging_mixin.py:188} INFO - [2026-09-18T16:24:16.181+0000] {dag.py:3947} INFO - Setting next_dagrun for meteorisk_pipeline to 2026-09-18 00:00:00+00:00, run_after=2026-09-19 00:00:00+00:00
[2026-09-18T16:24:16.231+0000] {processor.py:183} INFO - Processing /opt/airflow/dags/meteorisk_dag.py took 0.207 seconds
[2026-09-18T16:24:46.442+0000] {processor.py:161} INFO - Started process (PID=4848) to work on /opt/airflow/dags/meteorisk_dag.py
[2026-09-18T16:24:46.444+0000] {processor.py:830} INFO - Processing file /opt/airflow/dags/meteorisk_dag.py for tasks to queue
[2026-09-18T16:24:46.448+0000] {logging_mixin.py:188} INFO - [2026-09-18T16:24:46.448+0000] {dagbag.py:545} INFO - Filling up the DagBag from /opt/airflow/dags/meteorisk_dag.py
[2026-09-18T16:24:46.516+0000] {processor.py:840} INFO - DAG(s) 'meteorisk_pipeline' retrieved from /opt/airflow/dags/meteorisk_dag.py
[2026-09-18T16:24:46.588+0000] {logging_mixin.py:188} INFO - [2026-09-18T16:24:46.587+0000] {dag.py:3089} INFO - Sync 1 DAGs
[2026-09-18T16:24:46.632+0000] {logging_mixin.py:188} INFO - [2026-09-18T16:24:46.632+0000] {dag.py:3947} INFO - Setting next_dagrun for meteorisk_pipeline to 2026-09-18 00:00:00+00:00, run_after=2026-09-19 00:00:00+00:00
[2026-09-18T16:24:46.679+0000] {processor.py:183} INFO - Processing /opt/airflow/dags/meteorisk_dag.py took 0.242 seconds
[2026-09-18T16:25:17.035+0000] {processor.py:161} INFO - Started process (PID=4853) to work on /opt/airflow/dags/meteorisk_dag.py
[2026-09-18T16:25:17.037+0000] {processor.py:830} INFO - Processing file /opt/airflow/dags/meteorisk_dag.py for tasks to queue
[2026-09-18T16:25:17.043+0000] {logging_mixin.py:188} INFO - [2026-09-18T16:25:17.043+0000] {dagbag.py:545} INFO - Filling up the DagBag from /opt/airflow/dags/meteorisk_dag.py
[2026-09-18T16:25:17.101+0000] {processor.py:840} INFO - DAG(s) 'meteorisk_pipeline' retrieved from /opt/airflow/dags/meteorisk_dag.py
[2026-09-18T16:25:17.184+0000] {logging_mixin.py:188} INFO - [2026-09-18T16:25:17.183+0000] {dag.py:3089} INFO - Sync 1 DAGs
[2026-09-18T16:25:17.236+0000] {logging_mixin.py:188} INFO - [2026-09-18T16:25:17.235+0000] {dag.py:3947} INFO - Setting next_dagrun for meteorisk_pipeline to 2026-09-18 00:00:00+00:00, run_after=2026-09-19 00:00:00+00:00
[2026-09-18T16:25:17.287+0000] {processor.py:183} INFO - Processing /opt/airflow/dags/meteorisk_dag.py took 0.261 seconds
[2026-09-18T16:25:47.388+0000] {processor.py:161} INFO - Started process (PID=4858) to work on /opt/airflow/dags/meteorisk_dag.py
[2026-09-18T16:25:47.390+0000] {processor.py:830} INFO - Processing file /opt/airflow/dags/meteorisk_dag.py for tasks to queue
[2026-09-18T16:25:47.394+0000] {logging_mixin.py:188} INFO - [2026-09-18T16:25:47.393+0000] {dagbag.py:545} INFO - Filling up the DagBag from /opt/airflow/dags/meteorisk_dag.py
[2026-09-18T16:25:47.440+0000] {processor.py:840} INFO - DAG(s) 'meteorisk_pipeline' retrieved from /opt/airflow/dags/meteorisk_dag.py
[2026-09-18T16:25:47.493+0000] {logging_mixin.py:188} INFO - [2026-09-18T16:25:47.493+0000] {dag.py:3089} INFO - Sync 1 DAGs
[2026-09-18T16:25:47.524+0000] {logging_mixin.py:188} INFO - [2026-09-18T16:25:47.524+0000] {dag.py:3947} INFO - Setting next_dagrun for meteorisk_pipeline to 2026-09-18 00:00:00+00:00, run_after=2026-09-19 00:00:00+00:00
[2026-09-18T16:25:47.554+0000] {processor.py:183} INFO - Processing /opt/airflow/dags/meteorisk_dag.py took 0.176 seconds
[2026-09-18T16:26:17.679+0000] {processor.py:161} INFO - Started process (PID=4863) to work on /opt/airflow/dags/meteorisk_dag.py
[2026-09-18T16:26:17.682+0000] {processor.py:830} INFO - Processing file /opt/airflow/dags/meteorisk_dag.py for tasks to queue
[2026-09-18T16:26:17.687+0000] {logging_mixin.py:188} INFO - [2026-09-18T16:26:17.686+0000] {dagbag.py:545} INFO - Filling up the DagBag from /opt/airflow/dags/meteorisk_dag.py
[2026-09-18T16:26:17.729+0000] {processor.py:840} INFO - DAG(s) 'meteorisk_pipeline' retrieved from /opt/airflow/dags/meteorisk_dag.py
[2026-09-18T16:26:17.775+0000] {logging_mixin.py:188} INFO - [2026-09-18T16:26:17.775+0000] {dag.py:3089} INFO - Sync 1 DAGs
[2026-09-18T16:26:17.812+0000] {logging_mixin.py:188} INFO - [2026-09-18T16:26:17.811+0000] {dag.py:3947} INFO - Setting next_dagrun for meteorisk_pipeline to 2026-09-18 00:00:00+00:00, run_after=2026-09-19 00:00:00+00:00
[2026-09-18T16:26:17.840+0000] {processor.py:183} INFO - Processing /opt/airflow/dags/meteorisk_dag.py took 0.175 seconds
[2026-09-18T16:26:48.233+0000] {processor.py:161} INFO - Started process (PID=4868) to work on /opt/airflow/dags/meteorisk_dag.py
[2026-09-18T16:26:48.235+0000] {processor.py:830} INFO - Processing file /opt/airflow/dags/meteorisk_dag.py for tasks to queue
[2026-09-18T16:26:48.238+0000] {logging_mixin.py:188} INFO - [2026-09-18T16:26:48.237+0000] {dagbag.py:545} INFO - Filling up the DagBag from /opt/airflow/dags/meteorisk_dag.py
[2026-09-18T16:26:48.278+0000] {processor.py:840} INFO - DAG(s) 'meteorisk_pipeline' retrieved from /opt/airflow/dags/meteorisk_dag.py
[2026-09-18T16:26:48.324+0000] {logging_mixin.py:188} INFO - [2026-09-18T16:26:48.324+0000] {dag.py:3089} INFO - Sync 1 DAGs
[2026-09-18T16:26:48.357+0000] {logging_mixin.py:188} INFO - [2026-09-18T16:26:48.357+0000] {dag.py:3947} INFO - Setting next_dagrun for meteorisk_pipeline to 2026-09-18 00:00:00+00:00, run_after=2026-09-19 00:00:00+00:00
[2026-09-18T16:26:48.387+0000] {processor.py:183} INFO - Processing /opt/airflow/dags/meteorisk_dag.py took 0.165 seconds
[2026-09-18T16:27:18.544+0000] {processor.py:161} INFO - Started process (PID=4873) to work on /opt/airflow/dags/meteorisk_dag.py
[2026-09-18T16:27:18.548+0000] {processor.py:830} INFO - Processing file /opt/airflow/dags/meteorisk_dag.py for tasks to queue
[2026-09-18T16:27:18.552+0000] {logging_mixin.py:188} INFO - [2026-09-18T16:27:18.551+0000] {dagbag.py:545} INFO - Filling up the DagBag from /opt/airflow/dags/meteorisk_dag.py
[2026-09-18T16:27:18.605+0000] {processor.py:840} INFO - DAG(s) 'meteorisk_pipeline' retrieved from /opt/airflow/dags/meteorisk_dag.py
[2026-09-18T16:27:18.671+0000] {logging_mixin.py:188} INFO - [2026-09-18T16:27:18.671+0000] {dag.py:3089} INFO - Sync 1 DAGs
[2026-09-18T16:27:18.717+0000] {logging_mixin.py:188} INFO - [2026-09-18T16:27:18.716+0000] {dag.py:3947} INFO - Setting next_dagrun for meteorisk_pipeline to 2026-09-18 00:00:00+00:00, run_after=2026-09-19 00:00:00+00:00
[2026-09-18T16:27:18.775+0000] {processor.py:183} INFO - Processing /opt/airflow/dags/meteorisk_dag.py took 0.241 seconds
[2026-09-18T16:27:49.025+0000] {processor.py:161} INFO - Started process (PID=4878) to work on /opt/airflow/dags/meteorisk_dag.py
[2026-09-18T16:27:49.027+0000] {processor.py:830} INFO - Processing file /opt/airflow/dags/meteorisk_dag.py for tasks to queue
[2026-09-18T16:27:49.032+0000] {logging_mixin.py:188} INFO - [2026-09-18T16:27:49.031+0000] {dagbag.py:545} INFO - Filling up the DagBag from /opt/airflow/dags/meteorisk_dag.py
[2026-09-18T16:27:49.083+0000] {processor.py:840} INFO - DAG(s) 'meteorisk_pipeline' retrieved from /opt/airflow/dags/meteorisk_dag.py
[2026-09-18T16:27:49.151+0000] {logging_mixin.py:188} INFO - [2026-09-18T16:27:49.151+0000] {dag.py:3089} INFO - Sync 1 DAGs
[2026-09-18T16:27:49.186+0000] {logging_mixin.py:188} INFO - [2026-09-18T16:27:49.185+0000] {dag.py:3947} INFO - Setting next_dagrun for meteorisk_pipeline to 2026-09-18 00:00:00+00:00, run_after=2026-09-19 00:00:00+00:00
[2026-09-18T16:27:49.223+0000] {processor.py:183} INFO - Processing /opt/airflow/dags/meteorisk_dag.py took 0.216 seconds
[2026-09-18T16:28:19.389+0000] {processor.py:161} INFO - Started process (PID=4883) to work on /opt/airflow/dags/meteorisk_dag.py
[2026-09-18T16:28:19.391+0000] {processor.py:830} INFO - Processing file /opt/airflow/dags/meteorisk_dag.py for tasks to queue
[2026-09-18T16:28:19.395+0000] {logging_mixin.py:188} INFO - [2026-09-18T16:28:19.393+0000] {dagbag.py:545} INFO - Filling up the DagBag from /opt/airflow/dags/meteorisk_dag.py
[2026-09-18T16:28:19.445+0000] {processor.py:840} INFO - DAG(s) 'meteorisk_pipeline' retrieved from /opt/airflow/dags/meteorisk_dag.py
[2026-09-18T16:28:19.499+0000] {logging_mixin.py:188} INFO - [2026-09-18T16:28:19.498+0000] {dag.py:3089} INFO - Sync 1 DAGs
[2026-09-18T16:28:19.541+0000] {logging_mixin.py:188} INFO - [2026-09-18T16:28:19.541+0000] {dag.py:3947} INFO - Setting next_dagrun for meteorisk_pipeline to 2026-09-18 00:00:00+00:00, run_after=2026-09-19 00:00:00+00:00
[2026-09-18T16:28:19.582+0000] {processor.py:183} INFO - Processing /opt/airflow/dags/meteorisk_dag.py took 0.201 seconds
[2026-09-18T16:28:50.016+0000] {processor.py:161} INFO - Started process (PID=4888) to work on /opt/airflow/dags/meteorisk_dag.py
[2026-09-18T16:28:50.018+0000] {processor.py:830} INFO - Processing file /opt/airflow/dags/meteorisk_dag.py for tasks to queue
[2026-09-18T16:28:50.022+0000] {logging_mixin.py:188} INFO - [2026-09-18T16:28:50.022+0000] {dagbag.py:545} INFO - Filling up the DagBag from /opt/airflow/dags/meteorisk_dag.py
[2026-09-18T16:28:50.072+0000] {processor.py:840} INFO - DAG(s) 'meteorisk_pipeline' retrieved from /opt/airflow/dags/meteorisk_dag.py
[2026-09-18T16:28:50.133+0000] {logging_mixin.py:188} INFO - [2026-09-18T16:28:50.133+0000] {dag.py:3089} INFO - Sync 1 DAGs
[2026-09-18T16:28:50.171+0000] {logging_mixin.py:188} INFO - [2026-09-18T16:28:50.171+0000] {dag.py:3947} INFO - Setting next_dagrun for meteorisk_pipeline to 2026-09-18 00:00:00+00:00, run_after=2026-09-19 00:00:00+00:00
[2026-09-18T16:28:50.212+0000] {processor.py:183} INFO - Processing /opt/airflow/dags/meteorisk_dag.py took 0.206 seconds
[2026-09-18T16:29:20.384+0000] {processor.py:161} INFO - Started process (PID=4893) to work on /opt/airflow/dags/meteorisk_dag.py
[2026-09-18T16:29:20.387+0000] {processor.py:830} INFO - Processing file /opt/airflow/dags/meteorisk_dag.py for tasks to queue
[2026-09-18T16:29:20.390+0000] {logging_mixin.py:188} INFO - [2026-09-18T16:29:20.390+0000] {dagbag.py:545} INFO - Filling up the DagBag from /opt/airflow/dags/meteorisk_dag.py
[2026-09-18T16:29:20.437+0000] {processor.py:840} INFO - DAG(s) 'meteorisk_pipeline' retrieved from /opt/airflow/dags/meteorisk_dag.py
[2026-09-18T16:29:20.491+0000] {logging_mixin.py:188} INFO - [2026-09-18T16:29:20.490+0000] {dag.py:3089} INFO - Sync 1 DAGs
[2026-09-18T16:29:20.530+0000] {logging_mixin.py:188} INFO - [2026-09-18T16:29:20.529+0000] {dag.py:3947} INFO - Setting next_dagrun for meteorisk_pipeline to 2026-09-18 00:00:00+00:00, run_after=2026-09-19 00:00:00+00:00
[2026-09-18T16:29:20.569+0000] {processor.py:183} INFO - Processing /opt/airflow/dags/meteorisk_dag.py took 0.193 seconds
[2026-09-18T20:15:35.826+0000] {processor.py:161} INFO - Started process (PID=4898) to work on /opt/airflow/dags/meteorisk_dag.py
[2026-09-18T20:15:36.051+0000] {processor.py:830} INFO - Processing file /opt/airflow/dags/meteorisk_dag.py for tasks to queue
[2026-09-18T20:15:36.583+0000] {logging_mixin.py:188} INFO - [2026-09-18T20:15:36.533+0000] {dagbag.py:545} INFO - Filling up the DagBag from /opt/airflow/dags/meteorisk_dag.py
[2026-09-18T20:15:37.613+0000] {processor.py:840} INFO - DAG(s) 'meteorisk_pipeline' retrieved from /opt/airflow/dags/meteorisk_dag.py
[2026-09-18T20:15:38.334+0000] {logging_mixin.py:188} INFO - [2026-09-18T20:15:38.333+0000] {dag.py:3089} INFO - Sync 1 DAGs
[2026-09-18T20:15:39.254+0000] {logging_mixin.py:188} INFO - [2026-09-18T20:15:39.253+0000] {dag.py:3947} INFO - Setting next_dagrun for meteorisk_pipeline to 2026-09-18 00:00:00+00:00, run_after=2026-09-19 00:00:00+00:00
[2026-09-18T20:15:39.556+0000] {processor.py:183} INFO - Processing /opt/airflow/dags/meteorisk_dag.py took 4.812 seconds
[2026-09-18T20:16:10.244+0000] {processor.py:161} INFO - Started process (PID=4903) to work on /opt/airflow/dags/meteorisk_dag.py
[2026-09-18T20:16:10.249+0000] {processor.py:830} INFO - Processing file /opt/airflow/dags/meteorisk_dag.py for tasks to queue
[2026-09-18T20:16:10.254+0000] {logging_mixin.py:188} INFO - [2026-09-18T20:16:10.253+0000] {dagbag.py:545} INFO - Filling up the DagBag from /opt/airflow/dags/meteorisk_dag.py
[2026-09-18T20:16:10.343+0000] {processor.py:840} INFO - DAG(s) 'meteorisk_pipeline' retrieved from /opt/airflow/dags/meteorisk_dag.py
[2026-09-18T20:16:10.442+0000] {logging_mixin.py:188} INFO - [2026-09-18T20:16:10.440+0000] {dag.py:3089} INFO - Sync 1 DAGs
[2026-09-18T20:16:10.508+0000] {logging_mixin.py:188} INFO - [2026-09-18T20:16:10.507+0000] {dag.py:3947} INFO - Setting next_dagrun for meteorisk_pipeline to 2026-09-18 00:00:00+00:00, run_after=2026-09-19 00:00:00+00:00
[2026-09-18T20:16:10.552+0000] {processor.py:183} INFO - Processing /opt/airflow/dags/meteorisk_dag.py took 0.323 seconds
[2026-09-18T20:16:40.716+0000] {processor.py:161} INFO - Started process (PID=4908) to work on /opt/airflow/dags/meteorisk_dag.py
[2026-09-18T20:16:40.721+0000] {processor.py:830} INFO - Processing file /opt/airflow/dags/meteorisk_dag.py for tasks to queue
[2026-09-18T20:16:40.728+0000] {logging_mixin.py:188} INFO - [2026-09-18T20:16:40.727+0000] {dagbag.py:545} INFO - Filling up the DagBag from /opt/airflow/dags/meteorisk_dag.py
[2026-09-18T20:16:40.795+0000] {processor.py:840} INFO - DAG(s) 'meteorisk_pipeline' retrieved from /opt/airflow/dags/meteorisk_dag.py
[2026-09-18T20:16:40.882+0000] {logging_mixin.py:188} INFO - [2026-09-18T20:16:40.882+0000] {dag.py:3089} INFO - Sync 1 DAGs
[2026-09-18T20:16:40.943+0000] {logging_mixin.py:188} INFO - [2026-09-18T20:16:40.943+0000] {dag.py:3947} INFO - Setting next_dagrun for meteorisk_pipeline to 2026-09-18 00:00:00+00:00, run_after=2026-09-19 00:00:00+00:00
[2026-09-18T20:16:40.989+0000] {processor.py:183} INFO - Processing /opt/airflow/dags/meteorisk_dag.py took 0.299 seconds
[2026-09-18T20:17:11.441+0000] {processor.py:161} INFO - Started process (PID=4913) to work on /opt/airflow/dags/meteorisk_dag.py
[2026-09-18T20:17:11.445+0000] {processor.py:830} INFO - Processing file /opt/airflow/dags/meteorisk_dag.py for tasks to queue
[2026-09-18T20:17:11.454+0000] {logging_mixin.py:188} INFO - [2026-09-18T20:17:11.451+0000] {dagbag.py:545} INFO - Filling up the DagBag from /opt/airflow/dags/meteorisk_dag.py
[2026-09-18T20:17:11.530+0000] {processor.py:840} INFO - DAG(s) 'meteorisk_pipeline' retrieved from /opt/airflow/dags/meteorisk_dag.py
[2026-09-18T20:17:11.619+0000] {logging_mixin.py:188} INFO - [2026-09-18T20:17:11.619+0000] {dag.py:3089} INFO - Sync 1 DAGs
[2026-09-18T20:17:11.673+0000] {logging_mixin.py:188} INFO - [2026-09-18T20:17:11.673+0000] {dag.py:3947} INFO - Setting next_dagrun for meteorisk_pipeline to 2026-09-18 00:00:00+00:00, run_after=2026-09-19 00:00:00+00:00
[2026-09-18T20:17:11.717+0000] {processor.py:183} INFO - Processing /opt/airflow/dags/meteorisk_dag.py took 0.291 seconds
