[2026-09-18T08:43:48.840+0000] {manager.py:470} INFO - Processing files using up to 2 processes at a time 
[2026-09-18T08:43:48.842+0000] {manager.py:471} INFO - Process each file at most once every 30 seconds
[2026-09-18T08:43:48.845+0000] {manager.py:472} INFO - Checking for new files in /opt/airflow/dags every 300 seconds
[2026-09-18T08:43:48.847+0000] {manager.py:737} INFO - Searching for files in /opt/airflow/dags
[2026-09-18T08:43:48.888+0000] {manager.py:740} INFO - There are 1 files in /opt/airflow/dags
[2026-09-18T08:43:49.058+0000] {manager.py:878} INFO - 
================================================================================
DAG File Processing Stats

File Path                             PID  Runtime      # DAGs    # Errors  Last Runtime    Last Run
----------------------------------  -----  ---------  --------  ----------  --------------  ----------
/opt/airflow/dags/meteorisk_dag.py    201  0.09s             0           0
================================================================================
[2026-09-18T08:44:19.206+0000] {manager.py:878} INFO - 
================================================================================
DAG File Processing Stats

File Path                           PID    Runtime      # DAGs    # Errors  Last Runtime    Last Run
----------------------------------  -----  ---------  --------  ----------  --------------  -------------------
/opt/airflow/dags/meteorisk_dag.py                           1           0  0.30s           2026-09-18T08:43:49
================================================================================
[2026-09-18T08:44:49.669+0000] {manager.py:878} INFO - 
================================================================================
DAG File Processing Stats

File Path                           PID    Runtime      # DAGs    # Errors  Last Runtime    Last Run
----------------------------------  -----  ---------  --------  ----------  --------------  -------------------
/opt/airflow/dags/meteorisk_dag.py                           1           0  0.34s           2026-09-18T08:44:19
================================================================================
[2026-09-18T08:45:20.221+0000] {manager.py:878} INFO - 
================================================================================
DAG File Processing Stats

File Path                           PID    Runtime      # DAGs    # Errors  Last Runtime    Last Run
----------------------------------  -----  ---------  --------  ----------  --------------  -------------------
/opt/airflow/dags/meteorisk_dag.py                           1           0  0.22s           2026-09-18T08:44:50
================================================================================
[2026-09-18T08:45:50.617+0000] {manager.py:878} INFO - 
================================================================================
DAG File Processing Stats

File Path                           PID    Runtime      # DAGs    # Errors  Last Runtime    Last Run
----------------------------------  -----  ---------  --------  ----------  --------------  -------------------
/opt/airflow/dags/meteorisk_dag.py                           1           0  0.20s           2026-09-18T08:45:20
================================================================================
[2026-09-18T08:46:20.965+0000] {manager.py:878} INFO - 
================================================================================
DAG File Processing Stats

File Path                           PID    Runtime      # DAGs    # Errors  Last Runtime    Last Run
----------------------------------  -----  ---------  --------  ----------  --------------  -------------------
/opt/airflow/dags/meteorisk_dag.py                           1           0  0.20s           2026-09-18T08:45:51
================================================================================
[2026-09-18T08:46:51.390+0000] {manager.py:878} INFO - 
================================================================================
DAG File Processing Stats

File Path                           PID    Runtime      # DAGs    # Errors  Last Runtime    Last Run
----------------------------------  -----  ---------  --------  ----------  --------------  -------------------
/opt/airflow/dags/meteorisk_dag.py                           1           0  0.22s           2026-09-18T08:46:21
================================================================================
[2026-09-18T08:47:21.858+0000] {manager.py:878} INFO - 
================================================================================
DAG File Processing Stats

File Path                             PID  Runtime      # DAGs    # Errors  Last Runtime    Last Run
----------------------------------  -----  ---------  --------  ----------  --------------  -------------------
/opt/airflow/dags/meteorisk_dag.py    341  0.00s             1           0  0.22s           2026-09-18T08:46:51
================================================================================
[2026-09-18T08:47:52.252+0000] {manager.py:878} INFO - 
================================================================================
DAG File Processing Stats

File Path                             PID  Runtime      # DAGs    # Errors  Last Runtime    Last Run
----------------------------------  -----  ---------  --------  ----------  --------------  -------------------
/opt/airflow/dags/meteorisk_dag.py    346  0.00s             1           0  0.20s           2026-09-18T08:47:22
================================================================================
[2026-09-18T08:48:22.570+0000] {manager.py:878} INFO - 
================================================================================
DAG File Processing Stats

File Path                             PID  Runtime      # DAGs    # Errors  Last Runtime    Last Run
----------------------------------  -----  ---------  --------  ----------  --------------  -------------------
/opt/airflow/dags/meteorisk_dag.py    351  0.01s             1           0  0.19s           2026-09-18T08:47:52
================================================================================
[2026-09-18T08:48:48.924+0000] {manager.py:737} INFO - Searching for files in /opt/airflow/dags
[2026-09-18T08:48:48.986+0000] {manager.py:740} INFO - There are 1 files in /opt/airflow/dags
[2026-09-18T08:48:53.004+0000] {manager.py:878} INFO - 
================================================================================
DAG File Processing Stats

File Path                             PID  Runtime      # DAGs    # Errors  Last Runtime    Last Run
----------------------------------  -----  ---------  --------  ----------  --------------  -------------------
/opt/airflow/dags/meteorisk_dag.py    356  0.00s             1           0  0.26s           2026-09-18T08:48:22
================================================================================
[2026-09-18T08:49:23.314+0000] {manager.py:878} INFO - 
================================================================================
DAG File Processing Stats

File Path                             PID  Runtime      # DAGs    # Errors  Last Runtime    Last Run
----------------------------------  -----  ---------  --------  ----------  --------------  -------------------
/opt/airflow/dags/meteorisk_dag.py    361  0.00s             1           0  0.22s           2026-09-18T08:48:53
================================================================================
[2026-09-18T08:49:53.773+0000] {manager.py:878} INFO - 
================================================================================
DAG File Processing Stats

File Path                             PID  Runtime      # DAGs    # Errors  Last Runtime    Last Run
----------------------------------  -----  ---------  --------  ----------  --------------  -------------------
/opt/airflow/dags/meteorisk_dag.py    366  0.01s             1           0  0.27s           2026-09-18T08:49:23
================================================================================
[2026-09-18T08:50:24.118+0000] {manager.py:878} INFO - 
================================================================================
DAG File Processing Stats

File Path                             PID  Runtime      # DAGs    # Errors  Last Runtime    Last Run
----------------------------------  -----  ---------  --------  ----------  --------------  -------------------
/opt/airflow/dags/meteorisk_dag.py    371  0.01s             1           0  0.29s           2026-09-18T08:49:54
================================================================================
[2026-09-18T08:50:54.601+0000] {manager.py:878} INFO - 
================================================================================
DAG File Processing Stats

File Path                             PID  Runtime      # DAGs    # Errors  Last Runtime    Last Run
----------------------------------  -----  ---------  --------  ----------  --------------  -------------------
/opt/airflow/dags/meteorisk_dag.py    376  0.02s             1           0  0.25s           2026-09-18T08:50:24
================================================================================
[2026-09-18T08:51:24.856+0000] {manager.py:878} INFO - 
================================================================================
DAG File Processing Stats

File Path                           PID    Runtime      # DAGs    # Errors  Last Runtime    Last Run
----------------------------------  -----  ---------  --------  ----------  --------------  -------------------
/opt/airflow/dags/meteorisk_dag.py                           1           0  0.34s           2026-09-18T08:50:54
================================================================================
[2026-09-18T08:51:54.877+0000] {manager.py:878} INFO - 
================================================================================
DAG File Processing Stats

File Path                           PID    Runtime      # DAGs    # Errors  Last Runtime    Last Run
----------------------------------  -----  ---------  --------  ----------  --------------  -------------------
/opt/airflow/dags/meteorisk_dag.py                           1           0  0.44s           2026-09-18T08:51:25
================================================================================
[2026-09-18T08:52:25.185+0000] {manager.py:878} INFO - 
================================================================================
DAG File Processing Stats

File Path                           PID    Runtime      # DAGs    # Errors  Last Runtime    Last Run
----------------------------------  -----  ---------  --------  ----------  --------------  -------------------
/opt/airflow/dags/meteorisk_dag.py                           1           0  0.28s           2026-09-18T08:51:56
================================================================================
[2026-09-18T08:52:55.716+0000] {manager.py:878} INFO - 
================================================================================
DAG File Processing Stats

File Path                           PID    Runtime      # DAGs    # Errors  Last Runtime    Last Run
----------------------------------  -----  ---------  --------  ----------  --------------  -------------------
/opt/airflow/dags/meteorisk_dag.py                           1           0  0.25s           2026-09-18T08:52:26
================================================================================
[2026-09-18T08:53:26.277+0000] {manager.py:878} INFO - 
================================================================================
DAG File Processing Stats

File Path                           PID    Runtime      # DAGs    # Errors  Last Runtime    Last Run
----------------------------------  -----  ---------  --------  ----------  --------------  -------------------
/opt/airflow/dags/meteorisk_dag.py                           1           0  0.28s           2026-09-18T08:52:57
================================================================================
[2026-09-18T08:53:49.587+0000] {manager.py:737} INFO - Searching for files in /opt/airflow/dags
[2026-09-18T08:53:49.662+0000] {manager.py:740} INFO - There are 1 files in /opt/airflow/dags
[2026-09-18T08:53:56.751+0000] {manager.py:878} INFO - 
================================================================================
DAG File Processing Stats

File Path                           PID    Runtime      # DAGs    # Errors  Last Runtime    Last Run
----------------------------------  -----  ---------  --------  ----------  --------------  -------------------
/opt/airflow/dags/meteorisk_dag.py                           1           0  0.28s           2026-09-18T08:53:27
================================================================================
[2026-09-18T08:54:27.056+0000] {manager.py:878} INFO - 
================================================================================
DAG File Processing Stats

File Path                           PID    Runtime      # DAGs    # Errors  Last Runtime    Last Run
----------------------------------  -----  ---------  --------  ----------  --------------  -------------------
/opt/airflow/dags/meteorisk_dag.py                           1           0  0.22s           2026-09-18T08:53:58
================================================================================
[2026-09-18T08:54:57.381+0000] {manager.py:878} INFO - 
================================================================================
DAG File Processing Stats

File Path                           PID    Runtime      # DAGs    # Errors  Last Runtime    Last Run
----------------------------------  -----  ---------  --------  ----------  --------------  -------------------
/opt/airflow/dags/meteorisk_dag.py                           1           0  0.22s           2026-09-18T08:54:28
================================================================================
[2026-09-18T08:55:27.667+0000] {manager.py:878} INFO - 
================================================================================
DAG File Processing Stats

File Path                           PID    Runtime      # DAGs    # Errors  Last Runtime    Last Run
----------------------------------  -----  ---------  --------  ----------  --------------  -------------------
/opt/airflow/dags/meteorisk_dag.py                           1           0  0.21s           2026-09-18T08:54:58
================================================================================
[2026-09-18T08:55:57.942+0000] {manager.py:878} INFO - 
================================================================================
DAG File Processing Stats

File Path                           PID    Runtime      # DAGs    # Errors  Last Runtime    Last Run
----------------------------------  -----  ---------  --------  ----------  --------------  -------------------
/opt/airflow/dags/meteorisk_dag.py                           1           0  0.23s           2026-09-18T08:55:28
================================================================================
[2026-09-18T08:56:28.281+0000] {manager.py:878} INFO - 
================================================================================
DAG File Processing Stats

File Path                           PID    Runtime      # DAGs    # Errors  Last Runtime    Last Run
----------------------------------  -----  ---------  --------  ----------  --------------  -------------------
/opt/airflow/dags/meteorisk_dag.py                           1           0  0.22s           2026-09-18T08:55:59
================================================================================
[2026-09-18T08:56:58.527+0000] {manager.py:878} INFO - 
================================================================================
DAG File Processing Stats

File Path                           PID    Runtime      # DAGs    # Errors  Last Runtime    Last Run
----------------------------------  -----  ---------  --------  ----------  --------------  -------------------
/opt/airflow/dags/meteorisk_dag.py                           1           0  0.26s           2026-09-18T08:56:29
================================================================================
[2026-09-18T08:57:28.943+0000] {manager.py:878} INFO - 
================================================================================
DAG File Processing Stats

File Path                           PID    Runtime      # DAGs    # Errors  Last Runtime    Last Run
----------------------------------  -----  ---------  --------  ----------  --------------  -------------------
/opt/airflow/dags/meteorisk_dag.py                           1           0  0.21s           2026-09-18T08:56:59
================================================================================
[2026-09-18T08:57:59.432+0000] {manager.py:878} INFO - 
================================================================================
DAG File Processing Stats

File Path                           PID    Runtime      # DAGs    # Errors  Last Runtime    Last Run
----------------------------------  -----  ---------  --------  ----------  --------------  -------------------
/opt/airflow/dags/meteorisk_dag.py                           1           0  0.23s           2026-09-18T08:57:30
================================================================================
[2026-09-18T08:58:29.955+0000] {manager.py:878} INFO - 
================================================================================
DAG File Processing Stats

File Path                           PID    Runtime      # DAGs    # Errors  Last Runtime    Last Run
----------------------------------  -----  ---------  --------  ----------  --------------  -------------------
/opt/airflow/dags/meteorisk_dag.py                           1           0  0.20s           2026-09-18T08:58:00
================================================================================
[2026-09-18T08:58:50.122+0000] {manager.py:737} INFO - Searching for files in /opt/airflow/dags
[2026-09-18T08:58:50.165+0000] {manager.py:740} INFO - There are 1 files in /opt/airflow/dags
[2026-09-18T08:59:00.272+0000] {manager.py:878} INFO - 
================================================================================
DAG File Processing Stats

File Path                           PID    Runtime      # DAGs    # Errors  Last Runtime    Last Run
----------------------------------  -----  ---------  --------  ----------  --------------  -------------------
/opt/airflow/dags/meteorisk_dag.py                           1           0  0.20s           2026-09-18T08:58:31
================================================================================
[2026-09-18T08:59:30.565+0000] {manager.py:878} INFO - 
================================================================================
DAG File Processing Stats

File Path                           PID    Runtime      # DAGs    # Errors  Last Runtime    Last Run
----------------------------------  -----  ---------  --------  ----------  --------------  -------------------
/opt/airflow/dags/meteorisk_dag.py                           1           0  0.39s           2026-09-18T08:59:01
================================================================================
[2026-09-18T09:00:01.104+0000] {manager.py:878} INFO - 
================================================================================
DAG File Processing Stats

File Path                           PID    Runtime      # DAGs    # Errors  Last Runtime    Last Run
----------------------------------  -----  ---------  --------  ----------  --------------  -------------------
/opt/airflow/dags/meteorisk_dag.py                           1           0  0.20s           2026-09-18T08:59:32
================================================================================
[2026-09-18T09:00:31.518+0000] {manager.py:878} INFO - 
================================================================================
DAG File Processing Stats

File Path                           PID    Runtime      # DAGs    # Errors  Last Runtime    Last Run
----------------------------------  -----  ---------  --------  ----------  --------------  -------------------
/opt/airflow/dags/meteorisk_dag.py                           1           0  0.21s           2026-09-18T09:00:02
================================================================================
[2026-09-18T09:01:01.800+0000] {manager.py:878} INFO - 
================================================================================
DAG File Processing Stats

File Path                           PID    Runtime      # DAGs    # Errors  Last Runtime    Last Run
----------------------------------  -----  ---------  --------  ----------  --------------  -------------------
/opt/airflow/dags/meteorisk_dag.py                           1           0  0.32s           2026-09-18T09:00:32
================================================================================
[2026-09-18T09:01:32.341+0000] {manager.py:878} INFO - 
================================================================================
DAG File Processing Stats

File Path                           PID    Runtime      # DAGs    # Errors  Last Runtime    Last Run
----------------------------------  -----  ---------  --------  ----------  --------------  -------------------
/opt/airflow/dags/meteorisk_dag.py                           1           0  0.30s           2026-09-18T09:01:03
================================================================================
[2026-09-18T09:02:02.885+0000] {manager.py:878} INFO - 
================================================================================
DAG File Processing Stats

File Path                           PID    Runtime      # DAGs    # Errors  Last Runtime    Last Run
----------------------------------  -----  ---------  --------  ----------  --------------  -------------------
/opt/airflow/dags/meteorisk_dag.py                           1           0  0.20s           2026-09-18T09:01:33
================================================================================
[2026-09-18T09:02:33.228+0000] {manager.py:878} INFO - 
================================================================================
DAG File Processing Stats

File Path                           PID    Runtime      # DAGs    # Errors  Last Runtime    Last Run
----------------------------------  -----  ---------  --------  ----------  --------------  -------------------
/opt/airflow/dags/meteorisk_dag.py                           1           0  0.23s           2026-09-18T09:02:04
================================================================================
[2026-09-18T09:03:03.534+0000] {manager.py:878} INFO - 
================================================================================
DAG File Processing Stats

File Path                           PID    Runtime      # DAGs    # Errors  Last Runtime    Last Run
----------------------------------  -----  ---------  --------  ----------  --------------  -------------------
/opt/airflow/dags/meteorisk_dag.py                           1           0  0.22s           2026-09-18T09:02:34
================================================================================
[2026-09-18T09:03:33.931+0000] {manager.py:878} INFO - 
================================================================================
DAG File Processing Stats

File Path                           PID    Runtime      # DAGs    # Errors  Last Runtime    Last Run
----------------------------------  -----  ---------  --------  ----------  --------------  -------------------
/opt/airflow/dags/meteorisk_dag.py                           1           0  0.23s           2026-09-18T09:03:04
================================================================================
[2026-09-18T09:03:50.221+0000] {manager.py:737} INFO - Searching for files in /opt/airflow/dags
[2026-09-18T09:03:50.255+0000] {manager.py:740} INFO - There are 1 files in /opt/airflow/dags
[2026-09-18T09:04:04.225+0000] {manager.py:878} INFO - 
================================================================================
DAG File Processing Stats

File Path                           PID    Runtime      # DAGs    # Errors  Last Runtime    Last Run
----------------------------------  -----  ---------  --------  ----------  --------------  -------------------
/opt/airflow/dags/meteorisk_dag.py                           1           0  0.21s           2026-09-18T09:03:35
================================================================================
[2026-09-18T09:04:34.573+0000] {manager.py:878} INFO - 
================================================================================
DAG File Processing Stats

File Path                           PID    Runtime      # DAGs    # Errors  Last Runtime    Last Run
----------------------------------  -----  ---------  --------  ----------  --------------  -------------------
/opt/airflow/dags/meteorisk_dag.py                           1           0  0.22s           2026-09-18T09:04:05
================================================================================
[2026-09-18T09:05:04.818+0000] {manager.py:878} INFO - 
================================================================================
DAG File Processing Stats

File Path                           PID    Runtime      # DAGs    # Errors  Last Runtime    Last Run
----------------------------------  -----  ---------  --------  ----------  --------------  -------------------
/opt/airflow/dags/meteorisk_dag.py                           1           0  0.23s           2026-09-18T09:04:35
================================================================================
[2026-09-18T09:05:35.238+0000] {manager.py:878} INFO - 
================================================================================
DAG File Processing Stats

File Path                           PID    Runtime      # DAGs    # Errors  Last Runtime    Last Run
----------------------------------  -----  ---------  --------  ----------  --------------  -------------------
/opt/airflow/dags/meteorisk_dag.py                           1           0  0.23s           2026-09-18T09:05:06
================================================================================
[2026-09-18T09:06:05.693+0000] {manager.py:878} INFO - 
================================================================================
DAG File Processing Stats

File Path                           PID    Runtime      # DAGs    # Errors  Last Runtime    Last Run
----------------------------------  -----  ---------  --------  ----------  --------------  -------------------
/opt/airflow/dags/meteorisk_dag.py                           1           0  0.25s           2026-09-18T09:05:36
================================================================================
[2026-09-18T09:06:36.124+0000] {manager.py:878} INFO - 
================================================================================
DAG File Processing Stats

File Path                           PID    Runtime      # DAGs    # Errors  Last Runtime    Last Run
----------------------------------  -----  ---------  --------  ----------  --------------  -------------------
/opt/airflow/dags/meteorisk_dag.py                           1           0  0.22s           2026-09-18T09:06:07
================================================================================
[2026-09-18T09:07:06.587+0000] {manager.py:878} INFO - 
================================================================================
DAG File Processing Stats

File Path                           PID    Runtime      # DAGs    # Errors  Last Runtime    Last Run
----------------------------------  -----  ---------  --------  ----------  --------------  -------------------
/opt/airflow/dags/meteorisk_dag.py                           1           0  0.23s           2026-09-18T09:06:37
================================================================================
[2026-09-18T09:07:37.012+0000] {manager.py:878} INFO - 
================================================================================
DAG File Processing Stats

File Path                           PID    Runtime      # DAGs    # Errors  Last Runtime    Last Run
----------------------------------  -----  ---------  --------  ----------  --------------  -------------------
/opt/airflow/dags/meteorisk_dag.py                           1           0  0.21s           2026-09-18T09:07:07
================================================================================
[2026-09-18T09:08:07.256+0000] {manager.py:878} INFO - 
================================================================================
DAG File Processing Stats

File Path                           PID    Runtime      # DAGs    # Errors  Last Runtime    Last Run
----------------------------------  -----  ---------  --------  ----------  --------------  -------------------
/opt/airflow/dags/meteorisk_dag.py                           1           0  0.32s           2026-09-18T09:07:38
================================================================================
[2026-09-18T09:08:37.790+0000] {manager.py:878} INFO - 
================================================================================
DAG File Processing Stats

File Path                           PID    Runtime      # DAGs    # Errors  Last Runtime    Last Run
----------------------------------  -----  ---------  --------  ----------  --------------  -------------------
/opt/airflow/dags/meteorisk_dag.py                           1           0  0.28s           2026-09-18T09:08:08
================================================================================
[2026-09-18T09:08:50.318+0000] {manager.py:737} INFO - Searching for files in /opt/airflow/dags
[2026-09-18T09:08:50.365+0000] {manager.py:740} INFO - There are 1 files in /opt/airflow/dags
[2026-09-18T09:09:08.257+0000] {manager.py:878} INFO - 
================================================================================
DAG File Processing Stats

File Path                           PID    Runtime      # DAGs    # Errors  Last Runtime    Last Run
----------------------------------  -----  ---------  --------  ----------  --------------  -------------------
/opt/airflow/dags/meteorisk_dag.py                           1           0  0.22s           2026-09-18T09:08:39
================================================================================
[2026-09-18T09:09:38.762+0000] {manager.py:878} INFO - 
================================================================================
DAG File Processing Stats

File Path                           PID    Runtime      # DAGs    # Errors  Last Runtime    Last Run
----------------------------------  -----  ---------  --------  ----------  --------------  -------------------
/opt/airflow/dags/meteorisk_dag.py                           1           0  0.20s           2026-09-18T09:09:09
================================================================================
[2026-09-18T09:10:09.185+0000] {manager.py:878} INFO - 
================================================================================
DAG File Processing Stats

File Path                           PID    Runtime      # DAGs    # Errors  Last Runtime    Last Run
----------------------------------  -----  ---------  --------  ----------  --------------  -------------------
/opt/airflow/dags/meteorisk_dag.py                           1           0  0.23s           2026-09-18T09:09:40
================================================================================
[2026-09-18T09:10:39.400+0000] {manager.py:878} INFO - 
================================================================================
DAG File Processing Stats

File Path                           PID    Runtime      # DAGs    # Errors  Last Runtime    Last Run
----------------------------------  -----  ---------  --------  ----------  --------------  -------------------
/opt/airflow/dags/meteorisk_dag.py                           1           0  0.25s           2026-09-18T09:10:10
================================================================================
[2026-09-18T09:11:09.892+0000] {manager.py:878} INFO - 
================================================================================
DAG File Processing Stats

File Path                           PID    Runtime      # DAGs    # Errors  Last Runtime    Last Run
----------------------------------  -----  ---------  --------  ----------  --------------  -------------------
/opt/airflow/dags/meteorisk_dag.py                           1           0  0.24s           2026-09-18T09:10:40
================================================================================
[2026-09-18T09:11:40.359+0000] {manager.py:878} INFO - 
================================================================================
DAG File Processing Stats

File Path                           PID    Runtime      # DAGs    # Errors  Last Runtime    Last Run
----------------------------------  -----  ---------  --------  ----------  --------------  -------------------
/opt/airflow/dags/meteorisk_dag.py                           1           0  0.27s           2026-09-18T09:11:11
================================================================================
[2026-09-18T09:12:10.813+0000] {manager.py:878} INFO - 
================================================================================
DAG File Processing Stats

File Path                           PID    Runtime      # DAGs    # Errors  Last Runtime    Last Run
----------------------------------  -----  ---------  --------  ----------  --------------  -------------------
/opt/airflow/dags/meteorisk_dag.py                           1           0  0.29s           2026-09-18T09:11:41
================================================================================
[2026-09-18T09:12:41.347+0000] {manager.py:878} INFO - 
================================================================================
DAG File Processing Stats

File Path                           PID    Runtime      # DAGs    # Errors  Last Runtime    Last Run
----------------------------------  -----  ---------  --------  ----------  --------------  -------------------
/opt/airflow/dags/meteorisk_dag.py                           1           0  0.22s           2026-09-18T09:12:12
================================================================================
[2026-09-18T09:13:11.833+0000] {manager.py:878} INFO - 
================================================================================
DAG File Processing Stats

File Path                           PID    Runtime      # DAGs    # Errors  Last Runtime    Last Run
----------------------------------  -----  ---------  --------  ----------  --------------  -------------------
/opt/airflow/dags/meteorisk_dag.py                           1           0  0.23s           2026-09-18T09:12:42
================================================================================
[2026-09-18T09:13:42.282+0000] {manager.py:878} INFO - 
================================================================================
DAG File Processing Stats

File Path                           PID    Runtime      # DAGs    # Errors  Last Runtime    Last Run
----------------------------------  -----  ---------  --------  ----------  --------------  -------------------
/opt/airflow/dags/meteorisk_dag.py                           1           0  0.20s           2026-09-18T09:13:13
================================================================================
[2026-09-18T09:13:50.343+0000] {manager.py:737} INFO - Searching for files in /opt/airflow/dags
[2026-09-18T09:13:50.398+0000] {manager.py:740} INFO - There are 1 files in /opt/airflow/dags
[2026-09-18T09:14:12.601+0000] {manager.py:878} INFO - 
================================================================================
DAG File Processing Stats

File Path                           PID    Runtime      # DAGs    # Errors  Last Runtime    Last Run
----------------------------------  -----  ---------  --------  ----------  --------------  -------------------
/opt/airflow/dags/meteorisk_dag.py                           1           0  0.26s           2026-09-18T09:13:43
================================================================================
[2026-09-18T09:14:42.952+0000] {manager.py:878} INFO - 
================================================================================
DAG File Processing Stats

File Path                           PID    Runtime      # DAGs    # Errors  Last Runtime    Last Run
----------------------------------  -----  ---------  --------  ----------  --------------  -------------------
/opt/airflow/dags/meteorisk_dag.py                           1           0  0.21s           2026-09-18T09:14:13
================================================================================
[2026-09-18T09:15:13.230+0000] {manager.py:878} INFO - 
================================================================================
DAG File Processing Stats

File Path                           PID    Runtime      # DAGs    # Errors  Last Runtime    Last Run
----------------------------------  -----  ---------  --------  ----------  --------------  -------------------
/opt/airflow/dags/meteorisk_dag.py                           1           0  0.33s           2026-09-18T09:14:44
================================================================================
[2026-09-18T09:15:43.715+0000] {manager.py:878} INFO - 
================================================================================
DAG File Processing Stats

File Path                           PID    Runtime      # DAGs    # Errors  Last Runtime    Last Run
----------------------------------  -----  ---------  --------  ----------  --------------  -------------------
/opt/airflow/dags/meteorisk_dag.py                           1           0  0.37s           2026-09-18T09:15:14
================================================================================
[2026-09-18T09:16:14.305+0000] {manager.py:878} INFO - 
================================================================================
DAG File Processing Stats

File Path                           PID    Runtime      # DAGs    # Errors  Last Runtime    Last Run
----------------------------------  -----  ---------  --------  ----------  --------------  -------------------
/opt/airflow/dags/meteorisk_dag.py                           1           0  0.21s           2026-09-18T09:15:45
================================================================================
[2026-09-18T09:16:44.708+0000] {manager.py:878} INFO - 
================================================================================
DAG File Processing Stats

File Path                           PID    Runtime      # DAGs    # Errors  Last Runtime    Last Run
----------------------------------  -----  ---------  --------  ----------  --------------  -------------------
/opt/airflow/dags/meteorisk_dag.py                           1           0  0.20s           2026-09-18T09:16:15
================================================================================
[2026-09-18T09:17:15.018+0000] {manager.py:878} INFO - 
================================================================================
DAG File Processing Stats

File Path                           PID    Runtime      # DAGs    # Errors  Last Runtime    Last Run
----------------------------------  -----  ---------  --------  ----------  --------------  -------------------
/opt/airflow/dags/meteorisk_dag.py                           1           0  0.57s           2026-09-18T09:16:46
================================================================================
[2026-09-18T09:17:45.026+0000] {manager.py:878} INFO - 
================================================================================
DAG File Processing Stats

File Path                           PID    Runtime      # DAGs    # Errors  Last Runtime    Last Run
----------------------------------  -----  ---------  --------  ----------  --------------  -------------------
/opt/airflow/dags/meteorisk_dag.py                           1           0  0.20s           2026-09-18T09:17:16
================================================================================
[2026-09-18T09:18:15.328+0000] {manager.py:878} INFO - 
================================================================================
DAG File Processing Stats

File Path                           PID    Runtime      # DAGs    # Errors  Last Runtime    Last Run
----------------------------------  -----  ---------  --------  ----------  --------------  -------------------
/opt/airflow/dags/meteorisk_dag.py                           1           0  0.30s           2026-09-18T09:17:47
================================================================================
[2026-09-18T09:18:45.660+0000] {manager.py:878} INFO - 
================================================================================
DAG File Processing Stats

File Path                           PID    Runtime      # DAGs    # Errors  Last Runtime    Last Run
----------------------------------  -----  ---------  --------  ----------  --------------  -------------------
/opt/airflow/dags/meteorisk_dag.py                           1           0  0.33s           2026-09-18T09:18:17
================================================================================
[2026-09-18T09:18:50.372+0000] {manager.py:737} INFO - Searching for files in /opt/airflow/dags
[2026-09-18T09:18:50.476+0000] {manager.py:740} INFO - There are 1 files in /opt/airflow/dags
[2026-09-18T09:19:15.794+0000] {manager.py:878} INFO - 
================================================================================
DAG File Processing Stats

File Path                           PID    Runtime      # DAGs    # Errors  Last Runtime    Last Run
----------------------------------  -----  ---------  --------  ----------  --------------  -------------------
/opt/airflow/dags/meteorisk_dag.py                           1           0  0.36s           2026-09-18T09:18:48
================================================================================
[2026-09-18T09:19:46.166+0000] {manager.py:878} INFO - 
================================================================================
DAG File Processing Stats

File Path                           PID    Runtime      # DAGs    # Errors  Last Runtime    Last Run
----------------------------------  -----  ---------  --------  ----------  --------------  -------------------
/opt/airflow/dags/meteorisk_dag.py                           1           0  0.29s           2026-09-18T09:19:19
================================================================================
[2026-09-18T09:20:16.700+0000] {manager.py:878} INFO - 
================================================================================
DAG File Processing Stats

File Path                           PID    Runtime      # DAGs    # Errors  Last Runtime    Last Run
----------------------------------  -----  ---------  --------  ----------  --------------  -------------------
/opt/airflow/dags/meteorisk_dag.py                           1           0  0.29s           2026-09-18T09:19:49
================================================================================
[2026-09-18T09:20:47.335+0000] {manager.py:878} INFO - 
================================================================================
DAG File Processing Stats

File Path                           PID    Runtime      # DAGs    # Errors  Last Runtime    Last Run
----------------------------------  -----  ---------  --------  ----------  --------------  -------------------
/opt/airflow/dags/meteorisk_dag.py                           1           0  0.34s           2026-09-18T09:20:20
================================================================================
[2026-09-18T09:21:17.967+0000] {manager.py:878} INFO - 
================================================================================
DAG File Processing Stats

File Path                           PID    Runtime      # DAGs    # Errors  Last Runtime    Last Run
----------------------------------  -----  ---------  --------  ----------  --------------  -------------------
/opt/airflow/dags/meteorisk_dag.py                           1           0  0.23s           2026-09-18T09:20:50
================================================================================
[2026-09-18T09:21:48.446+0000] {manager.py:878} INFO - 
================================================================================
DAG File Processing Stats

File Path                           PID    Runtime      # DAGs    # Errors  Last Runtime    Last Run
----------------------------------  -----  ---------  --------  ----------  --------------  -------------------
/opt/airflow/dags/meteorisk_dag.py                           1           0  0.25s           2026-09-18T09:21:21
================================================================================
[2026-09-18T09:22:18.745+0000] {manager.py:878} INFO - 
================================================================================
DAG File Processing Stats

File Path                           PID    Runtime      # DAGs    # Errors  Last Runtime    Last Run
----------------------------------  -----  ---------  --------  ----------  --------------  -------------------
/opt/airflow/dags/meteorisk_dag.py                           1           0  0.29s           2026-09-18T09:21:51
================================================================================
[2026-09-18T09:22:49.270+0000] {manager.py:878} INFO - 
================================================================================
DAG File Processing Stats

File Path                           PID    Runtime      # DAGs    # Errors  Last Runtime    Last Run
----------------------------------  -----  ---------  --------  ----------  --------------  -------------------
/opt/airflow/dags/meteorisk_dag.py                           1           0  0.39s           2026-09-18T09:22:22
================================================================================
[2026-09-18T09:23:19.797+0000] {manager.py:878} INFO - 
================================================================================
DAG File Processing Stats

File Path                           PID    Runtime      # DAGs    # Errors  Last Runtime    Last Run
----------------------------------  -----  ---------  --------  ----------  --------------  -------------------
/opt/airflow/dags/meteorisk_dag.py                           1           0  0.32s           2026-09-18T09:22:52
================================================================================
[2026-09-18T09:23:50.214+0000] {manager.py:878} INFO - 
================================================================================
DAG File Processing Stats

File Path                           PID    Runtime      # DAGs    # Errors  Last Runtime    Last Run
----------------------------------  -----  ---------  --------  ----------  --------------  -------------------
/opt/airflow/dags/meteorisk_dag.py                           1           0  0.38s           2026-09-18T09:23:23
================================================================================
[2026-09-18T09:23:50.509+0000] {manager.py:737} INFO - Searching for files in /opt/airflow/dags
[2026-09-18T09:23:50.608+0000] {manager.py:740} INFO - There are 1 files in /opt/airflow/dags
[2026-09-18T09:24:20.546+0000] {manager.py:878} INFO - 
================================================================================
DAG File Processing Stats

File Path                           PID    Runtime      # DAGs    # Errors  Last Runtime    Last Run
----------------------------------  -----  ---------  --------  ----------  --------------  -------------------
/opt/airflow/dags/meteorisk_dag.py                           1           0  0.26s           2026-09-18T09:23:53
================================================================================
[2026-09-18T09:24:51.023+0000] {manager.py:878} INFO - 
================================================================================
DAG File Processing Stats

File Path                           PID    Runtime      # DAGs    # Errors  Last Runtime    Last Run
----------------------------------  -----  ---------  --------  ----------  --------------  -------------------
/opt/airflow/dags/meteorisk_dag.py                           1           0  0.36s           2026-09-18T09:24:23
================================================================================
[2026-09-18T09:25:21.535+0000] {manager.py:878} INFO - 
================================================================================
DAG File Processing Stats

File Path                           PID    Runtime      # DAGs    # Errors  Last Runtime    Last Run
----------------------------------  -----  ---------  --------  ----------  --------------  -------------------
/opt/airflow/dags/meteorisk_dag.py                           1           0  0.27s           2026-09-18T09:24:54
================================================================================
[2026-09-18T09:25:51.899+0000] {manager.py:878} INFO - 
================================================================================
DAG File Processing Stats

File Path                           PID    Runtime      # DAGs    # Errors  Last Runtime    Last Run
----------------------------------  -----  ---------  --------  ----------  --------------  -------------------
/opt/airflow/dags/meteorisk_dag.py                           1           0  0.26s           2026-09-18T09:25:24
================================================================================
[2026-09-18T09:26:22.379+0000] {manager.py:878} INFO - 
================================================================================
DAG File Processing Stats

File Path                           PID    Runtime      # DAGs    # Errors  Last Runtime    Last Run
----------------------------------  -----  ---------  --------  ----------  --------------  -------------------
/opt/airflow/dags/meteorisk_dag.py                           1           0  0.26s           2026-09-18T09:25:55
================================================================================
[2026-09-18T09:26:52.740+0000] {manager.py:878} INFO - 
================================================================================
DAG File Processing Stats

File Path                           PID    Runtime      # DAGs    # Errors  Last Runtime    Last Run
----------------------------------  -----  ---------  --------  ----------  --------------  -------------------
/opt/airflow/dags/meteorisk_dag.py                           1           0  0.28s           2026-09-18T09:26:25
================================================================================
[2026-09-18T09:27:23.245+0000] {manager.py:878} INFO - 
================================================================================
DAG File Processing Stats

File Path                           PID    Runtime      # DAGs    # Errors  Last Runtime    Last Run
----------------------------------  -----  ---------  --------  ----------  --------------  -------------------
/opt/airflow/dags/meteorisk_dag.py                           1           0  0.33s           2026-09-18T09:26:56
================================================================================
[2026-09-18T09:27:53.626+0000] {manager.py:878} INFO - 
================================================================================
DAG File Processing Stats

File Path                           PID    Runtime      # DAGs    # Errors  Last Runtime    Last Run
----------------------------------  -----  ---------  --------  ----------  --------------  -------------------
/opt/airflow/dags/meteorisk_dag.py                           1           0  0.28s           2026-09-18T09:27:26
================================================================================
[2026-09-18T09:28:24.124+0000] {manager.py:878} INFO - 
================================================================================
DAG File Processing Stats

File Path                           PID    Runtime      # DAGs    # Errors  Last Runtime    Last Run
----------------------------------  -----  ---------  --------  ----------  --------------  -------------------
/opt/airflow/dags/meteorisk_dag.py                           1           0  0.30s           2026-09-18T09:27:56
================================================================================
[2026-09-18T09:28:50.694+0000] {manager.py:737} INFO - Searching for files in /opt/airflow/dags
[2026-09-18T09:28:50.772+0000] {manager.py:740} INFO - There are 1 files in /opt/airflow/dags
[2026-09-18T09:28:54.493+0000] {manager.py:878} INFO - 
================================================================================
DAG File Processing Stats

File Path                           PID    Runtime      # DAGs    # Errors  Last Runtime    Last Run
----------------------------------  -----  ---------  --------  ----------  --------------  -------------------
/opt/airflow/dags/meteorisk_dag.py                           1           0  0.32s           2026-09-18T09:28:27
================================================================================
[2026-09-18T09:29:24.788+0000] {manager.py:878} INFO - 
================================================================================
DAG File Processing Stats

File Path                           PID    Runtime      # DAGs    # Errors  Last Runtime    Last Run
----------------------------------  -----  ---------  --------  ----------  --------------  -------------------
/opt/airflow/dags/meteorisk_dag.py                           1           0  0.29s           2026-09-18T09:28:57
================================================================================
[2026-09-18T09:29:55.454+0000] {manager.py:878} INFO - 
================================================================================
DAG File Processing Stats

File Path                           PID    Runtime      # DAGs    # Errors  Last Runtime    Last Run
----------------------------------  -----  ---------  --------  ----------  --------------  -------------------
/opt/airflow/dags/meteorisk_dag.py                           1           0  0.27s           2026-09-18T09:29:28
================================================================================
[2026-09-18T09:30:25.673+0000] {manager.py:878} INFO - 
================================================================================
DAG File Processing Stats

File Path                           PID    Runtime      # DAGs    # Errors  Last Runtime    Last Run
----------------------------------  -----  ---------  --------  ----------  --------------  -------------------
/opt/airflow/dags/meteorisk_dag.py                           1           0  0.22s           2026-09-18T09:29:58
================================================================================
[2026-09-18T09:30:56.125+0000] {manager.py:878} INFO - 
================================================================================
DAG File Processing Stats

File Path                           PID    Runtime      # DAGs    # Errors  Last Runtime    Last Run
----------------------------------  -----  ---------  --------  ----------  --------------  -------------------
/opt/airflow/dags/meteorisk_dag.py                           1           0  0.20s           2026-09-18T09:30:29
================================================================================
[2026-09-18T09:31:26.537+0000] {manager.py:878} INFO - 
================================================================================
DAG File Processing Stats

File Path                           PID    Runtime      # DAGs    # Errors  Last Runtime    Last Run
----------------------------------  -----  ---------  --------  ----------  --------------  -------------------
/opt/airflow/dags/meteorisk_dag.py                           1           0  0.23s           2026-09-18T09:30:59
================================================================================
[2026-09-18T09:31:56.983+0000] {manager.py:878} INFO - 
================================================================================
DAG File Processing Stats

File Path                           PID    Runtime      # DAGs    # Errors  Last Runtime    Last Run
----------------------------------  -----  ---------  --------  ----------  --------------  -------------------
/opt/airflow/dags/meteorisk_dag.py                           1           0  0.23s           2026-09-18T09:31:30
================================================================================
[2026-09-18T09:32:27.359+0000] {manager.py:878} INFO - 
================================================================================
DAG File Processing Stats

File Path                           PID    Runtime      # DAGs    # Errors  Last Runtime    Last Run
----------------------------------  -----  ---------  --------  ----------  --------------  -------------------
/opt/airflow/dags/meteorisk_dag.py                           1           0  0.19s           2026-09-18T09:32:00
================================================================================
[2026-09-18T09:32:57.586+0000] {manager.py:878} INFO - 
================================================================================
DAG File Processing Stats

File Path                           PID    Runtime      # DAGs    # Errors  Last Runtime    Last Run
----------------------------------  -----  ---------  --------  ----------  --------------  -------------------
/opt/airflow/dags/meteorisk_dag.py                           1           0  0.21s           2026-09-18T09:32:30
================================================================================
[2026-09-18T09:33:27.969+0000] {manager.py:878} INFO - 
================================================================================
DAG File Processing Stats

File Path                           PID    Runtime      # DAGs    # Errors  Last Runtime    Last Run
----------------------------------  -----  ---------  --------  ----------  --------------  -------------------
/opt/airflow/dags/meteorisk_dag.py                           1           0  0.21s           2026-09-18T09:33:00
================================================================================
[2026-09-18T09:33:51.112+0000] {manager.py:737} INFO - Searching for files in /opt/airflow/dags
[2026-09-18T09:33:51.142+0000] {manager.py:740} INFO - There are 1 files in /opt/airflow/dags
[2026-09-18T09:33:58.206+0000] {manager.py:878} INFO - 
================================================================================
DAG File Processing Stats

File Path                           PID    Runtime      # DAGs    # Errors  Last Runtime    Last Run
----------------------------------  -----  ---------  --------  ----------  --------------  -------------------
/opt/airflow/dags/meteorisk_dag.py                           1           0  0.21s           2026-09-18T09:33:31
================================================================================
[2026-09-18T09:34:28.543+0000] {manager.py:878} INFO - 
================================================================================
DAG File Processing Stats

File Path                           PID    Runtime      # DAGs    # Errors  Last Runtime    Last Run
----------------------------------  -----  ---------  --------  ----------  --------------  -------------------
/opt/airflow/dags/meteorisk_dag.py                           1           0  0.19s           2026-09-18T09:34:01
================================================================================
[2026-09-18T09:34:58.759+0000] {manager.py:878} INFO - 
================================================================================
DAG File Processing Stats

File Path                           PID    Runtime      # DAGs    # Errors  Last Runtime    Last Run
----------------------------------  -----  ---------  --------  ----------  --------------  -------------------
/opt/airflow/dags/meteorisk_dag.py                           1           0  0.19s           2026-09-18T09:34:31
================================================================================
[2026-09-18T09:35:29.072+0000] {manager.py:878} INFO - 
================================================================================
DAG File Processing Stats

File Path                           PID    Runtime      # DAGs    # Errors  Last Runtime    Last Run
----------------------------------  -----  ---------  --------  ----------  --------------  -------------------
/opt/airflow/dags/meteorisk_dag.py                           1           0  0.25s           2026-09-18T09:35:02
================================================================================
[2026-09-18T09:35:59.324+0000] {manager.py:878} INFO - 
================================================================================
DAG File Processing Stats

File Path                           PID    Runtime      # DAGs    # Errors  Last Runtime    Last Run
----------------------------------  -----  ---------  --------  ----------  --------------  -------------------
/opt/airflow/dags/meteorisk_dag.py                           1           0  0.22s           2026-09-18T09:35:32
================================================================================
[2026-09-18T09:36:29.680+0000] {manager.py:878} INFO - 
================================================================================
DAG File Processing Stats

File Path                           PID    Runtime      # DAGs    # Errors  Last Runtime    Last Run
----------------------------------  -----  ---------  --------  ----------  --------------  -------------------
/opt/airflow/dags/meteorisk_dag.py                           1           0  0.19s           2026-09-18T09:36:02
================================================================================
[2026-09-18T09:36:59.924+0000] {manager.py:878} INFO - 
================================================================================
DAG File Processing Stats

File Path                           PID    Runtime      # DAGs    # Errors  Last Runtime    Last Run
----------------------------------  -----  ---------  --------  ----------  --------------  -------------------
/opt/airflow/dags/meteorisk_dag.py                           1           0  0.23s           2026-09-18T09:36:32
================================================================================
[2026-09-18T09:37:30.311+0000] {manager.py:878} INFO - 
================================================================================
DAG File Processing Stats

File Path                           PID    Runtime      # DAGs    # Errors  Last Runtime    Last Run
----------------------------------  -----  ---------  --------  ----------  --------------  -------------------
/opt/airflow/dags/meteorisk_dag.py                           1           0  0.19s           2026-09-18T09:37:03
================================================================================
[2026-09-18T09:38:00.557+0000] {manager.py:878} INFO - 
================================================================================
DAG File Processing Stats

File Path                           PID    Runtime      # DAGs    # Errors  Last Runtime    Last Run
----------------------------------  -----  ---------  --------  ----------  --------------  -------------------
/opt/airflow/dags/meteorisk_dag.py                           1           0  0.20s           2026-09-18T09:37:33
================================================================================
[2026-09-18T09:38:30.936+0000] {manager.py:878} INFO - 
================================================================================
DAG File Processing Stats

File Path                           PID    Runtime      # DAGs    # Errors  Last Runtime    Last Run
----------------------------------  -----  ---------  --------  ----------  --------------  -------------------
/opt/airflow/dags/meteorisk_dag.py                           1           0  0.29s           2026-09-18T09:38:03
================================================================================
[2026-09-18T09:38:51.127+0000] {manager.py:737} INFO - Searching for files in /opt/airflow/dags
[2026-09-18T09:38:51.168+0000] {manager.py:740} INFO - There are 1 files in /opt/airflow/dags
[2026-09-18T09:39:01.268+0000] {manager.py:878} INFO - 
================================================================================
DAG File Processing Stats

File Path                           PID    Runtime      # DAGs    # Errors  Last Runtime    Last Run
----------------------------------  -----  ---------  --------  ----------  --------------  -------------------
/opt/airflow/dags/meteorisk_dag.py                           1           0  0.21s           2026-09-18T09:38:34
================================================================================
[2026-09-18T09:39:31.444+0000] {manager.py:878} INFO - 
================================================================================
DAG File Processing Stats

File Path                           PID    Runtime      # DAGs    # Errors  Last Runtime    Last Run
----------------------------------  -----  ---------  --------  ----------  --------------  -------------------
/opt/airflow/dags/meteorisk_dag.py                           1           0  0.21s           2026-09-18T09:39:04
================================================================================
[2026-09-18T09:40:01.854+0000] {manager.py:878} INFO - 
================================================================================
DAG File Processing Stats

File Path                           PID    Runtime      # DAGs    # Errors  Last Runtime    Last Run
----------------------------------  -----  ---------  --------  ----------  --------------  -------------------
/opt/airflow/dags/meteorisk_dag.py                           1           0  0.20s           2026-09-18T09:39:34
================================================================================
[2026-09-18T09:40:32.256+0000] {manager.py:878} INFO - 
================================================================================
DAG File Processing Stats

File Path                           PID    Runtime      # DAGs    # Errors  Last Runtime    Last Run
----------------------------------  -----  ---------  --------  ----------  --------------  -------------------
/opt/airflow/dags/meteorisk_dag.py                           1           0  0.21s           2026-09-18T09:40:05
================================================================================
[2026-09-18T09:41:02.507+0000] {manager.py:878} INFO - 
================================================================================
DAG File Processing Stats

File Path                           PID    Runtime      # DAGs    # Errors  Last Runtime    Last Run
----------------------------------  -----  ---------  --------  ----------  --------------  -------------------
/opt/airflow/dags/meteorisk_dag.py                           1           0  0.21s           2026-09-18T09:40:35
================================================================================
[2026-09-18T09:41:32.858+0000] {manager.py:878} INFO - 
================================================================================
DAG File Processing Stats

File Path                           PID    Runtime      # DAGs    # Errors  Last Runtime    Last Run
----------------------------------  -----  ---------  --------  ----------  --------------  -------------------
/opt/airflow/dags/meteorisk_dag.py                           1           0  0.20s           2026-09-18T09:41:05
================================================================================
[2026-09-18T09:42:03.062+0000] {manager.py:878} INFO - 
================================================================================
DAG File Processing Stats

File Path                           PID    Runtime      # DAGs    # Errors  Last Runtime    Last Run
----------------------------------  -----  ---------  --------  ----------  --------------  -------------------
/opt/airflow/dags/meteorisk_dag.py                           1           0  0.22s           2026-09-18T09:41:36
================================================================================
[2026-09-18T09:42:33.469+0000] {manager.py:878} INFO - 
================================================================================
DAG File Processing Stats

File Path                           PID    Runtime      # DAGs    # Errors  Last Runtime    Last Run
----------------------------------  -----  ---------  --------  ----------  --------------  -------------------
/opt/airflow/dags/meteorisk_dag.py                           1           0  0.20s           2026-09-18T09:42:06
================================================================================
[2026-09-18T09:43:03.852+0000] {manager.py:878} INFO - 
================================================================================
DAG File Processing Stats

File Path                           PID    Runtime      # DAGs    # Errors  Last Runtime    Last Run
----------------------------------  -----  ---------  --------  ----------  --------------  -------------------
/opt/airflow/dags/meteorisk_dag.py                           1           0  0.24s           2026-09-18T09:42:36
================================================================================
[2026-09-18T09:43:34.172+0000] {manager.py:878} INFO - 
================================================================================
DAG File Processing Stats

File Path                           PID    Runtime      # DAGs    # Errors  Last Runtime    Last Run
----------------------------------  -----  ---------  --------  ----------  --------------  -------------------
/opt/airflow/dags/meteorisk_dag.py                           1           0  0.20s           2026-09-18T09:43:07
================================================================================
[2026-09-18T09:43:51.306+0000] {manager.py:737} INFO - Searching for files in /opt/airflow/dags
[2026-09-18T09:43:51.356+0000] {manager.py:740} INFO - There are 1 files in /opt/airflow/dags
[2026-09-18T09:44:04.475+0000] {manager.py:878} INFO - 
================================================================================
DAG File Processing Stats

File Path                           PID    Runtime      # DAGs    # Errors  Last Runtime    Last Run
----------------------------------  -----  ---------  --------  ----------  --------------  -------------------
/opt/airflow/dags/meteorisk_dag.py                           1           0  0.20s           2026-09-18T09:43:37
================================================================================
[2026-09-18T09:44:34.807+0000] {manager.py:878} INFO - 
================================================================================
DAG File Processing Stats

File Path                           PID    Runtime      # DAGs    # Errors  Last Runtime    Last Run
----------------------------------  -----  ---------  --------  ----------  --------------  -------------------
/opt/airflow/dags/meteorisk_dag.py                           1           0  0.23s           2026-09-18T09:44:07
================================================================================
[2026-09-18T09:45:05.116+0000] {manager.py:878} INFO - 
================================================================================
DAG File Processing Stats

File Path                           PID    Runtime      # DAGs    # Errors  Last Runtime    Last Run
----------------------------------  -----  ---------  --------  ----------  --------------  -------------------
/opt/airflow/dags/meteorisk_dag.py                           1           0  0.18s           2026-09-18T09:44:38
================================================================================
[2026-09-18T09:45:35.396+0000] {manager.py:878} INFO - 
================================================================================
DAG File Processing Stats

File Path                           PID    Runtime      # DAGs    # Errors  Last Runtime    Last Run
----------------------------------  -----  ---------  --------  ----------  --------------  -------------------
/opt/airflow/dags/meteorisk_dag.py                           1           0  0.21s           2026-09-18T09:45:08
================================================================================
[2026-09-18T09:46:05.712+0000] {manager.py:878} INFO - 
================================================================================
DAG File Processing Stats

File Path                           PID    Runtime      # DAGs    # Errors  Last Runtime    Last Run
----------------------------------  -----  ---------  --------  ----------  --------------  -------------------
/opt/airflow/dags/meteorisk_dag.py                           1           0  0.19s           2026-09-18T09:45:38
================================================================================
[2026-09-18T09:46:35.995+0000] {manager.py:878} INFO - 
================================================================================
DAG File Processing Stats

File Path                           PID    Runtime      # DAGs    # Errors  Last Runtime    Last Run
----------------------------------  -----  ---------  --------  ----------  --------------  -------------------
/opt/airflow/dags/meteorisk_dag.py                           1           0  0.21s           2026-09-18T09:46:08
================================================================================
[2026-09-18T09:47:06.335+0000] {manager.py:878} INFO - 
================================================================================
DAG File Processing Stats

File Path                           PID    Runtime      # DAGs    # Errors  Last Runtime    Last Run
----------------------------------  -----  ---------  --------  ----------  --------------  -------------------
/opt/airflow/dags/meteorisk_dag.py                           1           0  0.19s           2026-09-18T09:46:39
================================================================================
[2026-09-18T09:47:36.580+0000] {manager.py:878} INFO - 
================================================================================
DAG File Processing Stats

File Path                           PID    Runtime      # DAGs    # Errors  Last Runtime    Last Run
----------------------------------  -----  ---------  --------  ----------  --------------  -------------------
/opt/airflow/dags/meteorisk_dag.py                           1           0  0.25s           2026-09-18T09:47:09
================================================================================
[2026-09-18T09:48:07.185+0000] {manager.py:878} INFO - 
================================================================================
DAG File Processing Stats

File Path                           PID    Runtime      # DAGs    # Errors  Last Runtime    Last Run
----------------------------------  -----  ---------  --------  ----------  --------------  -------------------
/opt/airflow/dags/meteorisk_dag.py                           1           0  0.21s           2026-09-18T09:47:40
================================================================================
[2026-09-18T09:48:37.641+0000] {manager.py:878} INFO - 
================================================================================
DAG File Processing Stats

File Path                           PID    Runtime      # DAGs    # Errors  Last Runtime    Last Run
----------------------------------  -----  ---------  --------  ----------  --------------  -------------------
/opt/airflow/dags/meteorisk_dag.py                           1           0  0.30s           2026-09-18T09:48:10
================================================================================
[2026-09-18T09:48:51.953+0000] {manager.py:737} INFO - Searching for files in /opt/airflow/dags
[2026-09-18T09:48:52.095+0000] {manager.py:740} INFO - There are 1 files in /opt/airflow/dags
[2026-09-18T09:49:08.324+0000] {manager.py:878} INFO - 
================================================================================
DAG File Processing Stats

File Path                           PID    Runtime      # DAGs    # Errors  Last Runtime    Last Run
----------------------------------  -----  ---------  --------  ----------  --------------  -------------------
/opt/airflow/dags/meteorisk_dag.py                           1           0  0.30s           2026-09-18T09:48:41
================================================================================
[2026-09-18T09:49:38.674+0000] {manager.py:878} INFO - 
================================================================================
DAG File Processing Stats

File Path                           PID    Runtime      # DAGs    # Errors  Last Runtime    Last Run
----------------------------------  -----  ---------  --------  ----------  --------------  -------------------
/opt/airflow/dags/meteorisk_dag.py                           1           0  0.25s           2026-09-18T09:49:11
================================================================================
[2026-09-18T09:50:09.178+0000] {manager.py:878} INFO - 
================================================================================
DAG File Processing Stats

File Path                           PID    Runtime      # DAGs    # Errors  Last Runtime    Last Run
----------------------------------  -----  ---------  --------  ----------  --------------  -------------------
/opt/airflow/dags/meteorisk_dag.py                           1           0  0.26s           2026-09-18T09:49:41
================================================================================
[2026-09-18T09:50:39.559+0000] {manager.py:878} INFO - 
================================================================================
DAG File Processing Stats

File Path                           PID    Runtime      # DAGs    # Errors  Last Runtime    Last Run
----------------------------------  -----  ---------  --------  ----------  --------------  -------------------
/opt/airflow/dags/meteorisk_dag.py                           1           0  0.34s           2026-09-18T09:50:12
================================================================================
[2026-09-18T09:51:10.146+0000] {manager.py:878} INFO - 
================================================================================
DAG File Processing Stats

File Path                           PID    Runtime      # DAGs    # Errors  Last Runtime    Last Run
----------------------------------  -----  ---------  --------  ----------  --------------  -------------------
/opt/airflow/dags/meteorisk_dag.py                           1           0  0.25s           2026-09-18T09:50:42
================================================================================
[2026-09-18T09:51:40.531+0000] {manager.py:878} INFO - 
================================================================================
DAG File Processing Stats

File Path                           PID    Runtime      # DAGs    # Errors  Last Runtime    Last Run
----------------------------------  -----  ---------  --------  ----------  --------------  -------------------
/opt/airflow/dags/meteorisk_dag.py                           1           0  0.30s           2026-09-18T09:51:13
================================================================================
[2026-09-18T09:52:11.065+0000] {manager.py:878} INFO - 
================================================================================
DAG File Processing Stats

File Path                           PID    Runtime      # DAGs    # Errors  Last Runtime    Last Run
----------------------------------  -----  ---------  --------  ----------  --------------  -------------------
/opt/airflow/dags/meteorisk_dag.py                           1           0  0.31s           2026-09-18T09:51:43
================================================================================
[2026-09-18T09:52:41.462+0000] {manager.py:878} INFO - 
================================================================================
DAG File Processing Stats

File Path                           PID    Runtime      # DAGs    # Errors  Last Runtime    Last Run
----------------------------------  -----  ---------  --------  ----------  --------------  -------------------
/opt/airflow/dags/meteorisk_dag.py                           1           0  0.29s           2026-09-18T09:52:14
================================================================================
[2026-09-18T09:53:11.895+0000] {manager.py:878} INFO - 
================================================================================
DAG File Processing Stats

File Path                           PID    Runtime      # DAGs    # Errors  Last Runtime    Last Run
----------------------------------  -----  ---------  --------  ----------  --------------  -------------------
/opt/airflow/dags/meteorisk_dag.py                           1           0  0.21s           2026-09-18T09:52:44
================================================================================
[2026-09-18T09:53:42.153+0000] {manager.py:878} INFO - 
================================================================================
DAG File Processing Stats

File Path                           PID    Runtime      # DAGs    # Errors  Last Runtime    Last Run
----------------------------------  -----  ---------  --------  ----------  --------------  -------------------
/opt/airflow/dags/meteorisk_dag.py                           1           0  0.21s           2026-09-18T09:53:15
================================================================================
[2026-09-18T09:53:52.365+0000] {manager.py:737} INFO - Searching for files in /opt/airflow/dags
[2026-09-18T09:53:52.416+0000] {manager.py:740} INFO - There are 1 files in /opt/airflow/dags
[2026-09-18T09:54:12.597+0000] {manager.py:878} INFO - 
================================================================================
DAG File Processing Stats

File Path                           PID    Runtime      # DAGs    # Errors  Last Runtime    Last Run
----------------------------------  -----  ---------  --------  ----------  --------------  -------------------
/opt/airflow/dags/meteorisk_dag.py                           1           0  0.21s           2026-09-18T09:53:45
================================================================================
[2026-09-18T09:54:42.870+0000] {manager.py:878} INFO - 
================================================================================
DAG File Processing Stats

File Path                           PID    Runtime      # DAGs    # Errors  Last Runtime    Last Run
----------------------------------  -----  ---------  --------  ----------  --------------  -------------------
/opt/airflow/dags/meteorisk_dag.py                           1           0  0.29s           2026-09-18T09:54:15
================================================================================
[2026-09-18T09:55:13.426+0000] {manager.py:878} INFO - 
================================================================================
DAG File Processing Stats

File Path                           PID    Runtime      # DAGs    # Errors  Last Runtime    Last Run
----------------------------------  -----  ---------  --------  ----------  --------------  -------------------
/opt/airflow/dags/meteorisk_dag.py                           1           0  0.22s           2026-09-18T09:54:46
================================================================================
[2026-09-18T09:55:43.890+0000] {manager.py:878} INFO - 
================================================================================
DAG File Processing Stats

File Path                           PID    Runtime      # DAGs    # Errors  Last Runtime    Last Run
----------------------------------  -----  ---------  --------  ----------  --------------  -------------------
/opt/airflow/dags/meteorisk_dag.py                           1           0  0.25s           2026-09-18T09:55:16
================================================================================
[2026-09-18T09:56:14.143+0000] {manager.py:878} INFO - 
================================================================================
DAG File Processing Stats

File Path                           PID    Runtime      # DAGs    # Errors  Last Runtime    Last Run
----------------------------------  -----  ---------  --------  ----------  --------------  -------------------
/opt/airflow/dags/meteorisk_dag.py                           1           0  0.23s           2026-09-18T09:55:47
================================================================================
[2026-09-18T09:56:44.569+0000] {manager.py:878} INFO - 
================================================================================
DAG File Processing Stats

File Path                           PID    Runtime      # DAGs    # Errors  Last Runtime    Last Run
----------------------------------  -----  ---------  --------  ----------  --------------  -------------------
/opt/airflow/dags/meteorisk_dag.py                           1           0  0.20s           2026-09-18T09:56:17
================================================================================
[2026-09-18T09:57:14.854+0000] {manager.py:878} INFO - 
================================================================================
DAG File Processing Stats

File Path                           PID    Runtime      # DAGs    # Errors  Last Runtime    Last Run
----------------------------------  -----  ---------  --------  ----------  --------------  -------------------
/opt/airflow/dags/meteorisk_dag.py                           1           0  0.27s           2026-09-18T09:56:47
================================================================================
[2026-09-18T09:57:45.356+0000] {manager.py:878} INFO - 
================================================================================
DAG File Processing Stats

File Path                           PID    Runtime      # DAGs    # Errors  Last Runtime    Last Run
----------------------------------  -----  ---------  --------  ----------  --------------  -------------------
/opt/airflow/dags/meteorisk_dag.py                           1           0  0.22s           2026-09-18T09:57:18
================================================================================
[2026-09-18T09:58:15.814+0000] {manager.py:878} INFO - 
================================================================================
DAG File Processing Stats

File Path                           PID    Runtime      # DAGs    # Errors  Last Runtime    Last Run
----------------------------------  -----  ---------  --------  ----------  --------------  -------------------
/opt/airflow/dags/meteorisk_dag.py                           1           0  0.37s           2026-09-18T09:57:48
================================================================================
[2026-09-18T09:58:46.211+0000] {manager.py:878} INFO - 
================================================================================
DAG File Processing Stats

File Path                           PID    Runtime      # DAGs    # Errors  Last Runtime    Last Run
----------------------------------  -----  ---------  --------  ----------  --------------  -------------------
/opt/airflow/dags/meteorisk_dag.py                           1           0  0.22s           2026-09-18T09:58:19
================================================================================
[2026-09-18T09:58:52.465+0000] {manager.py:737} INFO - Searching for files in /opt/airflow/dags
[2026-09-18T09:58:52.503+0000] {manager.py:740} INFO - There are 1 files in /opt/airflow/dags
[2026-09-18T09:59:16.478+0000] {manager.py:878} INFO - 
================================================================================
DAG File Processing Stats

File Path                           PID    Runtime      # DAGs    # Errors  Last Runtime    Last Run
----------------------------------  -----  ---------  --------  ----------  --------------  -------------------
/opt/airflow/dags/meteorisk_dag.py                           1           0  0.19s           2026-09-18T09:58:49
================================================================================
[2026-09-18T09:59:46.931+0000] {manager.py:878} INFO - 
================================================================================
DAG File Processing Stats

File Path                           PID    Runtime      # DAGs    # Errors  Last Runtime    Last Run
----------------------------------  -----  ---------  --------  ----------  --------------  -------------------
/opt/airflow/dags/meteorisk_dag.py                           1           0  0.26s           2026-09-18T09:59:19
================================================================================
[2026-09-18T10:00:17.213+0000] {manager.py:878} INFO - 
================================================================================
DAG File Processing Stats

File Path                           PID    Runtime      # DAGs    # Errors  Last Runtime    Last Run
----------------------------------  -----  ---------  --------  ----------  --------------  -------------------
/opt/airflow/dags/meteorisk_dag.py                           1           0  0.23s           2026-09-18T09:59:50
================================================================================
[2026-09-18T10:00:47.646+0000] {manager.py:878} INFO - 
================================================================================
DAG File Processing Stats

File Path                           PID    Runtime      # DAGs    # Errors  Last Runtime    Last Run
----------------------------------  -----  ---------  --------  ----------  --------------  -------------------
/opt/airflow/dags/meteorisk_dag.py                           1           0  0.30s           2026-09-18T10:00:20
================================================================================
[2026-09-18T10:01:17.993+0000] {manager.py:878} INFO - 
================================================================================
DAG File Processing Stats

File Path                           PID    Runtime      # DAGs    # Errors  Last Runtime    Last Run
----------------------------------  -----  ---------  --------  ----------  --------------  -------------------
/opt/airflow/dags/meteorisk_dag.py                           1           0  0.21s           2026-09-18T10:00:50
================================================================================
[2026-09-18T10:01:48.312+0000] {manager.py:878} INFO - 
================================================================================
DAG File Processing Stats

File Path                           PID    Runtime      # DAGs    # Errors  Last Runtime    Last Run
----------------------------------  -----  ---------  --------  ----------  --------------  -------------------
/opt/airflow/dags/meteorisk_dag.py                           1           0  0.24s           2026-09-18T10:01:21
================================================================================
[2026-09-18T10:02:18.681+0000] {manager.py:878} INFO - 
================================================================================
DAG File Processing Stats

File Path                           PID    Runtime      # DAGs    # Errors  Last Runtime    Last Run
----------------------------------  -----  ---------  --------  ----------  --------------  -------------------
/opt/airflow/dags/meteorisk_dag.py                           1           0  0.22s           2026-09-18T10:01:51
================================================================================
[2026-09-18T10:02:48.989+0000] {manager.py:878} INFO - 
================================================================================
DAG File Processing Stats

File Path                           PID    Runtime      # DAGs    # Errors  Last Runtime    Last Run
----------------------------------  -----  ---------  --------  ----------  --------------  -------------------
/opt/airflow/dags/meteorisk_dag.py                           1           0  0.26s           2026-09-18T10:02:21
================================================================================
[2026-09-18T10:03:19.426+0000] {manager.py:878} INFO - 
================================================================================
DAG File Processing Stats

File Path                           PID    Runtime      # DAGs    # Errors  Last Runtime    Last Run
----------------------------------  -----  ---------  --------  ----------  --------------  -------------------
/opt/airflow/dags/meteorisk_dag.py                           1           0  0.24s           2026-09-18T10:02:52
================================================================================
[2026-09-18T10:03:49.695+0000] {manager.py:878} INFO - 
================================================================================
DAG File Processing Stats

File Path                           PID    Runtime      # DAGs    # Errors  Last Runtime    Last Run
----------------------------------  -----  ---------  --------  ----------  --------------  -------------------
/opt/airflow/dags/meteorisk_dag.py                           1           0  0.22s           2026-09-18T10:03:22
================================================================================
[2026-09-18T10:03:52.720+0000] {manager.py:737} INFO - Searching for files in /opt/airflow/dags
[2026-09-18T10:03:52.759+0000] {manager.py:740} INFO - There are 1 files in /opt/airflow/dags
[2026-09-18T10:04:20.112+0000] {manager.py:878} INFO - 
================================================================================
DAG File Processing Stats

File Path                           PID    Runtime      # DAGs    # Errors  Last Runtime    Last Run
----------------------------------  -----  ---------  --------  ----------  --------------  -------------------
/opt/airflow/dags/meteorisk_dag.py                           1           0  0.20s           2026-09-18T10:03:52
================================================================================
[2026-09-18T10:04:50.456+0000] {manager.py:878} INFO - 
================================================================================
DAG File Processing Stats

File Path                           PID    Runtime      # DAGs    # Errors  Last Runtime    Last Run
----------------------------------  -----  ---------  --------  ----------  --------------  -------------------
/opt/airflow/dags/meteorisk_dag.py                           1           0  0.27s           2026-09-18T10:04:23
================================================================================
[2026-09-18T10:05:20.855+0000] {manager.py:878} INFO - 
================================================================================
DAG File Processing Stats

File Path                           PID    Runtime      # DAGs    # Errors  Last Runtime    Last Run
----------------------------------  -----  ---------  --------  ----------  --------------  -------------------
/opt/airflow/dags/meteorisk_dag.py                           1           0  0.22s           2026-09-18T10:04:53
================================================================================
[2026-09-18T10:05:51.168+0000] {manager.py:878} INFO - 
================================================================================
DAG File Processing Stats

File Path                           PID    Runtime      # DAGs    # Errors  Last Runtime    Last Run
----------------------------------  -----  ---------  --------  ----------  --------------  -------------------
/opt/airflow/dags/meteorisk_dag.py                           1           0  0.19s           2026-09-18T10:05:24
================================================================================
[2026-09-18T10:06:21.523+0000] {manager.py:878} INFO - 
================================================================================
DAG File Processing Stats

File Path                           PID    Runtime      # DAGs    # Errors  Last Runtime    Last Run
----------------------------------  -----  ---------  --------  ----------  --------------  -------------------
/opt/airflow/dags/meteorisk_dag.py                           1           0  0.21s           2026-09-18T10:05:54
================================================================================
[2026-09-18T10:06:51.889+0000] {manager.py:878} INFO - 
================================================================================
DAG File Processing Stats

File Path                           PID    Runtime      # DAGs    # Errors  Last Runtime    Last Run
----------------------------------  -----  ---------  --------  ----------  --------------  -------------------
/opt/airflow/dags/meteorisk_dag.py                           1           0  0.41s           2026-09-18T10:06:24
================================================================================
[2026-09-18T10:07:21.958+0000] {manager.py:878} INFO - 
================================================================================
DAG File Processing Stats

File Path                           PID    Runtime      # DAGs    # Errors  Last Runtime    Last Run
----------------------------------  -----  ---------  --------  ----------  --------------  -------------------
/opt/airflow/dags/meteorisk_dag.py                           1           0  0.38s           2026-09-18T10:06:55
================================================================================
[2026-09-18T10:07:52.257+0000] {manager.py:878} INFO - 
================================================================================
DAG File Processing Stats

File Path                           PID    Runtime      # DAGs    # Errors  Last Runtime    Last Run
----------------------------------  -----  ---------  --------  ----------  --------------  -------------------
/opt/airflow/dags/meteorisk_dag.py                           1           0  0.28s           2026-09-18T10:07:26
================================================================================
[2026-09-18T10:08:22.603+0000] {manager.py:878} INFO - 
================================================================================
DAG File Processing Stats

File Path                           PID    Runtime      # DAGs    # Errors  Last Runtime    Last Run
----------------------------------  -----  ---------  --------  ----------  --------------  -------------------
/opt/airflow/dags/meteorisk_dag.py                           1           0  0.23s           2026-09-18T10:07:56
================================================================================
[2026-09-18T10:08:53.039+0000] {manager.py:737} INFO - Searching for files in /opt/airflow/dags
[2026-09-18T10:08:53.162+0000] {manager.py:740} INFO - There are 1 files in /opt/airflow/dags
[2026-09-18T10:08:53.203+0000] {manager.py:878} INFO - 
================================================================================
DAG File Processing Stats

File Path                           PID    Runtime      # DAGs    # Errors  Last Runtime    Last Run
----------------------------------  -----  ---------  --------  ----------  --------------  -------------------
/opt/airflow/dags/meteorisk_dag.py                           1           0  0.26s           2026-09-18T10:08:26
================================================================================
[2026-09-18T10:09:23.618+0000] {manager.py:878} INFO - 
================================================================================
DAG File Processing Stats

File Path                           PID    Runtime      # DAGs    # Errors  Last Runtime    Last Run
----------------------------------  -----  ---------  --------  ----------  --------------  -------------------
/opt/airflow/dags/meteorisk_dag.py                           1           0  0.24s           2026-09-18T10:08:57
================================================================================
[2026-09-18T10:09:54.089+0000] {manager.py:878} INFO - 
================================================================================
DAG File Processing Stats

File Path                           PID    Runtime      # DAGs    # Errors  Last Runtime    Last Run
----------------------------------  -----  ---------  --------  ----------  --------------  -------------------
/opt/airflow/dags/meteorisk_dag.py                           1           0  0.24s           2026-09-18T10:09:27
================================================================================
[2026-09-18T10:10:24.426+0000] {manager.py:878} INFO - 
================================================================================
DAG File Processing Stats

File Path                           PID    Runtime      # DAGs    # Errors  Last Runtime    Last Run
----------------------------------  -----  ---------  --------  ----------  --------------  -------------------
/opt/airflow/dags/meteorisk_dag.py                           1           0  0.28s           2026-09-18T10:09:58
================================================================================
[2026-09-18T10:10:54.740+0000] {manager.py:878} INFO - 
================================================================================
DAG File Processing Stats

File Path                           PID    Runtime      # DAGs    # Errors  Last Runtime    Last Run
----------------------------------  -----  ---------  --------  ----------  --------------  -------------------
/opt/airflow/dags/meteorisk_dag.py                           1           0  0.22s           2026-09-18T10:10:28
================================================================================
[2026-09-18T10:11:25.288+0000] {manager.py:878} INFO - 
================================================================================
DAG File Processing Stats

File Path                           PID    Runtime      # DAGs    # Errors  Last Runtime    Last Run
----------------------------------  -----  ---------  --------  ----------  --------------  -------------------
/opt/airflow/dags/meteorisk_dag.py                           1           0  0.26s           2026-09-18T10:10:59
================================================================================
[2026-09-18T10:11:55.639+0000] {manager.py:878} INFO - 
================================================================================
DAG File Processing Stats

File Path                           PID    Runtime      # DAGs    # Errors  Last Runtime    Last Run
----------------------------------  -----  ---------  --------  ----------  --------------  -------------------
/opt/airflow/dags/meteorisk_dag.py                           1           0  0.28s           2026-09-18T10:11:29
================================================================================
[2026-09-18T10:12:26.288+0000] {manager.py:878} INFO - 
================================================================================
DAG File Processing Stats

File Path                           PID    Runtime      # DAGs    # Errors  Last Runtime    Last Run
----------------------------------  -----  ---------  --------  ----------  --------------  -------------------
/opt/airflow/dags/meteorisk_dag.py                           1           0  0.34s           2026-09-18T10:12:00
================================================================================
[2026-09-18T10:12:56.670+0000] {manager.py:878} INFO - 
================================================================================
DAG File Processing Stats

File Path                           PID    Runtime      # DAGs    # Errors  Last Runtime    Last Run
----------------------------------  -----  ---------  --------  ----------  --------------  -------------------
/opt/airflow/dags/meteorisk_dag.py                           1           0  0.32s           2026-09-18T10:12:30
================================================================================
[2026-09-18T10:13:27.351+0000] {manager.py:878} INFO - 
================================================================================
DAG File Processing Stats

File Path                           PID    Runtime      # DAGs    # Errors  Last Runtime    Last Run
----------------------------------  -----  ---------  --------  ----------  --------------  -------------------
/opt/airflow/dags/meteorisk_dag.py                           1           0  0.38s           2026-09-18T10:13:01
================================================================================
[2026-09-18T10:13:53.701+0000] {manager.py:737} INFO - Searching for files in /opt/airflow/dags
[2026-09-18T10:13:53.747+0000] {manager.py:740} INFO - There are 1 files in /opt/airflow/dags
[2026-09-18T10:13:57.815+0000] {manager.py:878} INFO - 
================================================================================
DAG File Processing Stats

File Path                           PID    Runtime      # DAGs    # Errors  Last Runtime    Last Run
----------------------------------  -----  ---------  --------  ----------  --------------  -------------------
/opt/airflow/dags/meteorisk_dag.py                           1           0  0.28s           2026-09-18T10:13:31
================================================================================
[2026-09-18T10:14:28.261+0000] {manager.py:878} INFO - 
================================================================================
DAG File Processing Stats

File Path                           PID    Runtime      # DAGs    # Errors  Last Runtime    Last Run
----------------------------------  -----  ---------  --------  ----------  --------------  -------------------
/opt/airflow/dags/meteorisk_dag.py                           1           0  0.32s           2026-09-18T10:14:02
================================================================================
[2026-09-18T10:14:58.762+0000] {manager.py:878} INFO - 
================================================================================
DAG File Processing Stats

File Path                           PID    Runtime      # DAGs    # Errors  Last Runtime    Last Run
----------------------------------  -----  ---------  --------  ----------  --------------  -------------------
/opt/airflow/dags/meteorisk_dag.py                           1           0  0.31s           2026-09-18T10:14:32
================================================================================
[2026-09-18T10:15:29.218+0000] {manager.py:878} INFO - 
================================================================================
DAG File Processing Stats

File Path                           PID    Runtime      # DAGs    # Errors  Last Runtime    Last Run
----------------------------------  -----  ---------  --------  ----------  --------------  -------------------
/opt/airflow/dags/meteorisk_dag.py                           1           0  0.28s           2026-09-18T10:15:03
================================================================================
[2026-09-18T10:15:59.636+0000] {manager.py:878} INFO - 
================================================================================
DAG File Processing Stats

File Path                           PID    Runtime      # DAGs    # Errors  Last Runtime    Last Run
----------------------------------  -----  ---------  --------  ----------  --------------  -------------------
/opt/airflow/dags/meteorisk_dag.py                           1           0  0.27s           2026-09-18T10:15:33
================================================================================
[2026-09-18T10:16:30.038+0000] {manager.py:878} INFO - 
================================================================================
DAG File Processing Stats

File Path                           PID    Runtime      # DAGs    # Errors  Last Runtime    Last Run
----------------------------------  -----  ---------  --------  ----------  --------------  -------------------
/opt/airflow/dags/meteorisk_dag.py                           1           0  0.28s           2026-09-18T10:16:03
================================================================================
[2026-09-18T10:17:00.487+0000] {manager.py:878} INFO - 
================================================================================
DAG File Processing Stats

File Path                           PID    Runtime      # DAGs    # Errors  Last Runtime    Last Run
----------------------------------  -----  ---------  --------  ----------  --------------  -------------------
/opt/airflow/dags/meteorisk_dag.py                           1           0  0.23s           2026-09-18T10:16:34
================================================================================
[2026-09-18T10:17:30.785+0000] {manager.py:878} INFO - 
================================================================================
DAG File Processing Stats

File Path                           PID    Runtime      # DAGs    # Errors  Last Runtime    Last Run
----------------------------------  -----  ---------  --------  ----------  --------------  -------------------
/opt/airflow/dags/meteorisk_dag.py                           1           0  0.21s           2026-09-18T10:17:04
================================================================================
[2026-09-18T10:18:01.253+0000] {manager.py:878} INFO - 
================================================================================
DAG File Processing Stats

File Path                           PID    Runtime      # DAGs    # Errors  Last Runtime    Last Run
----------------------------------  -----  ---------  --------  ----------  --------------  -------------------
/opt/airflow/dags/meteorisk_dag.py                           1           0  0.26s           2026-09-18T10:17:35
================================================================================
[2026-09-18T10:18:31.606+0000] {manager.py:878} INFO - 
================================================================================
DAG File Processing Stats

File Path                           PID    Runtime      # DAGs    # Errors  Last Runtime    Last Run
----------------------------------  -----  ---------  --------  ----------  --------------  -------------------
/opt/airflow/dags/meteorisk_dag.py                           1           0  0.27s           2026-09-18T10:18:05
================================================================================
[2026-09-18T10:18:53.986+0000] {manager.py:737} INFO - Searching for files in /opt/airflow/dags
[2026-09-18T10:18:54.059+0000] {manager.py:740} INFO - There are 1 files in /opt/airflow/dags
[2026-09-18T10:19:02.161+0000] {manager.py:878} INFO - 
================================================================================
DAG File Processing Stats

File Path                           PID    Runtime      # DAGs    # Errors  Last Runtime    Last Run
----------------------------------  -----  ---------  --------  ----------  --------------  -------------------
/opt/airflow/dags/meteorisk_dag.py                           1           0  0.23s           2026-09-18T10:18:35
================================================================================
[2026-09-18T10:19:32.461+0000] {manager.py:878} INFO - 
================================================================================
DAG File Processing Stats

File Path                           PID    Runtime      # DAGs    # Errors  Last Runtime    Last Run
----------------------------------  -----  ---------  --------  ----------  --------------  -------------------
/opt/airflow/dags/meteorisk_dag.py                           1           0  0.20s           2026-09-18T10:19:06
================================================================================
[2026-09-18T10:20:02.906+0000] {manager.py:878} INFO - 
================================================================================
DAG File Processing Stats

File Path                           PID    Runtime      # DAGs    # Errors  Last Runtime    Last Run
----------------------------------  -----  ---------  --------  ----------  --------------  -------------------
/opt/airflow/dags/meteorisk_dag.py                           1           0  0.30s           2026-09-18T10:19:36
================================================================================
[2026-09-18T10:20:33.334+0000] {manager.py:878} INFO - 
================================================================================
DAG File Processing Stats

File Path                           PID    Runtime      # DAGs    # Errors  Last Runtime    Last Run
----------------------------------  -----  ---------  --------  ----------  --------------  -------------------
/opt/airflow/dags/meteorisk_dag.py                           1           0  0.32s           2026-09-18T10:20:07
================================================================================
[2026-09-18T10:21:03.831+0000] {manager.py:878} INFO - 
================================================================================
DAG File Processing Stats

File Path                           PID    Runtime      # DAGs    # Errors  Last Runtime    Last Run
----------------------------------  -----  ---------  --------  ----------  --------------  -------------------
/opt/airflow/dags/meteorisk_dag.py                           1           0  0.24s           2026-09-18T10:20:37
================================================================================
[2026-09-18T10:21:34.137+0000] {manager.py:878} INFO - 
================================================================================
DAG File Processing Stats

File Path                           PID    Runtime      # DAGs    # Errors  Last Runtime    Last Run
----------------------------------  -----  ---------  --------  ----------  --------------  -------------------
/opt/airflow/dags/meteorisk_dag.py                           1           0  0.26s           2026-09-18T10:21:08
================================================================================
[2026-09-18T10:22:04.661+0000] {manager.py:878} INFO - 
================================================================================
DAG File Processing Stats

File Path                           PID    Runtime      # DAGs    # Errors  Last Runtime    Last Run
----------------------------------  -----  ---------  --------  ----------  --------------  -------------------
/opt/airflow/dags/meteorisk_dag.py                           1           0  0.24s           2026-09-18T10:21:38
================================================================================
[2026-09-18T10:22:35.007+0000] {manager.py:878} INFO - 
================================================================================
DAG File Processing Stats

File Path                           PID    Runtime      # DAGs    # Errors  Last Runtime    Last Run
----------------------------------  -----  ---------  --------  ----------  --------------  -------------------
/opt/airflow/dags/meteorisk_dag.py                           1           0  0.28s           2026-09-18T10:22:09
================================================================================
[2026-09-18T10:23:05.538+0000] {manager.py:878} INFO - 
================================================================================
DAG File Processing Stats

File Path                           PID    Runtime      # DAGs    # Errors  Last Runtime    Last Run
----------------------------------  -----  ---------  --------  ----------  --------------  -------------------
/opt/airflow/dags/meteorisk_dag.py                           1           0  0.30s           2026-09-18T10:22:39
================================================================================
[2026-09-18T10:23:35.913+0000] {manager.py:878} INFO - 
================================================================================
DAG File Processing Stats

File Path                           PID    Runtime      # DAGs    # Errors  Last Runtime    Last Run
----------------------------------  -----  ---------  --------  ----------  --------------  -------------------
/opt/airflow/dags/meteorisk_dag.py                           1           0  0.27s           2026-09-18T10:23:09
================================================================================
[2026-09-18T10:23:54.280+0000] {manager.py:737} INFO - Searching for files in /opt/airflow/dags
[2026-09-18T10:23:54.402+0000] {manager.py:740} INFO - There are 1 files in /opt/airflow/dags
[2026-09-18T10:24:06.569+0000] {manager.py:878} INFO - 
================================================================================
DAG File Processing Stats

File Path                           PID    Runtime      # DAGs    # Errors  Last Runtime    Last Run
----------------------------------  -----  ---------  --------  ----------  --------------  -------------------
/opt/airflow/dags/meteorisk_dag.py                           1           0  0.30s           2026-09-18T10:23:40
================================================================================
[2026-09-18T10:24:36.888+0000] {manager.py:878} INFO - 
================================================================================
DAG File Processing Stats

File Path                           PID    Runtime      # DAGs    # Errors  Last Runtime    Last Run
----------------------------------  -----  ---------  --------  ----------  --------------  -------------------
/opt/airflow/dags/meteorisk_dag.py                           1           0  0.22s           2026-09-18T10:24:10
================================================================================
[2026-09-18T10:25:07.377+0000] {manager.py:878} INFO - 
================================================================================
DAG File Processing Stats

File Path                           PID    Runtime      # DAGs    # Errors  Last Runtime    Last Run
----------------------------------  -----  ---------  --------  ----------  --------------  -------------------
/opt/airflow/dags/meteorisk_dag.py                           1           0  0.24s           2026-09-18T10:24:41
================================================================================
[2026-09-18T10:25:37.674+0000] {manager.py:878} INFO - 
================================================================================
DAG File Processing Stats

File Path                           PID    Runtime      # DAGs    # Errors  Last Runtime    Last Run
----------------------------------  -----  ---------  --------  ----------  --------------  -------------------
/opt/airflow/dags/meteorisk_dag.py                           1           0  0.22s           2026-09-18T10:25:11
================================================================================
[2026-09-18T10:26:08.137+0000] {manager.py:878} INFO - 
================================================================================
DAG File Processing Stats

File Path                           PID    Runtime      # DAGs    # Errors  Last Runtime    Last Run
----------------------------------  -----  ---------  --------  ----------  --------------  -------------------
/opt/airflow/dags/meteorisk_dag.py                           1           0  0.21s           2026-09-18T10:25:41
================================================================================
[2026-09-18T10:26:38.493+0000] {manager.py:878} INFO - 
================================================================================
DAG File Processing Stats

File Path                           PID    Runtime      # DAGs    # Errors  Last Runtime    Last Run
----------------------------------  -----  ---------  --------  ----------  --------------  -------------------
/opt/airflow/dags/meteorisk_dag.py                           1           0  0.29s           2026-09-18T10:26:12
================================================================================
[2026-09-18T10:27:09.061+0000] {manager.py:878} INFO - 
================================================================================
DAG File Processing Stats

File Path                           PID    Runtime      # DAGs    # Errors  Last Runtime    Last Run
----------------------------------  -----  ---------  --------  ----------  --------------  -------------------
/opt/airflow/dags/meteorisk_dag.py                           1           0  0.27s           2026-09-18T10:26:42
================================================================================
[2026-09-18T10:27:39.367+0000] {manager.py:878} INFO - 
================================================================================
DAG File Processing Stats

File Path                           PID    Runtime      # DAGs    # Errors  Last Runtime    Last Run
----------------------------------  -----  ---------  --------  ----------  --------------  -------------------
/opt/airflow/dags/meteorisk_dag.py                           1           0  0.38s           2026-09-18T10:27:13
================================================================================
[2026-09-18T10:28:09.348+0000] {manager.py:878} INFO - 
================================================================================
DAG File Processing Stats

File Path                           PID    Runtime      # DAGs    # Errors  Last Runtime    Last Run
----------------------------------  -----  ---------  --------  ----------  --------------  -------------------
/opt/airflow/dags/meteorisk_dag.py                           1           0  0.28s           2026-09-18T10:27:44
================================================================================
[2026-09-18T10:28:39.625+0000] {manager.py:878} INFO - 
================================================================================
DAG File Processing Stats

File Path                           PID    Runtime      # DAGs    # Errors  Last Runtime    Last Run
----------------------------------  -----  ---------  --------  ----------  --------------  -------------------
/opt/airflow/dags/meteorisk_dag.py                           1           0  0.35s           2026-09-18T10:28:14
================================================================================
[2026-09-18T10:28:54.822+0000] {manager.py:737} INFO - Searching for files in /opt/airflow/dags
[2026-09-18T10:28:54.913+0000] {manager.py:740} INFO - There are 1 files in /opt/airflow/dags
[2026-09-18T10:29:10.107+0000] {manager.py:878} INFO - 
================================================================================
DAG File Processing Stats

File Path                           PID    Runtime      # DAGs    # Errors  Last Runtime    Last Run
----------------------------------  -----  ---------  --------  ----------  --------------  -------------------
/opt/airflow/dags/meteorisk_dag.py                           1           0  0.31s           2026-09-18T10:28:45
================================================================================
[2026-09-18T10:29:40.524+0000] {manager.py:878} INFO - 
================================================================================
DAG File Processing Stats

File Path                           PID    Runtime      # DAGs    # Errors  Last Runtime    Last Run
----------------------------------  -----  ---------  --------  ----------  --------------  -------------------
/opt/airflow/dags/meteorisk_dag.py                           1           0  0.28s           2026-09-18T10:29:15
================================================================================
[2026-09-18T10:30:11.032+0000] {manager.py:878} INFO - 
================================================================================
DAG File Processing Stats

File Path                           PID    Runtime      # DAGs    # Errors  Last Runtime    Last Run
----------------------------------  -----  ---------  --------  ----------  --------------  -------------------
/opt/airflow/dags/meteorisk_dag.py                           1           0  0.34s           2026-09-18T10:29:45
================================================================================
[2026-09-18T10:30:41.475+0000] {manager.py:878} INFO - 
================================================================================
DAG File Processing Stats

File Path                           PID    Runtime      # DAGs    # Errors  Last Runtime    Last Run
----------------------------------  -----  ---------  --------  ----------  --------------  -------------------
/opt/airflow/dags/meteorisk_dag.py                           1           0  0.30s           2026-09-18T10:30:16
================================================================================
[2026-09-18T10:31:11.921+0000] {manager.py:878} INFO - 
================================================================================
DAG File Processing Stats

File Path                           PID    Runtime      # DAGs    # Errors  Last Runtime    Last Run
----------------------------------  -----  ---------  --------  ----------  --------------  -------------------
/opt/airflow/dags/meteorisk_dag.py                           1           0  0.24s           2026-09-18T10:30:46
================================================================================
[2026-09-18T10:31:42.297+0000] {manager.py:878} INFO - 
================================================================================
DAG File Processing Stats

File Path                           PID    Runtime      # DAGs    # Errors  Last Runtime    Last Run
----------------------------------  -----  ---------  --------  ----------  --------------  -------------------
/opt/airflow/dags/meteorisk_dag.py                           1           0  0.20s           2026-09-18T10:31:17
================================================================================
[2026-09-18T10:32:12.715+0000] {manager.py:878} INFO - 
================================================================================
DAG File Processing Stats

File Path                           PID    Runtime      # DAGs    # Errors  Last Runtime    Last Run
----------------------------------  -----  ---------  --------  ----------  --------------  -------------------
/opt/airflow/dags/meteorisk_dag.py                           1           0  0.31s           2026-09-18T10:31:47
================================================================================
[2026-09-18T10:32:43.205+0000] {manager.py:878} INFO - 
================================================================================
DAG File Processing Stats

File Path                           PID    Runtime      # DAGs    # Errors  Last Runtime    Last Run
----------------------------------  -----  ---------  --------  ----------  --------------  -------------------
/opt/airflow/dags/meteorisk_dag.py                           1           0  0.26s           2026-09-18T10:32:18
================================================================================
[2026-09-18T10:33:13.575+0000] {manager.py:878} INFO - 
================================================================================
DAG File Processing Stats

File Path                           PID    Runtime      # DAGs    # Errors  Last Runtime    Last Run
----------------------------------  -----  ---------  --------  ----------  --------------  -------------------
/opt/airflow/dags/meteorisk_dag.py                           1           0  0.21s           2026-09-18T10:32:48
================================================================================
[2026-09-18T10:33:44.029+0000] {manager.py:878} INFO - 
================================================================================
DAG File Processing Stats

File Path                           PID    Runtime      # DAGs    # Errors  Last Runtime    Last Run
----------------------------------  -----  ---------  --------  ----------  --------------  -------------------
/opt/airflow/dags/meteorisk_dag.py                           1           0  0.22s           2026-09-18T10:33:18
================================================================================
[2026-09-18T10:33:55.172+0000] {manager.py:737} INFO - Searching for files in /opt/airflow/dags
[2026-09-18T10:33:55.228+0000] {manager.py:740} INFO - There are 1 files in /opt/airflow/dags
[2026-09-18T10:34:14.450+0000] {manager.py:878} INFO - 
================================================================================
DAG File Processing Stats

File Path                           PID    Runtime      # DAGs    # Errors  Last Runtime    Last Run
----------------------------------  -----  ---------  --------  ----------  --------------  -------------------
/opt/airflow/dags/meteorisk_dag.py                           1           0  0.25s           2026-09-18T10:33:49
================================================================================
[2026-09-18T10:34:44.915+0000] {manager.py:878} INFO - 
================================================================================
DAG File Processing Stats

File Path                           PID    Runtime      # DAGs    # Errors  Last Runtime    Last Run
----------------------------------  -----  ---------  --------  ----------  --------------  -------------------
/opt/airflow/dags/meteorisk_dag.py                           1           0  0.32s           2026-09-18T10:34:19
================================================================================
[2026-09-18T10:35:15.357+0000] {manager.py:878} INFO - 
================================================================================
DAG File Processing Stats

File Path                           PID    Runtime      # DAGs    # Errors  Last Runtime    Last Run
----------------------------------  -----  ---------  --------  ----------  --------------  -------------------
/opt/airflow/dags/meteorisk_dag.py                           1           0  0.32s           2026-09-18T10:34:50
================================================================================
[2026-09-18T10:35:45.797+0000] {manager.py:878} INFO - 
================================================================================
DAG File Processing Stats

File Path                           PID    Runtime      # DAGs    # Errors  Last Runtime    Last Run
----------------------------------  -----  ---------  --------  ----------  --------------  -------------------
/opt/airflow/dags/meteorisk_dag.py                           1           0  0.20s           2026-09-18T10:35:20
================================================================================
[2026-09-18T10:36:16.085+0000] {manager.py:878} INFO - 
================================================================================
DAG File Processing Stats

File Path                           PID    Runtime      # DAGs    # Errors  Last Runtime    Last Run
----------------------------------  -----  ---------  --------  ----------  --------------  -------------------
/opt/airflow/dags/meteorisk_dag.py                           1           0  0.16s           2026-09-18T10:35:51
================================================================================
[2026-09-18T10:36:46.466+0000] {manager.py:878} INFO - 
================================================================================
DAG File Processing Stats

File Path                           PID    Runtime      # DAGs    # Errors  Last Runtime    Last Run
----------------------------------  -----  ---------  --------  ----------  --------------  -------------------
/opt/airflow/dags/meteorisk_dag.py                           1           0  0.25s           2026-09-18T10:36:21
================================================================================
[2026-09-18T10:37:16.889+0000] {manager.py:878} INFO - 
================================================================================
DAG File Processing Stats

File Path                           PID    Runtime      # DAGs    # Errors  Last Runtime    Last Run
----------------------------------  -----  ---------  --------  ----------  --------------  -------------------
/opt/airflow/dags/meteorisk_dag.py                           1           0  0.27s           2026-09-18T10:36:51
================================================================================
[2026-09-18T10:37:47.282+0000] {manager.py:878} INFO - 
================================================================================
DAG File Processing Stats

File Path                           PID    Runtime      # DAGs    # Errors  Last Runtime    Last Run
----------------------------------  -----  ---------  --------  ----------  --------------  -------------------
/opt/airflow/dags/meteorisk_dag.py                           1           0  0.27s           2026-09-18T10:37:22
================================================================================
[2026-09-18T10:38:17.727+0000] {manager.py:878} INFO - 
================================================================================
DAG File Processing Stats

File Path                           PID    Runtime      # DAGs    # Errors  Last Runtime    Last Run
----------------------------------  -----  ---------  --------  ----------  --------------  -------------------
/opt/airflow/dags/meteorisk_dag.py                           1           0  0.26s           2026-09-18T10:37:52
================================================================================
[2026-09-18T10:38:48.102+0000] {manager.py:878} INFO - 
================================================================================
DAG File Processing Stats

File Path                           PID    Runtime      # DAGs    # Errors  Last Runtime    Last Run
----------------------------------  -----  ---------  --------  ----------  --------------  -------------------
/opt/airflow/dags/meteorisk_dag.py                           1           0  0.24s           2026-09-18T10:38:23
================================================================================
[2026-09-18T10:38:55.312+0000] {manager.py:737} INFO - Searching for files in /opt/airflow/dags
[2026-09-18T10:38:55.400+0000] {manager.py:740} INFO - There are 1 files in /opt/airflow/dags
[2026-09-18T10:39:18.652+0000] {manager.py:878} INFO - 
================================================================================
DAG File Processing Stats

File Path                           PID    Runtime      # DAGs    # Errors  Last Runtime    Last Run
----------------------------------  -----  ---------  --------  ----------  --------------  -------------------
/opt/airflow/dags/meteorisk_dag.py                           1           0  0.20s           2026-09-18T10:38:53
================================================================================
[2026-09-18T10:39:48.955+0000] {manager.py:878} INFO - 
================================================================================
DAG File Processing Stats

File Path                           PID    Runtime      # DAGs    # Errors  Last Runtime    Last Run
----------------------------------  -----  ---------  --------  ----------  --------------  -------------------
/opt/airflow/dags/meteorisk_dag.py                           1           0  0.25s           2026-09-18T10:39:23
================================================================================
[2026-09-18T10:40:19.284+0000] {manager.py:878} INFO - 
================================================================================
DAG File Processing Stats

File Path                           PID    Runtime      # DAGs    # Errors  Last Runtime    Last Run
----------------------------------  -----  ---------  --------  ----------  --------------  -------------------
/opt/airflow/dags/meteorisk_dag.py                           1           0  0.22s           2026-09-18T10:39:54
================================================================================
[2026-09-18T10:40:49.793+0000] {manager.py:878} INFO - 
================================================================================
DAG File Processing Stats

File Path                           PID    Runtime      # DAGs    # Errors  Last Runtime    Last Run
----------------------------------  -----  ---------  --------  ----------  --------------  -------------------
/opt/airflow/dags/meteorisk_dag.py                           1           0  0.20s           2026-09-18T10:40:24
================================================================================
[2026-09-18T10:41:20.155+0000] {manager.py:878} INFO - 
================================================================================
DAG File Processing Stats

File Path                           PID    Runtime      # DAGs    # Errors  Last Runtime    Last Run
----------------------------------  -----  ---------  --------  ----------  --------------  -------------------
/opt/airflow/dags/meteorisk_dag.py                           1           0  0.31s           2026-09-18T10:40:55
================================================================================
[2026-09-18T10:41:50.747+0000] {manager.py:878} INFO - 
================================================================================
DAG File Processing Stats

File Path                           PID    Runtime      # DAGs    # Errors  Last Runtime    Last Run
----------------------------------  -----  ---------  --------  ----------  --------------  -------------------
/opt/airflow/dags/meteorisk_dag.py                           1           0  0.33s           2026-09-18T10:41:25
================================================================================
[2026-09-18T10:42:21.108+0000] {manager.py:878} INFO - 
================================================================================
DAG File Processing Stats

File Path                           PID    Runtime      # DAGs    # Errors  Last Runtime    Last Run
----------------------------------  -----  ---------  --------  ----------  --------------  -------------------
/opt/airflow/dags/meteorisk_dag.py                           1           0  0.29s           2026-09-18T10:41:56
================================================================================
[2026-09-18T10:42:51.618+0000] {manager.py:878} INFO - 
================================================================================
DAG File Processing Stats

File Path                           PID    Runtime      # DAGs    # Errors  Last Runtime    Last Run
----------------------------------  -----  ---------  --------  ----------  --------------  -------------------
/opt/airflow/dags/meteorisk_dag.py                           1           0  0.22s           2026-09-18T10:42:26
================================================================================
[2026-09-18T10:43:21.955+0000] {manager.py:878} INFO - 
================================================================================
DAG File Processing Stats

File Path                           PID    Runtime      # DAGs    # Errors  Last Runtime    Last Run
----------------------------------  -----  ---------  --------  ----------  --------------  -------------------
/opt/airflow/dags/meteorisk_dag.py                           1           0  0.46s           2026-09-18T10:42:57
================================================================================
[2026-09-18T10:43:52.626+0000] {manager.py:878} INFO - 
================================================================================
DAG File Processing Stats

File Path                           PID    Runtime      # DAGs    # Errors  Last Runtime    Last Run
----------------------------------  -----  ---------  --------  ----------  --------------  -------------------
/opt/airflow/dags/meteorisk_dag.py                           1           0  0.24s           2026-09-18T10:43:27
================================================================================
[2026-09-18T10:43:55.658+0000] {manager.py:737} INFO - Searching for files in /opt/airflow/dags
[2026-09-18T10:43:55.756+0000] {manager.py:740} INFO - There are 1 files in /opt/airflow/dags
[2026-09-18T10:44:23.222+0000] {manager.py:878} INFO - 
================================================================================
DAG File Processing Stats

File Path                           PID    Runtime      # DAGs    # Errors  Last Runtime    Last Run
----------------------------------  -----  ---------  --------  ----------  --------------  -------------------
/opt/airflow/dags/meteorisk_dag.py                           1           0  0.25s           2026-09-18T10:43:58
================================================================================
[2026-09-18T10:44:53.656+0000] {manager.py:878} INFO - 
================================================================================
DAG File Processing Stats

File Path                           PID    Runtime      # DAGs    # Errors  Last Runtime    Last Run
----------------------------------  -----  ---------  --------  ----------  --------------  -------------------
/opt/airflow/dags/meteorisk_dag.py                           1           0  0.31s           2026-09-18T10:44:28
================================================================================
[2026-09-18T10:45:24.118+0000] {manager.py:878} INFO - 
================================================================================
DAG File Processing Stats

File Path                           PID    Runtime      # DAGs    # Errors  Last Runtime    Last Run
----------------------------------  -----  ---------  --------  ----------  --------------  -------------------
/opt/airflow/dags/meteorisk_dag.py                           1           0  0.29s           2026-09-18T10:44:59
================================================================================
[2026-09-18T10:45:54.515+0000] {manager.py:878} INFO - 
================================================================================
DAG File Processing Stats

File Path                           PID    Runtime      # DAGs    # Errors  Last Runtime    Last Run
----------------------------------  -----  ---------  --------  ----------  --------------  -------------------
/opt/airflow/dags/meteorisk_dag.py                           1           0  0.25s           2026-09-18T10:45:29
================================================================================
[2026-09-18T10:46:24.966+0000] {manager.py:878} INFO - 
================================================================================
DAG File Processing Stats

File Path                           PID    Runtime      # DAGs    # Errors  Last Runtime    Last Run
----------------------------------  -----  ---------  --------  ----------  --------------  -------------------
/opt/airflow/dags/meteorisk_dag.py                           1           0  0.26s           2026-09-18T10:45:59
================================================================================
[2026-09-18T10:46:55.364+0000] {manager.py:878} INFO - 
================================================================================
DAG File Processing Stats

File Path                           PID    Runtime      # DAGs    # Errors  Last Runtime    Last Run
----------------------------------  -----  ---------  --------  ----------  --------------  -------------------
/opt/airflow/dags/meteorisk_dag.py                           1           0  0.24s           2026-09-18T10:46:30
================================================================================
[2026-09-18T10:47:25.777+0000] {manager.py:878} INFO - 
================================================================================
DAG File Processing Stats

File Path                           PID    Runtime      # DAGs    # Errors  Last Runtime    Last Run
----------------------------------  -----  ---------  --------  ----------  --------------  -------------------
/opt/airflow/dags/meteorisk_dag.py                           1           0  0.21s           2026-09-18T10:47:00
================================================================================
[2026-09-18T10:47:56.178+0000] {manager.py:878} INFO - 
================================================================================
DAG File Processing Stats

File Path                           PID    Runtime      # DAGs    # Errors  Last Runtime    Last Run
----------------------------------  -----  ---------  --------  ----------  --------------  -------------------
/opt/airflow/dags/meteorisk_dag.py                           1           0  0.27s           2026-09-18T10:47:31
================================================================================
[2026-09-18T10:48:26.614+0000] {manager.py:878} INFO - 
================================================================================
DAG File Processing Stats

File Path                           PID    Runtime      # DAGs    # Errors  Last Runtime    Last Run
----------------------------------  -----  ---------  --------  ----------  --------------  -------------------
/opt/airflow/dags/meteorisk_dag.py                           1           0  0.32s           2026-09-18T10:48:01
================================================================================
[2026-09-18T10:48:56.123+0000] {manager.py:737} INFO - Searching for files in /opt/airflow/dags
[2026-09-18T10:48:56.200+0000] {manager.py:740} INFO - There are 1 files in /opt/airflow/dags
[2026-09-18T10:48:57.238+0000] {manager.py:878} INFO - 
================================================================================
DAG File Processing Stats

File Path                           PID    Runtime      # DAGs    # Errors  Last Runtime    Last Run
----------------------------------  -----  ---------  --------  ----------  --------------  -------------------
/opt/airflow/dags/meteorisk_dag.py                           1           0  0.35s           2026-09-18T10:48:32
================================================================================
[2026-09-18T10:49:27.585+0000] {manager.py:878} INFO - 
================================================================================
DAG File Processing Stats

File Path                           PID    Runtime      # DAGs    # Errors  Last Runtime    Last Run
----------------------------------  -----  ---------  --------  ----------  --------------  -------------------
/opt/airflow/dags/meteorisk_dag.py                           1           0  0.28s           2026-09-18T10:49:02
================================================================================
[2026-09-18T10:49:58.175+0000] {manager.py:878} INFO - 
================================================================================
DAG File Processing Stats

File Path                           PID    Runtime      # DAGs    # Errors  Last Runtime    Last Run
----------------------------------  -----  ---------  --------  ----------  --------------  -------------------
/opt/airflow/dags/meteorisk_dag.py                           1           0  0.27s           2026-09-18T10:49:32
================================================================================
[2026-09-18T10:50:28.498+0000] {manager.py:878} INFO - 
================================================================================
DAG File Processing Stats

File Path                           PID    Runtime      # DAGs    # Errors  Last Runtime    Last Run
----------------------------------  -----  ---------  --------  ----------  --------------  -------------------
/opt/airflow/dags/meteorisk_dag.py                           1           0  0.30s           2026-09-18T10:50:03
================================================================================
[2026-09-18T10:50:58.801+0000] {manager.py:878} INFO - 
================================================================================
DAG File Processing Stats

File Path                           PID    Runtime      # DAGs    # Errors  Last Runtime    Last Run
----------------------------------  -----  ---------  --------  ----------  --------------  -------------------
/opt/airflow/dags/meteorisk_dag.py                           1           0  0.28s           2026-09-18T10:50:33
================================================================================
[2026-09-18T10:51:29.385+0000] {manager.py:878} INFO - 
================================================================================
DAG File Processing Stats

File Path                           PID    Runtime      # DAGs    # Errors  Last Runtime    Last Run
----------------------------------  -----  ---------  --------  ----------  --------------  -------------------
/opt/airflow/dags/meteorisk_dag.py                           1           0  0.24s           2026-09-18T10:51:04
================================================================================
[2026-09-18T10:51:59.862+0000] {manager.py:878} INFO - 
================================================================================
DAG File Processing Stats

File Path                           PID    Runtime      # DAGs    # Errors  Last Runtime    Last Run
----------------------------------  -----  ---------  --------  ----------  --------------  -------------------
/opt/airflow/dags/meteorisk_dag.py                           1           0  0.23s           2026-09-18T10:51:34
================================================================================
[2026-09-18T10:52:30.218+0000] {manager.py:878} INFO - 
================================================================================
DAG File Processing Stats

File Path                           PID    Runtime      # DAGs    # Errors  Last Runtime    Last Run
----------------------------------  -----  ---------  --------  ----------  --------------  -------------------
/opt/airflow/dags/meteorisk_dag.py                           1           0  0.21s           2026-09-18T10:52:05
================================================================================
[2026-09-18T10:53:00.699+0000] {manager.py:878} INFO - 
================================================================================
DAG File Processing Stats

File Path                           PID    Runtime      # DAGs    # Errors  Last Runtime    Last Run
----------------------------------  -----  ---------  --------  ----------  --------------  -------------------
/opt/airflow/dags/meteorisk_dag.py                           1           0  0.28s           2026-09-18T10:52:35
================================================================================
[2026-09-18T10:53:31.130+0000] {manager.py:878} INFO - 
================================================================================
DAG File Processing Stats

File Path                           PID    Runtime      # DAGs    # Errors  Last Runtime    Last Run
----------------------------------  -----  ---------  --------  ----------  --------------  -------------------
/opt/airflow/dags/meteorisk_dag.py                           1           0  0.25s           2026-09-18T10:53:06
================================================================================
[2026-09-18T10:53:56.496+0000] {manager.py:737} INFO - Searching for files in /opt/airflow/dags
[2026-09-18T10:53:56.553+0000] {manager.py:740} INFO - There are 1 files in /opt/airflow/dags
[2026-09-18T10:54:01.639+0000] {manager.py:878} INFO - 
================================================================================
DAG File Processing Stats

File Path                           PID    Runtime      # DAGs    # Errors  Last Runtime    Last Run
----------------------------------  -----  ---------  --------  ----------  --------------  -------------------
/opt/airflow/dags/meteorisk_dag.py                           1           0  0.20s           2026-09-18T10:53:36
================================================================================
[2026-09-18T10:54:31.942+0000] {manager.py:878} INFO - 
================================================================================
DAG File Processing Stats

File Path                           PID    Runtime      # DAGs    # Errors  Last Runtime    Last Run
----------------------------------  -----  ---------  --------  ----------  --------------  -------------------
/opt/airflow/dags/meteorisk_dag.py                           1           0  0.23s           2026-09-18T10:54:06
================================================================================
[2026-09-18T10:55:02.474+0000] {manager.py:878} INFO - 
================================================================================
DAG File Processing Stats

File Path                           PID    Runtime      # DAGs    # Errors  Last Runtime    Last Run
----------------------------------  -----  ---------  --------  ----------  --------------  -------------------
/opt/airflow/dags/meteorisk_dag.py                           1           0  0.24s           2026-09-18T10:54:37
================================================================================
[2026-09-18T10:55:32.772+0000] {manager.py:878} INFO - 
================================================================================
DAG File Processing Stats

File Path                           PID    Runtime      # DAGs    # Errors  Last Runtime    Last Run
----------------------------------  -----  ---------  --------  ----------  --------------  -------------------
/opt/airflow/dags/meteorisk_dag.py                           1           0  0.22s           2026-09-18T10:55:07
================================================================================
[2026-09-18T10:56:03.244+0000] {manager.py:878} INFO - 
================================================================================
DAG File Processing Stats

File Path                           PID    Runtime      # DAGs    # Errors  Last Runtime    Last Run
----------------------------------  -----  ---------  --------  ----------  --------------  -------------------
/opt/airflow/dags/meteorisk_dag.py                           1           0  0.25s           2026-09-18T10:55:38
================================================================================
[2026-09-18T10:56:33.615+0000] {manager.py:878} INFO - 
================================================================================
DAG File Processing Stats

File Path                           PID    Runtime      # DAGs    # Errors  Last Runtime    Last Run
----------------------------------  -----  ---------  --------  ----------  --------------  -------------------
/opt/airflow/dags/meteorisk_dag.py                           1           0  0.26s           2026-09-18T10:56:08
================================================================================
[2026-09-18T10:57:04.105+0000] {manager.py:878} INFO - 
================================================================================
DAG File Processing Stats

File Path                           PID    Runtime      # DAGs    # Errors  Last Runtime    Last Run
----------------------------------  -----  ---------  --------  ----------  --------------  -------------------
/opt/airflow/dags/meteorisk_dag.py                           1           0  0.27s           2026-09-18T10:56:38
================================================================================
[2026-09-18T10:57:34.475+0000] {manager.py:878} INFO - 
================================================================================
DAG File Processing Stats

File Path                           PID    Runtime      # DAGs    # Errors  Last Runtime    Last Run
----------------------------------  -----  ---------  --------  ----------  --------------  -------------------
/opt/airflow/dags/meteorisk_dag.py                           1           0  0.23s           2026-09-18T10:57:09
================================================================================
[2026-09-18T10:58:04.941+0000] {manager.py:878} INFO - 
================================================================================
DAG File Processing Stats

File Path                           PID    Runtime      # DAGs    # Errors  Last Runtime    Last Run
----------------------------------  -----  ---------  --------  ----------  --------------  -------------------
/opt/airflow/dags/meteorisk_dag.py                           1           0  0.27s           2026-09-18T10:57:39
================================================================================
[2026-09-18T10:58:35.311+0000] {manager.py:878} INFO - 
================================================================================
DAG File Processing Stats

File Path                           PID    Runtime      # DAGs    # Errors  Last Runtime    Last Run
----------------------------------  -----  ---------  --------  ----------  --------------  -------------------
/opt/airflow/dags/meteorisk_dag.py                           1           0  0.19s           2026-09-18T10:58:10
================================================================================
[2026-09-18T10:58:56.564+0000] {manager.py:737} INFO - Searching for files in /opt/airflow/dags
[2026-09-18T10:58:56.668+0000] {manager.py:740} INFO - There are 1 files in /opt/airflow/dags
[2026-09-18T10:59:05.805+0000] {manager.py:878} INFO - 
================================================================================
DAG File Processing Stats

File Path                           PID    Runtime      # DAGs    # Errors  Last Runtime    Last Run
----------------------------------  -----  ---------  --------  ----------  --------------  -------------------
/opt/airflow/dags/meteorisk_dag.py                           1           0  0.22s           2026-09-18T10:58:40
================================================================================
[2026-09-18T10:59:36.134+0000] {manager.py:878} INFO - 
================================================================================
DAG File Processing Stats

File Path                           PID    Runtime      # DAGs    # Errors  Last Runtime    Last Run
----------------------------------  -----  ---------  --------  ----------  --------------  -------------------
/opt/airflow/dags/meteorisk_dag.py                           1           0  0.31s           2026-09-18T10:59:11
================================================================================
[2026-09-18T11:00:06.709+0000] {manager.py:878} INFO - 
================================================================================
DAG File Processing Stats

File Path                           PID    Runtime      # DAGs    # Errors  Last Runtime    Last Run
----------------------------------  -----  ---------  --------  ----------  --------------  -------------------
/opt/airflow/dags/meteorisk_dag.py                           1           0  0.22s           2026-09-18T10:59:41
================================================================================
[2026-09-18T11:00:37.190+0000] {manager.py:878} INFO - 
================================================================================
DAG File Processing Stats

File Path                           PID    Runtime      # DAGs    # Errors  Last Runtime    Last Run
----------------------------------  -----  ---------  --------  ----------  --------------  -------------------
/opt/airflow/dags/meteorisk_dag.py                           1           0  0.25s           2026-09-18T11:00:12
================================================================================
[2026-09-18T11:01:07.571+0000] {manager.py:878} INFO - 
================================================================================
DAG File Processing Stats

File Path                           PID    Runtime      # DAGs    # Errors  Last Runtime    Last Run
----------------------------------  -----  ---------  --------  ----------  --------------  -------------------
/opt/airflow/dags/meteorisk_dag.py                           1           0  0.33s           2026-09-18T11:00:42
================================================================================
[2026-09-18T11:01:38.127+0000] {manager.py:878} INFO - 
================================================================================
DAG File Processing Stats

File Path                           PID    Runtime      # DAGs    # Errors  Last Runtime    Last Run
----------------------------------  -----  ---------  --------  ----------  --------------  -------------------
/opt/airflow/dags/meteorisk_dag.py                           1           0  0.31s           2026-09-18T11:01:12
================================================================================
[2026-09-18T11:02:08.450+0000] {manager.py:878} INFO - 
================================================================================
DAG File Processing Stats

File Path                           PID    Runtime      # DAGs    # Errors  Last Runtime    Last Run
----------------------------------  -----  ---------  --------  ----------  --------------  -------------------
/opt/airflow/dags/meteorisk_dag.py                           1           0  0.27s           2026-09-18T11:01:43
================================================================================
[2026-09-18T11:02:39.293+0000] {manager.py:878} INFO - 
================================================================================
DAG File Processing Stats

File Path                           PID    Runtime      # DAGs    # Errors  Last Runtime    Last Run
----------------------------------  -----  ---------  --------  ----------  --------------  -------------------
/opt/airflow/dags/meteorisk_dag.py                           1           0  0.19s           2026-09-18T11:02:13
================================================================================
[2026-09-18T11:03:09.612+0000] {manager.py:878} INFO - 
================================================================================
DAG File Processing Stats

File Path                           PID    Runtime      # DAGs    # Errors  Last Runtime    Last Run
----------------------------------  -----  ---------  --------  ----------  --------------  -------------------
/opt/airflow/dags/meteorisk_dag.py                           1           0  0.28s           2026-09-18T11:02:44
================================================================================
[2026-09-18T11:03:40.128+0000] {manager.py:878} INFO - 
================================================================================
DAG File Processing Stats

File Path                           PID    Runtime      # DAGs    # Errors  Last Runtime    Last Run
----------------------------------  -----  ---------  --------  ----------  --------------  -------------------
/opt/airflow/dags/meteorisk_dag.py                           1           0  0.27s           2026-09-18T11:03:14
================================================================================
[2026-09-18T11:03:57.313+0000] {manager.py:737} INFO - Searching for files in /opt/airflow/dags
[2026-09-18T11:03:57.377+0000] {manager.py:740} INFO - There are 1 files in /opt/airflow/dags
[2026-09-18T11:04:10.551+0000] {manager.py:878} INFO - 
================================================================================
DAG File Processing Stats

File Path                           PID    Runtime      # DAGs    # Errors  Last Runtime    Last Run
----------------------------------  -----  ---------  --------  ----------  --------------  -------------------
/opt/airflow/dags/meteorisk_dag.py                           1           0  0.23s           2026-09-18T11:03:45
================================================================================
[2026-09-18T11:04:40.909+0000] {manager.py:878} INFO - 
================================================================================
DAG File Processing Stats

File Path                           PID    Runtime      # DAGs    # Errors  Last Runtime    Last Run
----------------------------------  -----  ---------  --------  ----------  --------------  -------------------
/opt/airflow/dags/meteorisk_dag.py                           1           0  0.24s           2026-09-18T11:04:15
================================================================================
[2026-09-18T11:05:11.392+0000] {manager.py:878} INFO - 
================================================================================
DAG File Processing Stats

File Path                           PID    Runtime      # DAGs    # Errors  Last Runtime    Last Run
----------------------------------  -----  ---------  --------  ----------  --------------  -------------------
/opt/airflow/dags/meteorisk_dag.py                           1           0  0.29s           2026-09-18T11:04:46
================================================================================
[2026-09-18T11:05:41.812+0000] {manager.py:878} INFO - 
================================================================================
DAG File Processing Stats

File Path                           PID    Runtime      # DAGs    # Errors  Last Runtime    Last Run
----------------------------------  -----  ---------  --------  ----------  --------------  -------------------
/opt/airflow/dags/meteorisk_dag.py                           1           0  0.31s           2026-09-18T11:05:16
================================================================================
[2026-09-18T11:06:12.268+0000] {manager.py:878} INFO - 
================================================================================
DAG File Processing Stats

File Path                           PID    Runtime      # DAGs    # Errors  Last Runtime    Last Run
----------------------------------  -----  ---------  --------  ----------  --------------  -------------------
/opt/airflow/dags/meteorisk_dag.py                           1           0  0.29s           2026-09-18T11:05:47
================================================================================
[2026-09-18T11:06:42.673+0000] {manager.py:878} INFO - 
================================================================================
DAG File Processing Stats

File Path                           PID    Runtime      # DAGs    # Errors  Last Runtime    Last Run
----------------------------------  -----  ---------  --------  ----------  --------------  -------------------
/opt/airflow/dags/meteorisk_dag.py                           1           0  0.32s           2026-09-18T11:06:17
================================================================================
[2026-09-18T11:07:13.201+0000] {manager.py:878} INFO - 
================================================================================
DAG File Processing Stats

File Path                           PID    Runtime      # DAGs    # Errors  Last Runtime    Last Run
----------------------------------  -----  ---------  --------  ----------  --------------  -------------------
/opt/airflow/dags/meteorisk_dag.py                           1           0  0.36s           2026-09-18T11:06:48
================================================================================
[2026-09-18T11:07:43.697+0000] {manager.py:878} INFO - 
================================================================================
DAG File Processing Stats

File Path                           PID    Runtime      # DAGs    # Errors  Last Runtime    Last Run
----------------------------------  -----  ---------  --------  ----------  --------------  -------------------
/opt/airflow/dags/meteorisk_dag.py                           1           0  0.28s           2026-09-18T11:07:18
================================================================================
[2026-09-18T11:08:14.085+0000] {manager.py:878} INFO - 
================================================================================
DAG File Processing Stats

File Path                           PID    Runtime      # DAGs    # Errors  Last Runtime    Last Run
----------------------------------  -----  ---------  --------  ----------  --------------  -------------------
/opt/airflow/dags/meteorisk_dag.py                           1           0  0.25s           2026-09-18T11:07:48
================================================================================
[2026-09-18T11:08:44.544+0000] {manager.py:878} INFO - 
================================================================================
DAG File Processing Stats

File Path                           PID    Runtime      # DAGs    # Errors  Last Runtime    Last Run
----------------------------------  -----  ---------  --------  ----------  --------------  -------------------
/opt/airflow/dags/meteorisk_dag.py                           1           0  0.41s           2026-09-18T11:08:19
================================================================================
[2026-09-18T11:08:57.940+0000] {manager.py:737} INFO - Searching for files in /opt/airflow/dags
[2026-09-18T11:08:58.070+0000] {manager.py:740} INFO - There are 1 files in /opt/airflow/dags
[2026-09-18T11:09:15.283+0000] {manager.py:878} INFO - 
================================================================================
DAG File Processing Stats

File Path                           PID    Runtime      # DAGs    # Errors  Last Runtime    Last Run
----------------------------------  -----  ---------  --------  ----------  --------------  -------------------
/opt/airflow/dags/meteorisk_dag.py                           1           0  0.27s           2026-09-18T11:08:49
================================================================================
[2026-09-18T11:09:45.616+0000] {manager.py:878} INFO - 
================================================================================
DAG File Processing Stats

File Path                           PID    Runtime      # DAGs    # Errors  Last Runtime    Last Run
----------------------------------  -----  ---------  --------  ----------  --------------  -------------------
/opt/airflow/dags/meteorisk_dag.py                           1           0  0.30s           2026-09-18T11:09:20
================================================================================
[2026-09-18T11:10:16.207+0000] {manager.py:878} INFO - 
================================================================================
DAG File Processing Stats

File Path                           PID    Runtime      # DAGs    # Errors  Last Runtime    Last Run
----------------------------------  -----  ---------  --------  ----------  --------------  -------------------
/opt/airflow/dags/meteorisk_dag.py                           1           0  0.36s           2026-09-18T11:09:51
================================================================================
[2026-09-18T11:10:46.866+0000] {manager.py:878} INFO - 
================================================================================
DAG File Processing Stats

File Path                           PID    Runtime      # DAGs    # Errors  Last Runtime    Last Run
----------------------------------  -----  ---------  --------  ----------  --------------  -------------------
/opt/airflow/dags/meteorisk_dag.py                           1           0  0.29s           2026-09-18T11:10:21
================================================================================
[2026-09-18T11:11:17.428+0000] {manager.py:878} INFO - 
================================================================================
DAG File Processing Stats

File Path                           PID    Runtime      # DAGs    # Errors  Last Runtime    Last Run
----------------------------------  -----  ---------  --------  ----------  --------------  -------------------
/opt/airflow/dags/meteorisk_dag.py                           1           0  0.26s           2026-09-18T11:10:52
================================================================================
[2026-09-18T11:11:47.954+0000] {manager.py:878} INFO - 
================================================================================
DAG File Processing Stats

File Path                           PID    Runtime      # DAGs    # Errors  Last Runtime    Last Run
----------------------------------  -----  ---------  --------  ----------  --------------  -------------------
/opt/airflow/dags/meteorisk_dag.py                           1           0  0.29s           2026-09-18T11:11:23
================================================================================
[2026-09-18T11:12:18.532+0000] {manager.py:878} INFO - 
================================================================================
DAG File Processing Stats

File Path                           PID    Runtime      # DAGs    # Errors  Last Runtime    Last Run
----------------------------------  -----  ---------  --------  ----------  --------------  -------------------
/opt/airflow/dags/meteorisk_dag.py                           1           0  0.26s           2026-09-18T11:11:53
================================================================================
[2026-09-18T11:12:48.811+0000] {manager.py:878} INFO - 
================================================================================
DAG File Processing Stats

File Path                           PID    Runtime      # DAGs    # Errors  Last Runtime    Last Run
----------------------------------  -----  ---------  --------  ----------  --------------  -------------------
/opt/airflow/dags/meteorisk_dag.py                           1           0  0.21s           2026-09-18T11:12:23
================================================================================
[2026-09-18T11:13:19.304+0000] {manager.py:878} INFO - 
================================================================================
DAG File Processing Stats

File Path                           PID    Runtime      # DAGs    # Errors  Last Runtime    Last Run
----------------------------------  -----  ---------  --------  ----------  --------------  -------------------
/opt/airflow/dags/meteorisk_dag.py                           1           0  0.21s           2026-09-18T11:12:54
================================================================================
[2026-09-18T11:13:49.596+0000] {manager.py:878} INFO - 
================================================================================
DAG File Processing Stats

File Path                           PID    Runtime      # DAGs    # Errors  Last Runtime    Last Run
----------------------------------  -----  ---------  --------  ----------  --------------  -------------------
/opt/airflow/dags/meteorisk_dag.py                           1           0  0.22s           2026-09-18T11:13:24
================================================================================
[2026-09-18T11:13:57.989+0000] {manager.py:737} INFO - Searching for files in /opt/airflow/dags
[2026-09-18T11:13:58.045+0000] {manager.py:740} INFO - There are 1 files in /opt/airflow/dags
[2026-09-18T11:14:20.061+0000] {manager.py:878} INFO - 
================================================================================
DAG File Processing Stats

File Path                           PID    Runtime      # DAGs    # Errors  Last Runtime    Last Run
----------------------------------  -----  ---------  --------  ----------  --------------  -------------------
/opt/airflow/dags/meteorisk_dag.py                           1           0  0.28s           2026-09-18T11:13:54
================================================================================
[2026-09-18T11:14:50.484+0000] {manager.py:878} INFO - 
================================================================================
DAG File Processing Stats

File Path                           PID    Runtime      # DAGs    # Errors  Last Runtime    Last Run
----------------------------------  -----  ---------  --------  ----------  --------------  -------------------
/opt/airflow/dags/meteorisk_dag.py                           1           0  0.22s           2026-09-18T11:14:25
================================================================================
[2026-09-18T11:15:20.807+0000] {manager.py:878} INFO - 
================================================================================
DAG File Processing Stats

File Path                           PID    Runtime      # DAGs    # Errors  Last Runtime    Last Run
----------------------------------  -----  ---------  --------  ----------  --------------  -------------------
/opt/airflow/dags/meteorisk_dag.py                           1           0  0.29s           2026-09-18T11:14:55
================================================================================
[2026-09-18T11:15:51.088+0000] {manager.py:878} INFO - 
================================================================================
DAG File Processing Stats

File Path                           PID    Runtime      # DAGs    # Errors  Last Runtime    Last Run
----------------------------------  -----  ---------  --------  ----------  --------------  -------------------
/opt/airflow/dags/meteorisk_dag.py                           1           0  0.19s           2026-09-18T11:15:26
================================================================================
[2026-09-18T11:16:21.547+0000] {manager.py:878} INFO - 
================================================================================
DAG File Processing Stats

File Path                           PID    Runtime      # DAGs    # Errors  Last Runtime    Last Run
----------------------------------  -----  ---------  --------  ----------  --------------  -------------------
/opt/airflow/dags/meteorisk_dag.py                           1           0  0.23s           2026-09-18T11:15:56
================================================================================
[2026-09-18T11:16:51.885+0000] {manager.py:878} INFO - 
================================================================================
DAG File Processing Stats

File Path                           PID    Runtime      # DAGs    # Errors  Last Runtime    Last Run
----------------------------------  -----  ---------  --------  ----------  --------------  -------------------
/opt/airflow/dags/meteorisk_dag.py                           1           0  0.26s           2026-09-18T11:16:26
================================================================================
[2026-09-18T11:17:22.392+0000] {manager.py:878} INFO - 
================================================================================
DAG File Processing Stats

File Path                           PID    Runtime      # DAGs    # Errors  Last Runtime    Last Run
----------------------------------  -----  ---------  --------  ----------  --------------  -------------------
/opt/airflow/dags/meteorisk_dag.py                           1           0  0.29s           2026-09-18T11:16:57
================================================================================
[2026-09-18T11:17:52.697+0000] {manager.py:878} INFO - 
================================================================================
DAG File Processing Stats

File Path                           PID    Runtime      # DAGs    # Errors  Last Runtime    Last Run
----------------------------------  -----  ---------  --------  ----------  --------------  -------------------
/opt/airflow/dags/meteorisk_dag.py                           1           0  0.21s           2026-09-18T11:17:27
================================================================================
[2026-09-18T11:18:23.132+0000] {manager.py:878} INFO - 
================================================================================
DAG File Processing Stats

File Path                           PID    Runtime      # DAGs    # Errors  Last Runtime    Last Run
----------------------------------  -----  ---------  --------  ----------  --------------  -------------------
/opt/airflow/dags/meteorisk_dag.py                           1           0  0.21s           2026-09-18T11:17:57
================================================================================
[2026-09-18T11:18:53.417+0000] {manager.py:878} INFO - 
================================================================================
DAG File Processing Stats

File Path                           PID    Runtime      # DAGs    # Errors  Last Runtime    Last Run
----------------------------------  -----  ---------  --------  ----------  --------------  -------------------
/opt/airflow/dags/meteorisk_dag.py                           1           0  0.20s           2026-09-18T11:18:28
================================================================================
[2026-09-18T11:18:58.465+0000] {manager.py:737} INFO - Searching for files in /opt/airflow/dags
[2026-09-18T11:18:58.551+0000] {manager.py:740} INFO - There are 1 files in /opt/airflow/dags
[2026-09-18T11:19:23.881+0000] {manager.py:878} INFO - 
================================================================================
DAG File Processing Stats

File Path                           PID    Runtime      # DAGs    # Errors  Last Runtime    Last Run
----------------------------------  -----  ---------  --------  ----------  --------------  -------------------
/opt/airflow/dags/meteorisk_dag.py                           1           0  0.26s           2026-09-18T11:18:58
================================================================================
[2026-09-18T11:19:55.704+0000] {manager.py:878} INFO - 
================================================================================
DAG File Processing Stats

File Path                           PID    Runtime      # DAGs    # Errors  Last Runtime    Last Run
----------------------------------  -----  ---------  --------  ----------  --------------  -------------------
/opt/airflow/dags/meteorisk_dag.py                           1           0  0.26s           2026-09-18T11:19:29
================================================================================
[2026-09-18T11:20:26.222+0000] {manager.py:878} INFO - 
================================================================================
DAG File Processing Stats

File Path                           PID    Runtime      # DAGs    # Errors  Last Runtime    Last Run
----------------------------------  -----  ---------  --------  ----------  --------------  -------------------
/opt/airflow/dags/meteorisk_dag.py                           1           0  0.62s           2026-09-18T11:20:00
================================================================================
[2026-09-18T11:20:56.341+0000] {manager.py:878} INFO - 
================================================================================
DAG File Processing Stats

File Path                           PID    Runtime      # DAGs    # Errors  Last Runtime    Last Run
----------------------------------  -----  ---------  --------  ----------  --------------  -------------------
/opt/airflow/dags/meteorisk_dag.py                           1           0  0.47s           2026-09-18T11:20:31
================================================================================
[2026-09-18T11:21:26.642+0000] {manager.py:878} INFO - 
================================================================================
DAG File Processing Stats

File Path                           PID    Runtime      # DAGs    # Errors  Last Runtime    Last Run
----------------------------------  -----  ---------  --------  ----------  --------------  -------------------
/opt/airflow/dags/meteorisk_dag.py                           1           0  0.18s           2026-09-18T11:21:01
================================================================================
[2026-09-18T11:21:57.054+0000] {manager.py:878} INFO - 
================================================================================
DAG File Processing Stats

File Path                           PID    Runtime      # DAGs    # Errors  Last Runtime    Last Run
----------------------------------  -----  ---------  --------  ----------  --------------  -------------------
/opt/airflow/dags/meteorisk_dag.py                           1           0  0.18s           2026-09-18T11:21:31
================================================================================
[2026-09-18T11:22:27.396+0000] {manager.py:878} INFO - 
================================================================================
DAG File Processing Stats

File Path                           PID    Runtime      # DAGs    # Errors  Last Runtime    Last Run
----------------------------------  -----  ---------  --------  ----------  --------------  -------------------
/opt/airflow/dags/meteorisk_dag.py                           1           0  0.53s           2026-09-18T11:22:02
================================================================================
[2026-09-18T11:22:58.090+0000] {manager.py:878} INFO - 
================================================================================
DAG File Processing Stats

File Path                           PID    Runtime      # DAGs    # Errors  Last Runtime    Last Run
----------------------------------  -----  ---------  --------  ----------  --------------  -------------------
/opt/airflow/dags/meteorisk_dag.py                           1           0  0.20s           2026-09-18T11:22:33
================================================================================
[2026-09-18T11:23:28.521+0000] {manager.py:878} INFO - 
================================================================================
DAG File Processing Stats

File Path                           PID    Runtime      # DAGs    # Errors  Last Runtime    Last Run
----------------------------------  -----  ---------  --------  ----------  --------------  -------------------
/opt/airflow/dags/meteorisk_dag.py                           1           0  0.23s           2026-09-18T11:23:03
================================================================================
[2026-09-18T11:23:58.804+0000] {manager.py:737} INFO - Searching for files in /opt/airflow/dags
[2026-09-18T11:23:58.875+0000] {manager.py:740} INFO - There are 1 files in /opt/airflow/dags
[2026-09-18T11:23:58.909+0000] {manager.py:878} INFO - 
================================================================================
DAG File Processing Stats

File Path                           PID    Runtime      # DAGs    # Errors  Last Runtime    Last Run
----------------------------------  -----  ---------  --------  ----------  --------------  -------------------
/opt/airflow/dags/meteorisk_dag.py                           1           0  0.21s           2026-09-18T11:23:33
================================================================================
[2026-09-18T11:24:29.186+0000] {manager.py:878} INFO - 
================================================================================
DAG File Processing Stats

File Path                           PID    Runtime      # DAGs    # Errors  Last Runtime    Last Run
----------------------------------  -----  ---------  --------  ----------  --------------  -------------------
/opt/airflow/dags/meteorisk_dag.py                           1           0  0.15s           2026-09-18T11:24:04
================================================================================
[2026-09-18T11:24:59.514+0000] {manager.py:878} INFO - 
================================================================================
DAG File Processing Stats

File Path                           PID    Runtime      # DAGs    # Errors  Last Runtime    Last Run
----------------------------------  -----  ---------  --------  ----------  --------------  -------------------
/opt/airflow/dags/meteorisk_dag.py                           1           0  0.24s           2026-09-18T11:24:34
================================================================================
[2026-09-18T11:25:29.898+0000] {manager.py:878} INFO - 
================================================================================
DAG File Processing Stats

File Path                           PID    Runtime      # DAGs    # Errors  Last Runtime    Last Run
----------------------------------  -----  ---------  --------  ----------  --------------  -------------------
/opt/airflow/dags/meteorisk_dag.py                           1           0  0.20s           2026-09-18T11:25:04
================================================================================
[2026-09-18T11:26:00.252+0000] {manager.py:878} INFO - 
================================================================================
DAG File Processing Stats

File Path                           PID    Runtime      # DAGs    # Errors  Last Runtime    Last Run
----------------------------------  -----  ---------  --------  ----------  --------------  -------------------
/opt/airflow/dags/meteorisk_dag.py                           1           0  0.24s           2026-09-18T11:25:35
================================================================================
[2026-09-18T11:26:30.658+0000] {manager.py:878} INFO - 
================================================================================
DAG File Processing Stats

File Path                           PID    Runtime      # DAGs    # Errors  Last Runtime    Last Run
----------------------------------  -----  ---------  --------  ----------  --------------  -------------------
/opt/airflow/dags/meteorisk_dag.py                           1           0  0.29s           2026-09-18T11:26:05
================================================================================
[2026-09-18T11:27:01.150+0000] {manager.py:878} INFO - 
================================================================================
DAG File Processing Stats

File Path                           PID    Runtime      # DAGs    # Errors  Last Runtime    Last Run
----------------------------------  -----  ---------  --------  ----------  --------------  -------------------
/opt/airflow/dags/meteorisk_dag.py                           1           0  0.31s           2026-09-18T11:26:36
================================================================================
[2026-09-18T11:27:31.597+0000] {manager.py:878} INFO - 
================================================================================
DAG File Processing Stats

File Path                           PID    Runtime      # DAGs    # Errors  Last Runtime    Last Run
----------------------------------  -----  ---------  --------  ----------  --------------  -------------------
/opt/airflow/dags/meteorisk_dag.py                           1           0  0.33s           2026-09-18T11:27:06
================================================================================
[2026-09-18T11:28:02.139+0000] {manager.py:878} INFO - 
================================================================================
DAG File Processing Stats

File Path                           PID    Runtime      # DAGs    # Errors  Last Runtime    Last Run
----------------------------------  -----  ---------  --------  ----------  --------------  -------------------
/opt/airflow/dags/meteorisk_dag.py                           1           0  0.29s           2026-09-18T11:27:36
================================================================================
[2026-09-18T11:28:32.477+0000] {manager.py:878} INFO - 
================================================================================
DAG File Processing Stats

File Path                           PID    Runtime      # DAGs    # Errors  Last Runtime    Last Run
----------------------------------  -----  ---------  --------  ----------  --------------  -------------------
/opt/airflow/dags/meteorisk_dag.py                           1           0  0.45s           2026-09-18T11:28:07
================================================================================
[2026-09-18T11:28:59.188+0000] {manager.py:737} INFO - Searching for files in /opt/airflow/dags
[2026-09-18T11:28:59.255+0000] {manager.py:740} INFO - There are 1 files in /opt/airflow/dags
[2026-09-18T11:29:02.487+0000] {manager.py:878} INFO - 
================================================================================
DAG File Processing Stats

File Path                           PID    Runtime      # DAGs    # Errors  Last Runtime    Last Run
----------------------------------  -----  ---------  --------  ----------  --------------  -------------------
/opt/airflow/dags/meteorisk_dag.py                           1           0  0.29s           2026-09-18T11:28:38
================================================================================
[2026-09-18T11:29:32.777+0000] {manager.py:878} INFO - 
================================================================================
DAG File Processing Stats

File Path                           PID    Runtime      # DAGs    # Errors  Last Runtime    Last Run
----------------------------------  -----  ---------  --------  ----------  --------------  -------------------
/opt/airflow/dags/meteorisk_dag.py                           1           0  0.25s           2026-09-18T11:29:08
================================================================================
[2026-09-18T11:30:03.224+0000] {manager.py:878} INFO - 
================================================================================
DAG File Processing Stats

File Path                           PID    Runtime      # DAGs    # Errors  Last Runtime    Last Run
----------------------------------  -----  ---------  --------  ----------  --------------  -------------------
/opt/airflow/dags/meteorisk_dag.py                           1           0  0.23s           2026-09-18T11:29:39
================================================================================
[2026-09-18T11:30:33.606+0000] {manager.py:878} INFO - 
================================================================================
DAG File Processing Stats

File Path                           PID    Runtime      # DAGs    # Errors  Last Runtime    Last Run
----------------------------------  -----  ---------  --------  ----------  --------------  -------------------
/opt/airflow/dags/meteorisk_dag.py                           1           0  0.24s           2026-09-18T11:30:09
================================================================================
[2026-09-18T11:31:04.013+0000] {manager.py:878} INFO - 
================================================================================
DAG File Processing Stats

File Path                           PID    Runtime      # DAGs    # Errors  Last Runtime    Last Run
----------------------------------  -----  ---------  --------  ----------  --------------  -------------------
/opt/airflow/dags/meteorisk_dag.py                           1           0  0.25s           2026-09-18T11:30:39
================================================================================
[2026-09-18T11:31:34.374+0000] {manager.py:878} INFO - 
================================================================================
DAG File Processing Stats

File Path                           PID    Runtime      # DAGs    # Errors  Last Runtime    Last Run
----------------------------------  -----  ---------  --------  ----------  --------------  -------------------
/opt/airflow/dags/meteorisk_dag.py                           1           0  0.24s           2026-09-18T11:31:10
================================================================================
[2026-09-18T11:32:04.747+0000] {manager.py:878} INFO - 
================================================================================
DAG File Processing Stats

File Path                           PID    Runtime      # DAGs    # Errors  Last Runtime    Last Run
----------------------------------  -----  ---------  --------  ----------  --------------  -------------------
/opt/airflow/dags/meteorisk_dag.py                           1           0  0.20s           2026-09-18T11:31:40
================================================================================
[2026-09-18T11:32:35.121+0000] {manager.py:878} INFO - 
================================================================================
DAG File Processing Stats

File Path                           PID    Runtime      # DAGs    # Errors  Last Runtime    Last Run
----------------------------------  -----  ---------  --------  ----------  --------------  -------------------
/opt/airflow/dags/meteorisk_dag.py                           1           0  0.22s           2026-09-18T11:32:11
================================================================================
[2026-09-18T11:33:05.510+0000] {manager.py:878} INFO - 
================================================================================
DAG File Processing Stats

File Path                           PID    Runtime      # DAGs    # Errors  Last Runtime    Last Run
----------------------------------  -----  ---------  --------  ----------  --------------  -------------------
/opt/airflow/dags/meteorisk_dag.py                           1           0  0.21s           2026-09-18T11:32:41
================================================================================
[2026-09-18T11:33:35.889+0000] {manager.py:878} INFO - 
================================================================================
DAG File Processing Stats

File Path                           PID    Runtime      # DAGs    # Errors  Last Runtime    Last Run
----------------------------------  -----  ---------  --------  ----------  --------------  -------------------
/opt/airflow/dags/meteorisk_dag.py                           1           0  0.31s           2026-09-18T11:33:11
================================================================================
[2026-09-18T11:33:59.280+0000] {manager.py:737} INFO - Searching for files in /opt/airflow/dags
[2026-09-18T11:33:59.380+0000] {manager.py:740} INFO - There are 1 files in /opt/airflow/dags
[2026-09-18T11:34:06.173+0000] {manager.py:878} INFO - 
================================================================================
DAG File Processing Stats

File Path                           PID    Runtime      # DAGs    # Errors  Last Runtime    Last Run
----------------------------------  -----  ---------  --------  ----------  --------------  -------------------
/opt/airflow/dags/meteorisk_dag.py                           1           0  0.18s           2026-09-18T11:33:42
================================================================================
[2026-09-18T11:34:36.448+0000] {manager.py:878} INFO - 
================================================================================
DAG File Processing Stats

File Path                           PID    Runtime      # DAGs    # Errors  Last Runtime    Last Run
----------------------------------  -----  ---------  --------  ----------  --------------  -------------------
/opt/airflow/dags/meteorisk_dag.py                           1           0  0.19s           2026-09-18T11:34:12
================================================================================
[2026-09-18T11:35:06.865+0000] {manager.py:878} INFO - 
================================================================================
DAG File Processing Stats

File Path                           PID    Runtime      # DAGs    # Errors  Last Runtime    Last Run
----------------------------------  -----  ---------  --------  ----------  --------------  -------------------
/opt/airflow/dags/meteorisk_dag.py                           1           0  0.20s           2026-09-18T11:34:42
================================================================================
[2026-09-18T11:35:37.164+0000] {manager.py:878} INFO - 
================================================================================
DAG File Processing Stats

File Path                           PID    Runtime      # DAGs    # Errors  Last Runtime    Last Run
----------------------------------  -----  ---------  --------  ----------  --------------  -------------------
/opt/airflow/dags/meteorisk_dag.py                           1           0  0.21s           2026-09-18T11:35:13
================================================================================
[2026-09-18T11:36:07.580+0000] {manager.py:878} INFO - 
================================================================================
DAG File Processing Stats

File Path                           PID    Runtime      # DAGs    # Errors  Last Runtime    Last Run
----------------------------------  -----  ---------  --------  ----------  --------------  -------------------
/opt/airflow/dags/meteorisk_dag.py                           1           0  0.28s           2026-09-18T11:35:43
================================================================================
[2026-09-18T11:36:37.994+0000] {manager.py:878} INFO - 
================================================================================
DAG File Processing Stats

File Path                           PID    Runtime      # DAGs    # Errors  Last Runtime    Last Run
----------------------------------  -----  ---------  --------  ----------  --------------  -------------------
/opt/airflow/dags/meteorisk_dag.py                           1           0  0.23s           2026-09-18T11:36:13
================================================================================
[2026-09-18T11:37:08.389+0000] {manager.py:878} INFO - 
================================================================================
DAG File Processing Stats

File Path                           PID    Runtime      # DAGs    # Errors  Last Runtime    Last Run
----------------------------------  -----  ---------  --------  ----------  --------------  -------------------
/opt/airflow/dags/meteorisk_dag.py                           1           0  0.28s           2026-09-18T11:36:44
================================================================================
[2026-09-18T11:37:38.841+0000] {manager.py:878} INFO - 
================================================================================
DAG File Processing Stats

File Path                           PID    Runtime      # DAGs    # Errors  Last Runtime    Last Run
----------------------------------  -----  ---------  --------  ----------  --------------  -------------------
/opt/airflow/dags/meteorisk_dag.py                           1           0  0.27s           2026-09-18T11:37:14
================================================================================
[2026-09-18T11:38:09.203+0000] {manager.py:878} INFO - 
================================================================================
DAG File Processing Stats

File Path                           PID    Runtime      # DAGs    # Errors  Last Runtime    Last Run
----------------------------------  -----  ---------  --------  ----------  --------------  -------------------
/opt/airflow/dags/meteorisk_dag.py                           1           0  0.24s           2026-09-18T11:37:45
================================================================================
[2026-09-18T11:38:39.628+0000] {manager.py:878} INFO - 
================================================================================
DAG File Processing Stats

File Path                           PID    Runtime      # DAGs    # Errors  Last Runtime    Last Run
----------------------------------  -----  ---------  --------  ----------  --------------  -------------------
/opt/airflow/dags/meteorisk_dag.py                           1           0  0.23s           2026-09-18T11:38:15
================================================================================
[2026-09-18T11:38:59.861+0000] {manager.py:737} INFO - Searching for files in /opt/airflow/dags
[2026-09-18T11:38:59.935+0000] {manager.py:740} INFO - There are 1 files in /opt/airflow/dags
[2026-09-18T11:39:10.051+0000] {manager.py:878} INFO - 
================================================================================
DAG File Processing Stats

File Path                           PID    Runtime      # DAGs    # Errors  Last Runtime    Last Run
----------------------------------  -----  ---------  --------  ----------  --------------  -------------------
/opt/airflow/dags/meteorisk_dag.py                           1           0  0.20s           2026-09-18T11:38:45
================================================================================
[2026-09-18T11:39:40.367+0000] {manager.py:878} INFO - 
================================================================================
DAG File Processing Stats

File Path                           PID    Runtime      # DAGs    # Errors  Last Runtime    Last Run
----------------------------------  -----  ---------  --------  ----------  --------------  -------------------
/opt/airflow/dags/meteorisk_dag.py                           1           0  0.21s           2026-09-18T11:39:16
================================================================================
[2026-09-18T11:40:10.796+0000] {manager.py:878} INFO - 
================================================================================
DAG File Processing Stats

File Path                           PID    Runtime      # DAGs    # Errors  Last Runtime    Last Run
----------------------------------  -----  ---------  --------  ----------  --------------  -------------------
/opt/airflow/dags/meteorisk_dag.py                           1           0  0.23s           2026-09-18T11:39:46
================================================================================
[2026-09-18T11:40:41.326+0000] {manager.py:878} INFO - 
================================================================================
DAG File Processing Stats

File Path                           PID    Runtime      # DAGs    # Errors  Last Runtime    Last Run
----------------------------------  -----  ---------  --------  ----------  --------------  -------------------
/opt/airflow/dags/meteorisk_dag.py                           1           0  0.31s           2026-09-18T11:40:17
================================================================================
[2026-09-18T11:41:11.787+0000] {manager.py:878} INFO - 
================================================================================
DAG File Processing Stats

File Path                           PID    Runtime      # DAGs    # Errors  Last Runtime    Last Run
----------------------------------  -----  ---------  --------  ----------  --------------  -------------------
/opt/airflow/dags/meteorisk_dag.py                           1           0  0.36s           2026-09-18T11:40:47
================================================================================
[2026-09-18T11:41:42.329+0000] {manager.py:878} INFO - 
================================================================================
DAG File Processing Stats

File Path                           PID    Runtime      # DAGs    # Errors  Last Runtime    Last Run
----------------------------------  -----  ---------  --------  ----------  --------------  -------------------
/opt/airflow/dags/meteorisk_dag.py                           1           0  0.32s           2026-09-18T11:41:18
================================================================================
[2026-09-18T11:42:12.899+0000] {manager.py:878} INFO - 
================================================================================
DAG File Processing Stats

File Path                           PID    Runtime      # DAGs    # Errors  Last Runtime    Last Run
----------------------------------  -----  ---------  --------  ----------  --------------  -------------------
/opt/airflow/dags/meteorisk_dag.py                           1           0  0.19s           2026-09-18T11:41:48
================================================================================
[2026-09-18T11:42:43.323+0000] {manager.py:878} INFO - 
================================================================================
DAG File Processing Stats

File Path                           PID    Runtime      # DAGs    # Errors  Last Runtime    Last Run
----------------------------------  -----  ---------  --------  ----------  --------------  -------------------
/opt/airflow/dags/meteorisk_dag.py                           1           0  0.29s           2026-09-18T11:42:19
================================================================================
[2026-09-18T11:43:13.666+0000] {manager.py:878} INFO - 
================================================================================
DAG File Processing Stats

File Path                           PID    Runtime      # DAGs    # Errors  Last Runtime    Last Run
----------------------------------  -----  ---------  --------  ----------  --------------  -------------------
/opt/airflow/dags/meteorisk_dag.py                           1           0  0.32s           2026-09-18T11:42:49
================================================================================
[2026-09-18T11:43:44.171+0000] {manager.py:878} INFO - 
================================================================================
DAG File Processing Stats

File Path                           PID    Runtime      # DAGs    # Errors  Last Runtime    Last Run
----------------------------------  -----  ---------  --------  ----------  --------------  -------------------
/opt/airflow/dags/meteorisk_dag.py                           1           0  0.17s           2026-09-18T11:43:20
================================================================================
[2026-09-18T11:44:00.461+0000] {manager.py:737} INFO - Searching for files in /opt/airflow/dags
[2026-09-18T11:44:00.542+0000] {manager.py:740} INFO - There are 1 files in /opt/airflow/dags
[2026-09-18T11:44:14.689+0000] {manager.py:878} INFO - 
================================================================================
DAG File Processing Stats

File Path                           PID    Runtime      # DAGs    # Errors  Last Runtime    Last Run
----------------------------------  -----  ---------  --------  ----------  --------------  -------------------
/opt/airflow/dags/meteorisk_dag.py                           1           0  0.18s           2026-09-18T11:43:50
================================================================================
[2026-09-18T11:44:44.961+0000] {manager.py:878} INFO - 
================================================================================
DAG File Processing Stats

File Path                           PID    Runtime      # DAGs    # Errors  Last Runtime    Last Run
----------------------------------  -----  ---------  --------  ----------  --------------  -------------------
/opt/airflow/dags/meteorisk_dag.py                           1           0  0.30s           2026-09-18T11:44:21
================================================================================
[2026-09-18T11:45:15.208+0000] {manager.py:878} INFO - 
================================================================================
DAG File Processing Stats

File Path                           PID    Runtime      # DAGs    # Errors  Last Runtime    Last Run
----------------------------------  -----  ---------  --------  ----------  --------------  -------------------
/opt/airflow/dags/meteorisk_dag.py                           1           0  0.71s           2026-09-18T11:44:52
================================================================================
[2026-09-18T11:45:45.456+0000] {manager.py:878} INFO - 
================================================================================
DAG File Processing Stats

File Path                           PID    Runtime      # DAGs    # Errors  Last Runtime    Last Run
----------------------------------  -----  ---------  --------  ----------  --------------  -------------------
/opt/airflow/dags/meteorisk_dag.py                           1           0  0.30s           2026-09-18T11:45:22
================================================================================
[2026-09-18T11:46:15.989+0000] {manager.py:878} INFO - 
================================================================================
DAG File Processing Stats

File Path                           PID    Runtime      # DAGs    # Errors  Last Runtime    Last Run
----------------------------------  -----  ---------  --------  ----------  --------------  -------------------
/opt/airflow/dags/meteorisk_dag.py                           1           0  0.34s           2026-09-18T11:45:53
================================================================================
[2026-09-18T11:46:46.581+0000] {manager.py:878} INFO - 
================================================================================
DAG File Processing Stats

File Path                           PID    Runtime      # DAGs    # Errors  Last Runtime    Last Run
----------------------------------  -----  ---------  --------  ----------  --------------  -------------------
/opt/airflow/dags/meteorisk_dag.py                           1           0  0.26s           2026-09-18T11:46:23
================================================================================
[2026-09-18T11:47:17.090+0000] {manager.py:878} INFO - 
================================================================================
DAG File Processing Stats

File Path                           PID    Runtime      # DAGs    # Errors  Last Runtime    Last Run
----------------------------------  -----  ---------  --------  ----------  --------------  -------------------
/opt/airflow/dags/meteorisk_dag.py                           1           0  0.24s           2026-09-18T11:46:53
================================================================================
[2026-09-18T11:47:47.341+0000] {manager.py:878} INFO - 
================================================================================
DAG File Processing Stats

File Path                           PID    Runtime      # DAGs    # Errors  Last Runtime    Last Run
----------------------------------  -----  ---------  --------  ----------  --------------  -------------------
/opt/airflow/dags/meteorisk_dag.py                           1           0  0.16s           2026-09-18T11:47:24
================================================================================
[2026-09-18T11:48:17.762+0000] {manager.py:878} INFO - 
================================================================================
DAG File Processing Stats

File Path                           PID    Runtime      # DAGs    # Errors  Last Runtime    Last Run
----------------------------------  -----  ---------  --------  ----------  --------------  -------------------
/opt/airflow/dags/meteorisk_dag.py                           1           0  0.30s           2026-09-18T11:47:54
================================================================================
[2026-09-18T11:48:48.154+0000] {manager.py:878} INFO - 
================================================================================
DAG File Processing Stats

File Path                           PID    Runtime      # DAGs    # Errors  Last Runtime    Last Run
----------------------------------  -----  ---------  --------  ----------  --------------  -------------------
/opt/airflow/dags/meteorisk_dag.py                           1           0  0.49s           2026-09-18T11:48:25
================================================================================
[2026-09-18T11:49:00.668+0000] {manager.py:737} INFO - Searching for files in /opt/airflow/dags
[2026-09-18T11:49:00.719+0000] {manager.py:740} INFO - There are 1 files in /opt/airflow/dags
[2026-09-18T11:49:18.186+0000] {manager.py:878} INFO - 
================================================================================
DAG File Processing Stats

File Path                           PID    Runtime      # DAGs    # Errors  Last Runtime    Last Run
----------------------------------  -----  ---------  --------  ----------  --------------  -------------------
/opt/airflow/dags/meteorisk_dag.py                           1           0  0.40s           2026-09-18T11:48:56
================================================================================
[2026-09-18T11:49:48.456+0000] {manager.py:878} INFO - 
================================================================================
DAG File Processing Stats

File Path                           PID    Runtime      # DAGs    # Errors  Last Runtime    Last Run
----------------------------------  -----  ---------  --------  ----------  --------------  -------------------
/opt/airflow/dags/meteorisk_dag.py                           1           0  0.30s           2026-09-18T11:49:26
================================================================================
[2026-09-18T11:50:18.954+0000] {manager.py:878} INFO - 
================================================================================
DAG File Processing Stats

File Path                           PID    Runtime      # DAGs    # Errors  Last Runtime    Last Run
----------------------------------  -----  ---------  --------  ----------  --------------  -------------------
/opt/airflow/dags/meteorisk_dag.py                           1           0  0.20s           2026-09-18T11:49:56
================================================================================
[2026-09-18T11:50:49.350+0000] {manager.py:878} INFO - 
================================================================================
DAG File Processing Stats

File Path                           PID    Runtime      # DAGs    # Errors  Last Runtime    Last Run
----------------------------------  -----  ---------  --------  ----------  --------------  -------------------
/opt/airflow/dags/meteorisk_dag.py                           1           0  0.22s           2026-09-18T11:50:27
================================================================================
[2026-09-18T11:51:19.580+0000] {manager.py:878} INFO - 
================================================================================
DAG File Processing Stats

File Path                           PID    Runtime      # DAGs    # Errors  Last Runtime    Last Run
----------------------------------  -----  ---------  --------  ----------  --------------  -------------------
/opt/airflow/dags/meteorisk_dag.py                           1           0  0.16s           2026-09-18T11:50:57
================================================================================
[2026-09-18T11:51:49.582+0000] {manager.py:878} INFO - 
================================================================================
DAG File Processing Stats

File Path                           PID    Runtime      # DAGs    # Errors  Last Runtime    Last Run
----------------------------------  -----  ---------  --------  ----------  --------------  -------------------
/opt/airflow/dags/meteorisk_dag.py                           1           0  0.68s           2026-09-18T11:51:28
================================================================================
[2026-09-18T11:52:19.634+0000] {manager.py:878} INFO - 
================================================================================
DAG File Processing Stats

File Path                           PID    Runtime      # DAGs    # Errors  Last Runtime    Last Run
----------------------------------  -----  ---------  --------  ----------  --------------  -------------------
/opt/airflow/dags/meteorisk_dag.py                           1           0  0.17s           2026-09-18T11:51:58
================================================================================
[2026-09-18T11:52:50.076+0000] {manager.py:878} INFO - 
================================================================================
DAG File Processing Stats

File Path                           PID    Runtime      # DAGs    # Errors  Last Runtime    Last Run
----------------------------------  -----  ---------  --------  ----------  --------------  -------------------
/opt/airflow/dags/meteorisk_dag.py                           1           0  0.25s           2026-09-18T11:52:29
================================================================================
[2026-09-18T11:53:20.538+0000] {manager.py:878} INFO - 
================================================================================
DAG File Processing Stats

File Path                           PID    Runtime      # DAGs    # Errors  Last Runtime    Last Run
----------------------------------  -----  ---------  --------  ----------  --------------  -------------------
/opt/airflow/dags/meteorisk_dag.py                           1           0  0.28s           2026-09-18T11:52:59
================================================================================
[2026-09-18T11:53:50.858+0000] {manager.py:878} INFO - 
================================================================================
DAG File Processing Stats

File Path                           PID    Runtime      # DAGs    # Errors  Last Runtime    Last Run
----------------------------------  -----  ---------  --------  ----------  --------------  -------------------
/opt/airflow/dags/meteorisk_dag.py                           1           0  0.25s           2026-09-18T11:53:29
================================================================================
[2026-09-18T11:54:01.092+0000] {manager.py:737} INFO - Searching for files in /opt/airflow/dags
[2026-09-18T11:54:01.149+0000] {manager.py:740} INFO - There are 1 files in /opt/airflow/dags
[2026-09-18T11:54:21.331+0000] {manager.py:878} INFO - 
================================================================================
DAG File Processing Stats

File Path                           PID    Runtime      # DAGs    # Errors  Last Runtime    Last Run
----------------------------------  -----  ---------  --------  ----------  --------------  -------------------
/opt/airflow/dags/meteorisk_dag.py                           1           0  0.45s           2026-09-18T11:54:00
================================================================================
[2026-09-18T11:54:51.839+0000] {manager.py:878} INFO - 
================================================================================
DAG File Processing Stats

File Path                           PID    Runtime      # DAGs    # Errors  Last Runtime    Last Run
----------------------------------  -----  ---------  --------  ----------  --------------  -------------------
/opt/airflow/dags/meteorisk_dag.py                           1           0  0.28s           2026-09-18T11:54:30
================================================================================
[2026-09-18T11:55:22.361+0000] {manager.py:878} INFO - 
================================================================================
DAG File Processing Stats

File Path                           PID    Runtime      # DAGs    # Errors  Last Runtime    Last Run
----------------------------------  -----  ---------  --------  ----------  --------------  -------------------
/opt/airflow/dags/meteorisk_dag.py                           1           0  0.27s           2026-09-18T11:55:01
================================================================================
[2026-09-18T11:55:52.672+0000] {manager.py:878} INFO - 
================================================================================
DAG File Processing Stats

File Path                           PID    Runtime      # DAGs    # Errors  Last Runtime    Last Run
----------------------------------  -----  ---------  --------  ----------  --------------  -------------------
/opt/airflow/dags/meteorisk_dag.py                           1           0  0.24s           2026-09-18T11:55:31
================================================================================
[2026-09-18T11:56:23.128+0000] {manager.py:878} INFO - 
================================================================================
DAG File Processing Stats

File Path                           PID    Runtime      # DAGs    # Errors  Last Runtime    Last Run
----------------------------------  -----  ---------  --------  ----------  --------------  -------------------
/opt/airflow/dags/meteorisk_dag.py                           1           0  0.28s           2026-09-18T11:56:02
================================================================================
[2026-09-18T11:56:53.490+0000] {manager.py:878} INFO - 
================================================================================
DAG File Processing Stats

File Path                           PID    Runtime      # DAGs    # Errors  Last Runtime    Last Run
----------------------------------  -----  ---------  --------  ----------  --------------  -------------------
/opt/airflow/dags/meteorisk_dag.py                           1           0  0.16s           2026-09-18T11:56:32
================================================================================
[2026-09-18T11:57:23.835+0000] {manager.py:878} INFO - 
================================================================================
DAG File Processing Stats

File Path                           PID    Runtime      # DAGs    # Errors  Last Runtime    Last Run
----------------------------------  -----  ---------  --------  ----------  --------------  -------------------
/opt/airflow/dags/meteorisk_dag.py                           1           0  0.24s           2026-09-18T11:57:02
================================================================================
[2026-09-18T11:57:54.280+0000] {manager.py:878} INFO - 
================================================================================
DAG File Processing Stats

File Path                           PID    Runtime      # DAGs    # Errors  Last Runtime    Last Run
----------------------------------  -----  ---------  --------  ----------  --------------  -------------------
/opt/airflow/dags/meteorisk_dag.py                           1           0  0.21s           2026-09-18T11:57:33
================================================================================
[2026-09-18T11:58:24.560+0000] {manager.py:878} INFO - 
================================================================================
DAG File Processing Stats

File Path                           PID    Runtime      # DAGs    # Errors  Last Runtime    Last Run
----------------------------------  -----  ---------  --------  ----------  --------------  -------------------
/opt/airflow/dags/meteorisk_dag.py                           1           0  0.20s           2026-09-18T11:58:03
================================================================================
[2026-09-18T11:58:54.953+0000] {manager.py:878} INFO - 
================================================================================
DAG File Processing Stats

File Path                           PID    Runtime      # DAGs    # Errors  Last Runtime    Last Run
----------------------------------  -----  ---------  --------  ----------  --------------  -------------------
/opt/airflow/dags/meteorisk_dag.py                           1           0  0.33s           2026-09-18T11:58:33
================================================================================
[2026-09-18T11:59:01.192+0000] {manager.py:737} INFO - Searching for files in /opt/airflow/dags
[2026-09-18T11:59:01.224+0000] {manager.py:740} INFO - There are 1 files in /opt/airflow/dags
[2026-09-18T11:59:25.454+0000] {manager.py:878} INFO - 
================================================================================
DAG File Processing Stats

File Path                           PID    Runtime      # DAGs    # Errors  Last Runtime    Last Run
----------------------------------  -----  ---------  --------  ----------  --------------  -------------------
/opt/airflow/dags/meteorisk_dag.py                           1           0  0.25s           2026-09-18T11:59:04
================================================================================
[2026-09-18T11:59:55.793+0000] {manager.py:878} INFO - 
================================================================================
DAG File Processing Stats

File Path                           PID    Runtime      # DAGs    # Errors  Last Runtime    Last Run
----------------------------------  -----  ---------  --------  ----------  --------------  -------------------
/opt/airflow/dags/meteorisk_dag.py                           1           0  0.21s           2026-09-18T11:59:34
================================================================================
[2026-09-18T12:00:26.153+0000] {manager.py:878} INFO - 
================================================================================
DAG File Processing Stats

File Path                           PID    Runtime      # DAGs    # Errors  Last Runtime    Last Run
----------------------------------  -----  ---------  --------  ----------  --------------  -------------------
/opt/airflow/dags/meteorisk_dag.py                           1           0  0.29s           2026-09-18T12:00:05
================================================================================
[2026-09-18T12:00:56.634+0000] {manager.py:878} INFO - 
================================================================================
DAG File Processing Stats

File Path                           PID    Runtime      # DAGs    # Errors  Last Runtime    Last Run
----------------------------------  -----  ---------  --------  ----------  --------------  -------------------
/opt/airflow/dags/meteorisk_dag.py                           1           0  0.23s           2026-09-18T12:00:35
================================================================================
[2026-09-18T12:01:26.953+0000] {manager.py:878} INFO - 
================================================================================
DAG File Processing Stats

File Path                           PID    Runtime      # DAGs    # Errors  Last Runtime    Last Run
----------------------------------  -----  ---------  --------  ----------  --------------  -------------------
/opt/airflow/dags/meteorisk_dag.py                           1           0  0.35s           2026-09-18T12:01:06
================================================================================
[2026-09-18T12:01:57.508+0000] {manager.py:878} INFO - 
================================================================================
DAG File Processing Stats

File Path                           PID    Runtime      # DAGs    # Errors  Last Runtime    Last Run
----------------------------------  -----  ---------  --------  ----------  --------------  -------------------
/opt/airflow/dags/meteorisk_dag.py                           1           0  0.17s           2026-09-18T12:01:36
================================================================================
[2026-09-18T12:02:27.887+0000] {manager.py:878} INFO - 
================================================================================
DAG File Processing Stats

File Path                           PID    Runtime      # DAGs    # Errors  Last Runtime    Last Run
----------------------------------  -----  ---------  --------  ----------  --------------  -------------------
/opt/airflow/dags/meteorisk_dag.py                           1           0  0.27s           2026-09-18T12:02:06
================================================================================
[2026-09-18T12:02:58.122+0000] {manager.py:878} INFO - 
================================================================================
DAG File Processing Stats

File Path                           PID    Runtime      # DAGs    # Errors  Last Runtime    Last Run
----------------------------------  -----  ---------  --------  ----------  --------------  -------------------
/opt/airflow/dags/meteorisk_dag.py                           1           0  0.22s           2026-09-18T12:02:37
================================================================================
[2026-09-18T12:03:28.372+0000] {manager.py:878} INFO - 
================================================================================
DAG File Processing Stats

File Path                           PID    Runtime      # DAGs    # Errors  Last Runtime    Last Run
----------------------------------  -----  ---------  --------  ----------  --------------  -------------------
/opt/airflow/dags/meteorisk_dag.py                           1           0  0.18s           2026-09-18T12:03:07
================================================================================
[2026-09-18T12:03:58.833+0000] {manager.py:878} INFO - 
================================================================================
DAG File Processing Stats

File Path                           PID    Runtime      # DAGs    # Errors  Last Runtime    Last Run
----------------------------------  -----  ---------  --------  ----------  --------------  -------------------
/opt/airflow/dags/meteorisk_dag.py                           1           0  0.31s           2026-09-18T12:03:37
================================================================================
[2026-09-18T12:04:01.855+0000] {manager.py:737} INFO - Searching for files in /opt/airflow/dags
[2026-09-18T12:04:01.982+0000] {manager.py:740} INFO - There are 1 files in /opt/airflow/dags
[2026-09-18T12:04:28.995+0000] {manager.py:878} INFO - 
================================================================================
DAG File Processing Stats

File Path                           PID    Runtime      # DAGs    # Errors  Last Runtime    Last Run
----------------------------------  -----  ---------  --------  ----------  --------------  -------------------
/opt/airflow/dags/meteorisk_dag.py                           1           0  0.72s           2026-09-18T12:04:08
================================================================================
[2026-09-18T12:04:59.370+0000] {manager.py:878} INFO - 
================================================================================
DAG File Processing Stats

File Path                           PID    Runtime      # DAGs    # Errors  Last Runtime    Last Run
----------------------------------  -----  ---------  --------  ----------  --------------  -------------------
/opt/airflow/dags/meteorisk_dag.py                           1           0  0.32s           2026-09-18T12:04:39
================================================================================
[2026-09-18T12:05:29.479+0000] {manager.py:878} INFO - 
================================================================================
DAG File Processing Stats

File Path                           PID    Runtime      # DAGs    # Errors  Last Runtime    Last Run
----------------------------------  -----  ---------  --------  ----------  --------------  -------------------
/opt/airflow/dags/meteorisk_dag.py                           1           0  0.81s           2026-09-18T12:05:10
================================================================================
[2026-09-18T12:05:59.722+0000] {manager.py:878} INFO - 
================================================================================
DAG File Processing Stats

File Path                           PID    Runtime      # DAGs    # Errors  Last Runtime    Last Run
----------------------------------  -----  ---------  --------  ----------  --------------  -------------------
/opt/airflow/dags/meteorisk_dag.py                           1           0  0.22s           2026-09-18T12:05:40
================================================================================
[2026-09-18T12:06:30.179+0000] {manager.py:878} INFO - 
================================================================================
DAG File Processing Stats

File Path                           PID    Runtime      # DAGs    # Errors  Last Runtime    Last Run
----------------------------------  -----  ---------  --------  ----------  --------------  -------------------
/opt/airflow/dags/meteorisk_dag.py                           1           0  0.21s           2026-09-18T12:06:11
================================================================================
[2026-09-18T12:07:00.487+0000] {manager.py:878} INFO - 
================================================================================
DAG File Processing Stats

File Path                           PID    Runtime      # DAGs    # Errors  Last Runtime    Last Run
----------------------------------  -----  ---------  --------  ----------  --------------  -------------------
/opt/airflow/dags/meteorisk_dag.py                           1           0  0.23s           2026-09-18T12:06:41
================================================================================
[2026-09-18T12:07:30.918+0000] {manager.py:878} INFO - 
================================================================================
DAG File Processing Stats

File Path                           PID    Runtime      # DAGs    # Errors  Last Runtime    Last Run
----------------------------------  -----  ---------  --------  ----------  --------------  -------------------
/opt/airflow/dags/meteorisk_dag.py                           1           0  0.25s           2026-09-18T12:07:11
================================================================================
[2026-09-18T12:08:01.277+0000] {manager.py:878} INFO - 
================================================================================
DAG File Processing Stats

File Path                           PID    Runtime      # DAGs    # Errors  Last Runtime    Last Run
----------------------------------  -----  ---------  --------  ----------  --------------  -------------------
/opt/airflow/dags/meteorisk_dag.py                           1           0  0.31s           2026-09-18T12:07:42
================================================================================
[2026-09-18T12:08:31.845+0000] {manager.py:878} INFO - 
================================================================================
DAG File Processing Stats

File Path                           PID    Runtime      # DAGs    # Errors  Last Runtime    Last Run
----------------------------------  -----  ---------  --------  ----------  --------------  -------------------
/opt/airflow/dags/meteorisk_dag.py                           1           0  0.23s           2026-09-18T12:08:12
================================================================================
[2026-09-18T12:09:02.356+0000] {manager.py:737} INFO - Searching for files in /opt/airflow/dags
[2026-09-18T12:09:02.452+0000] {manager.py:740} INFO - There are 1 files in /opt/airflow/dags
[2026-09-18T12:09:02.505+0000] {manager.py:878} INFO - 
================================================================================
DAG File Processing Stats

File Path                           PID    Runtime      # DAGs    # Errors  Last Runtime    Last Run
----------------------------------  -----  ---------  --------  ----------  --------------  -------------------
/opt/airflow/dags/meteorisk_dag.py                           1           0  0.34s           2026-09-18T12:08:43
================================================================================
[2026-09-18T12:09:32.939+0000] {manager.py:878} INFO - 
================================================================================
DAG File Processing Stats

File Path                           PID    Runtime      # DAGs    # Errors  Last Runtime    Last Run
----------------------------------  -----  ---------  --------  ----------  --------------  -------------------
/opt/airflow/dags/meteorisk_dag.py                           1           0  0.34s           2026-09-18T12:09:14
================================================================================
[2026-09-18T12:10:03.513+0000] {manager.py:878} INFO - 
================================================================================
DAG File Processing Stats

File Path                           PID    Runtime      # DAGs    # Errors  Last Runtime    Last Run
----------------------------------  -----  ---------  --------  ----------  --------------  -------------------
/opt/airflow/dags/meteorisk_dag.py                           1           0  0.37s           2026-09-18T12:09:44
================================================================================
[2026-09-18T12:10:33.752+0000] {manager.py:878} INFO - 
================================================================================
DAG File Processing Stats

File Path                           PID    Runtime      # DAGs    # Errors  Last Runtime    Last Run
----------------------------------  -----  ---------  --------  ----------  --------------  -------------------
/opt/airflow/dags/meteorisk_dag.py                           1           0  0.80s           2026-09-18T12:10:15
================================================================================
[2026-09-18T12:11:04.182+0000] {manager.py:878} INFO - 
================================================================================
DAG File Processing Stats

File Path                           PID    Runtime      # DAGs    # Errors  Last Runtime    Last Run
----------------------------------  -----  ---------  --------  ----------  --------------  -------------------
/opt/airflow/dags/meteorisk_dag.py                           1           0  0.27s           2026-09-18T12:10:46
================================================================================
[2026-09-18T12:11:34.534+0000] {manager.py:878} INFO - 
================================================================================
DAG File Processing Stats

File Path                           PID    Runtime      # DAGs    # Errors  Last Runtime    Last Run
----------------------------------  -----  ---------  --------  ----------  --------------  -------------------
/opt/airflow/dags/meteorisk_dag.py                           1           0  0.25s           2026-09-18T12:11:16
================================================================================
[2026-09-18T12:12:05.227+0000] {manager.py:878} INFO - 
================================================================================
DAG File Processing Stats

File Path                           PID    Runtime      # DAGs    # Errors  Last Runtime    Last Run
----------------------------------  -----  ---------  --------  ----------  --------------  -------------------
/opt/airflow/dags/meteorisk_dag.py                           1           0  0.21s           2026-09-18T12:11:47
================================================================================
[2026-09-18T12:12:35.677+0000] {manager.py:878} INFO - 
================================================================================
DAG File Processing Stats

File Path                           PID    Runtime      # DAGs    # Errors  Last Runtime    Last Run
----------------------------------  -----  ---------  --------  ----------  --------------  -------------------
/opt/airflow/dags/meteorisk_dag.py                           1           0  0.37s           2026-09-18T12:12:17
================================================================================
[2026-09-18T12:13:06.160+0000] {manager.py:878} INFO - 
================================================================================
DAG File Processing Stats

File Path                           PID    Runtime      # DAGs    # Errors  Last Runtime    Last Run
----------------------------------  -----  ---------  --------  ----------  --------------  -------------------
/opt/airflow/dags/meteorisk_dag.py                           1           0  0.30s           2026-09-18T12:12:48
================================================================================
[2026-09-18T12:13:36.585+0000] {manager.py:878} INFO - 
================================================================================
DAG File Processing Stats

File Path                           PID    Runtime      # DAGs    # Errors  Last Runtime    Last Run
----------------------------------  -----  ---------  --------  ----------  --------------  -------------------
/opt/airflow/dags/meteorisk_dag.py                           1           0  0.25s           2026-09-18T12:13:18
================================================================================
[2026-09-18T12:14:02.971+0000] {manager.py:737} INFO - Searching for files in /opt/airflow/dags
[2026-09-18T12:14:03.023+0000] {manager.py:740} INFO - There are 1 files in /opt/airflow/dags
[2026-09-18T12:14:07.079+0000] {manager.py:878} INFO - 
================================================================================
DAG File Processing Stats

File Path                           PID    Runtime      # DAGs    # Errors  Last Runtime    Last Run
----------------------------------  -----  ---------  --------  ----------  --------------  -------------------
/opt/airflow/dags/meteorisk_dag.py                           1           0  0.22s           2026-09-18T12:13:48
================================================================================
[2026-09-18T12:14:37.348+0000] {manager.py:878} INFO - 
================================================================================
DAG File Processing Stats

File Path                           PID    Runtime      # DAGs    # Errors  Last Runtime    Last Run
----------------------------------  -----  ---------  --------  ----------  --------------  -------------------
/opt/airflow/dags/meteorisk_dag.py                           1           0  0.23s           2026-09-18T12:14:19
================================================================================
[2026-09-18T12:15:07.810+0000] {manager.py:878} INFO - 
================================================================================
DAG File Processing Stats

File Path                           PID    Runtime      # DAGs    # Errors  Last Runtime    Last Run
----------------------------------  -----  ---------  --------  ----------  --------------  -------------------
/opt/airflow/dags/meteorisk_dag.py                           1           0  0.29s           2026-09-18T12:14:49
================================================================================
[2026-09-18T12:15:38.178+0000] {manager.py:878} INFO - 
================================================================================
DAG File Processing Stats

File Path                           PID    Runtime      # DAGs    # Errors  Last Runtime    Last Run
----------------------------------  -----  ---------  --------  ----------  --------------  -------------------
/opt/airflow/dags/meteorisk_dag.py                           1           0  0.17s           2026-09-18T12:15:20
================================================================================
[2026-09-18T12:16:08.560+0000] {manager.py:878} INFO - 
================================================================================
DAG File Processing Stats

File Path                           PID    Runtime      # DAGs    # Errors  Last Runtime    Last Run
----------------------------------  -----  ---------  --------  ----------  --------------  -------------------
/opt/airflow/dags/meteorisk_dag.py                           1           0  0.35s           2026-09-18T12:15:50
================================================================================
[2026-09-18T12:16:39.175+0000] {manager.py:878} INFO - 
================================================================================
DAG File Processing Stats

File Path                           PID    Runtime      # DAGs    # Errors  Last Runtime    Last Run
----------------------------------  -----  ---------  --------  ----------  --------------  -------------------
/opt/airflow/dags/meteorisk_dag.py                           1           0  0.32s           2026-09-18T12:16:21
================================================================================
[2026-09-18T12:17:09.799+0000] {manager.py:878} INFO - 
================================================================================
DAG File Processing Stats

File Path                           PID    Runtime      # DAGs    # Errors  Last Runtime    Last Run
----------------------------------  -----  ---------  --------  ----------  --------------  -------------------
/opt/airflow/dags/meteorisk_dag.py                           1           0  0.27s           2026-09-18T12:16:51
================================================================================
[2026-09-18T12:17:40.316+0000] {manager.py:878} INFO - 
================================================================================
DAG File Processing Stats

File Path                           PID    Runtime      # DAGs    # Errors  Last Runtime    Last Run
----------------------------------  -----  ---------  --------  ----------  --------------  -------------------
/opt/airflow/dags/meteorisk_dag.py                           1           0  0.35s           2026-09-18T12:17:22
================================================================================
[2026-09-18T12:18:10.730+0000] {manager.py:878} INFO - 
================================================================================
DAG File Processing Stats

File Path                           PID    Runtime      # DAGs    # Errors  Last Runtime    Last Run
----------------------------------  -----  ---------  --------  ----------  --------------  -------------------
/opt/airflow/dags/meteorisk_dag.py                           1           0  0.28s           2026-09-18T12:17:52
================================================================================
[2026-09-18T12:18:41.170+0000] {manager.py:878} INFO - 
================================================================================
DAG File Processing Stats

File Path                           PID    Runtime      # DAGs    # Errors  Last Runtime    Last Run
----------------------------------  -----  ---------  --------  ----------  --------------  -------------------
/opt/airflow/dags/meteorisk_dag.py                           1           0  0.25s           2026-09-18T12:18:23
================================================================================
[2026-09-18T12:19:03.437+0000] {manager.py:737} INFO - Searching for files in /opt/airflow/dags
[2026-09-18T12:19:03.546+0000] {manager.py:740} INFO - There are 1 files in /opt/airflow/dags
[2026-09-18T12:19:11.654+0000] {manager.py:878} INFO - 
================================================================================
DAG File Processing Stats

File Path                           PID    Runtime      # DAGs    # Errors  Last Runtime    Last Run
----------------------------------  -----  ---------  --------  ----------  --------------  -------------------
/opt/airflow/dags/meteorisk_dag.py                           1           0  0.20s           2026-09-18T12:18:53
================================================================================
[2026-09-18T12:19:41.950+0000] {manager.py:878} INFO - 
================================================================================
DAG File Processing Stats

File Path                           PID    Runtime      # DAGs    # Errors  Last Runtime    Last Run
----------------------------------  -----  ---------  --------  ----------  --------------  -------------------
/opt/airflow/dags/meteorisk_dag.py                           1           0  0.20s           2026-09-18T12:19:23
================================================================================
[2026-09-18T12:20:12.435+0000] {manager.py:878} INFO - 
================================================================================
DAG File Processing Stats

File Path                           PID    Runtime      # DAGs    # Errors  Last Runtime    Last Run
----------------------------------  -----  ---------  --------  ----------  --------------  -------------------
/opt/airflow/dags/meteorisk_dag.py                           1           0  0.29s           2026-09-18T12:19:54
================================================================================
[2026-09-18T12:20:42.855+0000] {manager.py:878} INFO - 
================================================================================
DAG File Processing Stats

File Path                           PID    Runtime      # DAGs    # Errors  Last Runtime    Last Run
----------------------------------  -----  ---------  --------  ----------  --------------  -------------------
/opt/airflow/dags/meteorisk_dag.py                           1           0  0.21s           2026-09-18T12:20:24
================================================================================
[2026-09-18T12:21:13.226+0000] {manager.py:878} INFO - 
================================================================================
DAG File Processing Stats

File Path                           PID    Runtime      # DAGs    # Errors  Last Runtime    Last Run
----------------------------------  -----  ---------  --------  ----------  --------------  -------------------
/opt/airflow/dags/meteorisk_dag.py                           1           0  0.33s           2026-09-18T12:20:55
================================================================================
[2026-09-18T12:21:43.816+0000] {manager.py:878} INFO - 
================================================================================
DAG File Processing Stats

File Path                           PID    Runtime      # DAGs    # Errors  Last Runtime    Last Run
----------------------------------  -----  ---------  --------  ----------  --------------  -------------------
/opt/airflow/dags/meteorisk_dag.py                           1           0  0.30s           2026-09-18T12:21:25
================================================================================
[2026-09-18T12:22:14.108+0000] {manager.py:878} INFO - 
================================================================================
DAG File Processing Stats

File Path                           PID    Runtime      # DAGs    # Errors  Last Runtime    Last Run
----------------------------------  -----  ---------  --------  ----------  --------------  -------------------
/opt/airflow/dags/meteorisk_dag.py                           1           0  0.25s           2026-09-18T12:21:56
================================================================================
[2026-09-18T12:22:44.582+0000] {manager.py:878} INFO - 
================================================================================
DAG File Processing Stats

File Path                           PID    Runtime      # DAGs    # Errors  Last Runtime    Last Run
----------------------------------  -----  ---------  --------  ----------  --------------  -------------------
/opt/airflow/dags/meteorisk_dag.py                           1           0  0.25s           2026-09-18T12:22:26
================================================================================
[2026-09-18T12:23:14.938+0000] {manager.py:878} INFO - 
================================================================================
DAG File Processing Stats

File Path                           PID    Runtime      # DAGs    # Errors  Last Runtime    Last Run
----------------------------------  -----  ---------  --------  ----------  --------------  -------------------
/opt/airflow/dags/meteorisk_dag.py                           1           0  0.29s           2026-09-18T12:22:57
================================================================================
[2026-09-18T12:23:45.500+0000] {manager.py:878} INFO - 
================================================================================
DAG File Processing Stats

File Path                           PID    Runtime      # DAGs    # Errors  Last Runtime    Last Run
----------------------------------  -----  ---------  --------  ----------  --------------  -------------------
/opt/airflow/dags/meteorisk_dag.py                           1           0  0.35s           2026-09-18T12:23:27
================================================================================
[2026-09-18T12:24:03.782+0000] {manager.py:737} INFO - Searching for files in /opt/airflow/dags
[2026-09-18T12:24:03.836+0000] {manager.py:740} INFO - There are 1 files in /opt/airflow/dags
[2026-09-18T12:24:15.980+0000] {manager.py:878} INFO - 
================================================================================
DAG File Processing Stats

File Path                           PID    Runtime      # DAGs    # Errors  Last Runtime    Last Run
----------------------------------  -----  ---------  --------  ----------  --------------  -------------------
/opt/airflow/dags/meteorisk_dag.py                           1           0  0.31s           2026-09-18T12:23:57
================================================================================
[2026-09-18T12:24:46.433+0000] {manager.py:878} INFO - 
================================================================================
DAG File Processing Stats

File Path                           PID    Runtime      # DAGs    # Errors  Last Runtime    Last Run
----------------------------------  -----  ---------  --------  ----------  --------------  -------------------
/opt/airflow/dags/meteorisk_dag.py                           1           0  0.24s           2026-09-18T12:24:28
================================================================================
[2026-09-18T12:25:16.790+0000] {manager.py:878} INFO - 
================================================================================
DAG File Processing Stats

File Path                           PID    Runtime      # DAGs    # Errors  Last Runtime    Last Run
----------------------------------  -----  ---------  --------  ----------  --------------  -------------------
/opt/airflow/dags/meteorisk_dag.py                           1           0  0.25s           2026-09-18T12:24:58
================================================================================
[2026-09-18T12:25:47.239+0000] {manager.py:878} INFO - 
================================================================================
DAG File Processing Stats

File Path                           PID    Runtime      # DAGs    # Errors  Last Runtime    Last Run
----------------------------------  -----  ---------  --------  ----------  --------------  -------------------
/opt/airflow/dags/meteorisk_dag.py                           1           0  0.24s           2026-09-18T12:25:29
================================================================================
[2026-09-18T12:26:17.595+0000] {manager.py:878} INFO - 
================================================================================
DAG File Processing Stats

File Path                           PID    Runtime      # DAGs    # Errors  Last Runtime    Last Run
----------------------------------  -----  ---------  --------  ----------  --------------  -------------------
/opt/airflow/dags/meteorisk_dag.py                           1           0  0.19s           2026-09-18T12:25:59
================================================================================
[2026-09-18T12:26:47.982+0000] {manager.py:878} INFO - 
================================================================================
DAG File Processing Stats

File Path                           PID    Runtime      # DAGs    # Errors  Last Runtime    Last Run
----------------------------------  -----  ---------  --------  ----------  --------------  -------------------
/opt/airflow/dags/meteorisk_dag.py                           1           0  0.24s           2026-09-18T12:26:29
================================================================================
[2026-09-18T12:27:18.426+0000] {manager.py:878} INFO - 
================================================================================
DAG File Processing Stats

File Path                           PID    Runtime      # DAGs    # Errors  Last Runtime    Last Run
----------------------------------  -----  ---------  --------  ----------  --------------  -------------------
/opt/airflow/dags/meteorisk_dag.py                           1           0  0.28s           2026-09-18T12:27:00
================================================================================
[2026-09-18T12:27:48.862+0000] {manager.py:878} INFO - 
================================================================================
DAG File Processing Stats

File Path                           PID    Runtime      # DAGs    # Errors  Last Runtime    Last Run
----------------------------------  -----  ---------  --------  ----------  --------------  -------------------
/opt/airflow/dags/meteorisk_dag.py                           1           0  0.30s           2026-09-18T12:27:30
================================================================================
[2026-09-18T12:28:19.305+0000] {manager.py:878} INFO - 
================================================================================
DAG File Processing Stats

File Path                           PID    Runtime      # DAGs    # Errors  Last Runtime    Last Run
----------------------------------  -----  ---------  --------  ----------  --------------  -------------------
/opt/airflow/dags/meteorisk_dag.py                           1           0  0.23s           2026-09-18T12:28:01
================================================================================
[2026-09-18T12:28:49.735+0000] {manager.py:878} INFO - 
================================================================================
DAG File Processing Stats

File Path                           PID    Runtime      # DAGs    # Errors  Last Runtime    Last Run
----------------------------------  -----  ---------  --------  ----------  --------------  -------------------
/opt/airflow/dags/meteorisk_dag.py                           1           0  0.19s           2026-09-18T12:28:31
================================================================================
[2026-09-18T12:29:03.915+0000] {manager.py:737} INFO - Searching for files in /opt/airflow/dags
[2026-09-18T12:29:03.998+0000] {manager.py:740} INFO - There are 1 files in /opt/airflow/dags
[2026-09-18T12:29:20.183+0000] {manager.py:878} INFO - 
================================================================================
DAG File Processing Stats

File Path                           PID    Runtime      # DAGs    # Errors  Last Runtime    Last Run
----------------------------------  -----  ---------  --------  ----------  --------------  -------------------
/opt/airflow/dags/meteorisk_dag.py                           1           0  0.31s           2026-09-18T12:29:02
================================================================================
[2026-09-18T12:29:50.628+0000] {manager.py:878} INFO - 
================================================================================
DAG File Processing Stats

File Path                           PID    Runtime      # DAGs    # Errors  Last Runtime    Last Run
----------------------------------  -----  ---------  --------  ----------  --------------  -------------------
/opt/airflow/dags/meteorisk_dag.py                           1           0  0.24s           2026-09-18T12:29:32
================================================================================
[2026-09-18T12:30:20.997+0000] {manager.py:878} INFO - 
================================================================================
DAG File Processing Stats

File Path                           PID    Runtime      # DAGs    # Errors  Last Runtime    Last Run
----------------------------------  -----  ---------  --------  ----------  --------------  -------------------
/opt/airflow/dags/meteorisk_dag.py                           1           0  0.18s           2026-09-18T12:30:02
================================================================================
[2026-09-18T12:30:51.345+0000] {manager.py:878} INFO - 
================================================================================
DAG File Processing Stats

File Path                           PID    Runtime      # DAGs    # Errors  Last Runtime    Last Run
----------------------------------  -----  ---------  --------  ----------  --------------  -------------------
/opt/airflow/dags/meteorisk_dag.py                           1           0  0.19s           2026-09-18T12:30:33
================================================================================
[2026-09-18T12:31:21.723+0000] {manager.py:878} INFO - 
================================================================================
DAG File Processing Stats

File Path                           PID    Runtime      # DAGs    # Errors  Last Runtime    Last Run
----------------------------------  -----  ---------  --------  ----------  --------------  -------------------
/opt/airflow/dags/meteorisk_dag.py                           1           0  0.21s           2026-09-18T12:31:03
================================================================================
[2026-09-18T12:31:52.105+0000] {manager.py:878} INFO - 
================================================================================
DAG File Processing Stats

File Path                           PID    Runtime      # DAGs    # Errors  Last Runtime    Last Run
----------------------------------  -----  ---------  --------  ----------  --------------  -------------------
/opt/airflow/dags/meteorisk_dag.py                           1           0  0.27s           2026-09-18T12:31:34
================================================================================
[2026-09-18T12:32:22.589+0000] {manager.py:878} INFO - 
================================================================================
DAG File Processing Stats

File Path                           PID    Runtime      # DAGs    # Errors  Last Runtime    Last Run
----------------------------------  -----  ---------  --------  ----------  --------------  -------------------
/opt/airflow/dags/meteorisk_dag.py                           1           0  0.33s           2026-09-18T12:32:04
================================================================================
[2026-09-18T12:32:53.041+0000] {manager.py:878} INFO - 
================================================================================
DAG File Processing Stats

File Path                           PID    Runtime      # DAGs    # Errors  Last Runtime    Last Run
----------------------------------  -----  ---------  --------  ----------  --------------  -------------------
/opt/airflow/dags/meteorisk_dag.py                           1           0  0.28s           2026-09-18T12:32:35
================================================================================
[2026-09-18T12:33:23.456+0000] {manager.py:878} INFO - 
================================================================================
DAG File Processing Stats

File Path                           PID    Runtime      # DAGs    # Errors  Last Runtime    Last Run
----------------------------------  -----  ---------  --------  ----------  --------------  -------------------
/opt/airflow/dags/meteorisk_dag.py                           1           0  0.24s           2026-09-18T12:33:05
================================================================================
[2026-09-18T12:33:53.813+0000] {manager.py:878} INFO - 
================================================================================
DAG File Processing Stats

File Path                           PID    Runtime      # DAGs    # Errors  Last Runtime    Last Run
----------------------------------  -----  ---------  --------  ----------  --------------  -------------------
/opt/airflow/dags/meteorisk_dag.py                           1           0  0.25s           2026-09-18T12:33:35
================================================================================
[2026-09-18T12:34:04.057+0000] {manager.py:737} INFO - Searching for files in /opt/airflow/dags
[2026-09-18T12:34:04.109+0000] {manager.py:740} INFO - There are 1 files in /opt/airflow/dags
[2026-09-18T12:34:24.296+0000] {manager.py:878} INFO - 
================================================================================
DAG File Processing Stats

File Path                           PID    Runtime      # DAGs    # Errors  Last Runtime    Last Run
----------------------------------  -----  ---------  --------  ----------  --------------  -------------------
/opt/airflow/dags/meteorisk_dag.py                           1           0  0.21s           2026-09-18T12:34:06
================================================================================
[2026-09-18T12:34:54.606+0000] {manager.py:878} INFO - 
================================================================================
DAG File Processing Stats

File Path                           PID    Runtime      # DAGs    # Errors  Last Runtime    Last Run
----------------------------------  -----  ---------  --------  ----------  --------------  -------------------
/opt/airflow/dags/meteorisk_dag.py                           1           0  0.27s           2026-09-18T12:34:36
================================================================================
[2026-09-18T12:35:25.162+0000] {manager.py:878} INFO - 
================================================================================
DAG File Processing Stats

File Path                           PID    Runtime      # DAGs    # Errors  Last Runtime    Last Run
----------------------------------  -----  ---------  --------  ----------  --------------  -------------------
/opt/airflow/dags/meteorisk_dag.py                           1           0  0.19s           2026-09-18T12:35:07
================================================================================
[2026-09-18T12:35:55.637+0000] {manager.py:878} INFO - 
================================================================================
DAG File Processing Stats

File Path                           PID    Runtime      # DAGs    # Errors  Last Runtime    Last Run
----------------------------------  -----  ---------  --------  ----------  --------------  -------------------
/opt/airflow/dags/meteorisk_dag.py                           1           0  0.34s           2026-09-18T12:35:37
================================================================================
[2026-09-18T12:36:26.100+0000] {manager.py:878} INFO - 
================================================================================
DAG File Processing Stats

File Path                           PID    Runtime      # DAGs    # Errors  Last Runtime    Last Run
----------------------------------  -----  ---------  --------  ----------  --------------  -------------------
/opt/airflow/dags/meteorisk_dag.py                           1           0  0.25s           2026-09-18T12:36:08
================================================================================
[2026-09-18T12:36:56.494+0000] {manager.py:878} INFO - 
================================================================================
DAG File Processing Stats

File Path                           PID    Runtime      # DAGs    # Errors  Last Runtime    Last Run
----------------------------------  -----  ---------  --------  ----------  --------------  -------------------
/opt/airflow/dags/meteorisk_dag.py                           1           0  0.23s           2026-09-18T12:36:38
================================================================================
[2026-09-18T12:37:26.975+0000] {manager.py:878} INFO - 
================================================================================
DAG File Processing Stats

File Path                           PID    Runtime      # DAGs    # Errors  Last Runtime    Last Run
----------------------------------  -----  ---------  --------  ----------  --------------  -------------------
/opt/airflow/dags/meteorisk_dag.py                           1           0  0.26s           2026-09-18T12:37:08
================================================================================
[2026-09-18T12:37:57.297+0000] {manager.py:878} INFO - 
================================================================================
DAG File Processing Stats

File Path                           PID    Runtime      # DAGs    # Errors  Last Runtime    Last Run
----------------------------------  -----  ---------  --------  ----------  --------------  -------------------
/opt/airflow/dags/meteorisk_dag.py                           1           0  0.22s           2026-09-18T12:37:39
================================================================================
[2026-09-18T12:38:27.702+0000] {manager.py:878} INFO - 
================================================================================
DAG File Processing Stats

File Path                           PID    Runtime      # DAGs    # Errors  Last Runtime    Last Run
----------------------------------  -----  ---------  --------  ----------  --------------  -------------------
/opt/airflow/dags/meteorisk_dag.py                           1           0  0.18s           2026-09-18T12:38:09
================================================================================
[2026-09-18T12:38:57.968+0000] {manager.py:878} INFO - 
================================================================================
DAG File Processing Stats

File Path                           PID    Runtime      # DAGs    # Errors  Last Runtime    Last Run
----------------------------------  -----  ---------  --------  ----------  --------------  -------------------
/opt/airflow/dags/meteorisk_dag.py                           1           0  0.21s           2026-09-18T12:38:40
================================================================================
[2026-09-18T12:39:04.196+0000] {manager.py:737} INFO - Searching for files in /opt/airflow/dags
[2026-09-18T12:39:04.293+0000] {manager.py:740} INFO - There are 1 files in /opt/airflow/dags
[2026-09-18T12:39:28.263+0000] {manager.py:878} INFO - 
================================================================================
DAG File Processing Stats

File Path                           PID    Runtime      # DAGs    # Errors  Last Runtime    Last Run
----------------------------------  -----  ---------  --------  ----------  --------------  -------------------
/opt/airflow/dags/meteorisk_dag.py                           1           0  0.25s           2026-09-18T12:39:10
================================================================================
[2026-09-18T12:39:58.795+0000] {manager.py:878} INFO - 
================================================================================
DAG File Processing Stats

File Path                           PID    Runtime      # DAGs    # Errors  Last Runtime    Last Run
----------------------------------  -----  ---------  --------  ----------  --------------  -------------------
/opt/airflow/dags/meteorisk_dag.py                           1           0  0.25s           2026-09-18T12:39:40
================================================================================
